/*
 Navicat Premium Data Transfer

 Source Server         : mysql_lp
 Source Server Type    : MySQL
 Source Server Version : 80026
 Source Host           : localhost:3306
 Source Schema         : erahub-cloud

 Target Server Type    : MySQL
 Target Server Version : 80026
 File Encoding         : 65001

 Date: 06/11/2022 09:59:44
*/

SET NAMES utf8mb4;
SET FOREIGN_KEY_CHECKS = 0;

-- ----------------------------
-- Table structure for bs_notice
-- ----------------------------
DROP TABLE IF EXISTS `bs_notice`;
CREATE TABLE `bs_notice`  (
  `notice_id` bigint(0) NOT NULL COMMENT '公告ID',
  `notice_title` varchar(50) CHARACTER SET utf8 COLLATE utf8_general_ci NOT NULL COMMENT '公告标题',
  `notice_type` char(1) CHARACTER SET utf8 COLLATE utf8_general_ci NOT NULL COMMENT '公告类型（1通知 2公告）',
  `notice_content` longblob NULL COMMENT '公告内容',
  `status` char(1) CHARACTER SET utf8 COLLATE utf8_general_ci NULL DEFAULT '0' COMMENT '公告状态（0正常 1关闭）',
  `create_by` varchar(64) CHARACTER SET utf8 COLLATE utf8_general_ci NULL DEFAULT '' COMMENT '创建者',
  `create_time` datetime(0) NULL DEFAULT NULL COMMENT '创建时间',
  `update_by` varchar(64) CHARACTER SET utf8 COLLATE utf8_general_ci NULL DEFAULT '' COMMENT '更新者',
  `update_time` datetime(0) NULL DEFAULT NULL COMMENT '更新时间',
  `remark` varchar(255) CHARACTER SET utf8 COLLATE utf8_general_ci NULL DEFAULT NULL COMMENT '备注',
  PRIMARY KEY (`notice_id`) USING BTREE
) ENGINE = InnoDB CHARACTER SET = utf8 COLLATE = utf8_general_ci COMMENT = '通知公告表' ROW_FORMAT = Dynamic;

-- ----------------------------
-- Records of bs_notice
-- ----------------------------

-- ----------------------------
-- Table structure for bs_oss
-- ----------------------------
DROP TABLE IF EXISTS `bs_oss`;
CREATE TABLE `bs_oss`  (
  `oss_id` bigint(0) NOT NULL COMMENT '对象存储主键',
  `file_name` varchar(255) CHARACTER SET utf8 COLLATE utf8_general_ci NOT NULL DEFAULT '' COMMENT '文件名',
  `original_name` varchar(255) CHARACTER SET utf8 COLLATE utf8_general_ci NOT NULL DEFAULT '' COMMENT '原名',
  `file_suffix` varchar(10) CHARACTER SET utf8 COLLATE utf8_general_ci NOT NULL DEFAULT '' COMMENT '文件后缀名',
  `url` varchar(500) CHARACTER SET utf8 COLLATE utf8_general_ci NOT NULL COMMENT 'URL地址',
  `create_time` datetime(0) NULL DEFAULT NULL COMMENT '创建时间',
  `create_by` varchar(64) CHARACTER SET utf8 COLLATE utf8_general_ci NULL DEFAULT '' COMMENT '上传人',
  `update_time` datetime(0) NULL DEFAULT NULL COMMENT '更新时间',
  `update_by` varchar(64) CHARACTER SET utf8 COLLATE utf8_general_ci NULL DEFAULT '' COMMENT '更新人',
  `service` varchar(10) CHARACTER SET utf8 COLLATE utf8_general_ci NOT NULL DEFAULT 'minio' COMMENT '服务商',
  PRIMARY KEY (`oss_id`) USING BTREE
) ENGINE = InnoDB CHARACTER SET = utf8 COLLATE = utf8_general_ci COMMENT = 'OSS对象存储表' ROW_FORMAT = Dynamic;

-- ----------------------------
-- Records of bs_oss
-- ----------------------------
INSERT INTO `bs_oss` VALUES (1576797733099655169, '2022/10/03/7633f91242d4468cb31dd1274085d22f.png', '1111111.png', '.png', 'http://127.0.0.1:9000/erahub/2022/10/03/7633f91242d4468cb31dd1274085d22f.png', '2022-10-03 12:54:10', 'admin', '2022-10-03 12:54:10', 'admin', 'minio');
INSERT INTO `bs_oss` VALUES (1587965701778587650, '2022/11/03/537236bb2f154989937c01397fbd74e9.jpg', '1580571204769.jpg', '.jpg', 'http://127.0.0.1:9000/erahub/2022/11/03/537236bb2f154989937c01397fbd74e9.jpg', '2022-11-03 08:31:41', 'admin', '2022-11-03 08:31:41', 'admin', 'minio');
INSERT INTO `bs_oss` VALUES (1588094244554608641, '2022/11/03/f7b4be827e554cb0ac4ac31fb16b0c33.jpg', '9B6D9E1D307D0E8E280D603E8E75B45F.jpg', '.jpg', 'http://127.0.0.1:9000/erahub/2022/11/03/f7b4be827e554cb0ac4ac31fb16b0c33.jpg', '2022-11-03 17:02:28', 'test01', '2022-11-03 17:02:28', 'test01', 'minio');
INSERT INTO `bs_oss` VALUES (1588823458208006146, '2022/11/05/d57d668077674536b839436271b2fb12.jpg', '2be4264be9b35a5755298952340d31556167e027_raw.jpg', '.jpg', 'http://127.0.0.1:9000/erahub/2022/11/05/d57d668077674536b839436271b2fb12.jpg', '2022-11-05 17:20:06', 'admin', '2022-11-05 17:20:06', 'admin', 'minio');
INSERT INTO `bs_oss` VALUES (1588836378111348738, '2022/11/05/85462dc7b45e426e9d9c887ad11bc226.jpg', '-1c1009017f8b7159.jpg', '.jpg', 'http://127.0.0.1:9000/erahub/2022/11/05/85462dc7b45e426e9d9c887ad11bc226.jpg', '2022-11-05 18:11:26', 'admin', '2022-11-05 18:11:26', 'admin', 'minio');
INSERT INTO `bs_oss` VALUES (1589069142723010561, '2022/11/06/1d3688c58e90499bbe93d91208f97992.jpg', '6e7c20e6027f961c19cb0c032d64962cc25f5a8a_raw.jpg', '.jpg', 'http://127.0.0.1:9000/erahub/2022/11/06/1d3688c58e90499bbe93d91208f97992.jpg', '2022-11-06 09:36:22', 'test01', '2022-11-06 09:36:22', 'test01', 'minio');
INSERT INTO `bs_oss` VALUES (1589071586181955586, '2022/11/06/bdcabd10989446cdbf38d623e1747929.jpg', '-1b1a7260f5581b4e.jpg', '.jpg', 'http://127.0.0.1:9000/erahub/2022/11/06/bdcabd10989446cdbf38d623e1747929.jpg', '2022-11-06 09:46:04', 'admin', '2022-11-06 09:46:04', 'admin', 'minio');
INSERT INTO `bs_oss` VALUES (1589071597439467521, '2022/11/06/3eef1e2afcd5454892b150817e40166f.jpg', '-1de35f61cb2a15bf.jpg', '.jpg', 'http://127.0.0.1:9000/erahub/2022/11/06/3eef1e2afcd5454892b150817e40166f.jpg', '2022-11-06 09:46:07', 'admin', '2022-11-06 09:46:07', 'admin', 'minio');
INSERT INTO `bs_oss` VALUES (1589071886171160577, '2022/11/06/ed0e52124f124743bb7ad775a76c4f27.jpg', '4d53c49c3fdb6ed9476748e27973f964fcc79720.jpg', '.jpg', 'http://127.0.0.1:9000/erahub/2022/11/06/ed0e52124f124743bb7ad775a76c4f27.jpg', '2022-11-06 09:47:16', 'admin', '2022-11-06 09:47:16', 'admin', 'minio');
INSERT INTO `bs_oss` VALUES (1589071886234075138, '2022/11/06/11deee09da1645869d636c62f77af1a3.jpg', 'null-21402ac2c14a52b8.jpg', '.jpg', 'http://127.0.0.1:9000/erahub/2022/11/06/11deee09da1645869d636c62f77af1a3.jpg', '2022-11-06 09:47:16', 'admin', '2022-11-06 09:47:16', 'admin', 'minio');
INSERT INTO `bs_oss` VALUES (1589071886364098561, '2022/11/06/bd924211840d4122b5bdef47d1335a29.jpg', '6fda9fc715ad61e2a439fbd606a86a7e5080f2dc_raw.jpg', '.jpg', 'http://127.0.0.1:9000/erahub/2022/11/06/bd924211840d4122b5bdef47d1335a29.jpg', '2022-11-06 09:47:16', 'admin', '2022-11-06 09:47:16', 'admin', 'minio');

-- ----------------------------
-- Table structure for bs_oss_config
-- ----------------------------
DROP TABLE IF EXISTS `bs_oss_config`;
CREATE TABLE `bs_oss_config`  (
  `oss_config_id` bigint(0) NOT NULL COMMENT '主建',
  `config_key` varchar(255) CHARACTER SET utf8 COLLATE utf8_general_ci NOT NULL DEFAULT '' COMMENT '配置key',
  `access_key` varchar(255) CHARACTER SET utf8 COLLATE utf8_general_ci NULL DEFAULT '' COMMENT 'accessKey',
  `secret_key` varchar(255) CHARACTER SET utf8 COLLATE utf8_general_ci NULL DEFAULT '' COMMENT '秘钥',
  `bucket_name` varchar(255) CHARACTER SET utf8 COLLATE utf8_general_ci NULL DEFAULT '' COMMENT '桶名称',
  `prefix` varchar(255) CHARACTER SET utf8 COLLATE utf8_general_ci NULL DEFAULT '' COMMENT '前缀',
  `endpoint` varchar(255) CHARACTER SET utf8 COLLATE utf8_general_ci NULL DEFAULT '' COMMENT '访问站点',
  `domain` varchar(255) CHARACTER SET utf8 COLLATE utf8_general_ci NULL DEFAULT '' COMMENT '自定义域名',
  `is_https` char(1) CHARACTER SET utf8 COLLATE utf8_general_ci NULL DEFAULT 'N' COMMENT '是否https（Y=是,N=否）',
  `region` varchar(255) CHARACTER SET utf8 COLLATE utf8_general_ci NULL DEFAULT '' COMMENT '域',
  `status` char(1) CHARACTER SET utf8 COLLATE utf8_general_ci NULL DEFAULT '1' COMMENT '状态（0=正常,1=停用）',
  `ext1` varchar(255) CHARACTER SET utf8 COLLATE utf8_general_ci NULL DEFAULT '' COMMENT '扩展字段',
  `create_by` varchar(64) CHARACTER SET utf8 COLLATE utf8_general_ci NULL DEFAULT '' COMMENT '创建者',
  `create_time` datetime(0) NULL DEFAULT NULL COMMENT '创建时间',
  `update_by` varchar(64) CHARACTER SET utf8 COLLATE utf8_general_ci NULL DEFAULT '' COMMENT '更新者',
  `update_time` datetime(0) NULL DEFAULT NULL COMMENT '更新时间',
  `remark` varchar(500) CHARACTER SET utf8 COLLATE utf8_general_ci NULL DEFAULT NULL COMMENT '备注',
  PRIMARY KEY (`oss_config_id`) USING BTREE
) ENGINE = InnoDB CHARACTER SET = utf8 COLLATE = utf8_general_ci COMMENT = '对象存储配置表' ROW_FORMAT = Dynamic;

-- ----------------------------
-- Records of bs_oss_config
-- ----------------------------
INSERT INTO `bs_oss_config` VALUES (1, 'minio', 'minioadmin', 'minioadmin', 'erahub', '', '127.0.0.1:9000', '', 'N', '', '0', '', 'admin', '2022-09-10 17:10:48', 'test01', '2022-11-06 09:35:54', '');
INSERT INTO `bs_oss_config` VALUES (2, 'qiniu', 'XXXXXXXXXXXXXXX', 'XXXXXXXXXXXXXXX', 'erahub', '', 's3-cn-north-1.qiniucs.com', '', 'N', '', '1', '', 'admin', '2022-09-10 17:10:48', 'admin', '2022-09-12 17:04:33', '');
INSERT INTO `bs_oss_config` VALUES (3, 'aliyun', 'XXXXXXXXXXXXXXX', 'XXXXXXXXXXXXXXX', 'erahub', '', 'oss-cn-beijing.aliyuncs.com', '', 'N', '', '1', '', 'admin', '2022-09-10 17:10:48', 'admin', '2022-09-12 10:29:29', '');
INSERT INTO `bs_oss_config` VALUES (4, 'qcloud', 'XXXXXXXXXXXXXXX', 'XXXXXXXXXXXXXXX', 'erahub-1250000000', '', 'cos.ap-beijing.myqcloud.com', '', 'N', 'ap-beijing', '1', '', 'admin', '2022-09-10 17:10:48', 'admin', '2022-09-12 10:29:33', '');
INSERT INTO `bs_oss_config` VALUES (5, 'image', 'erahub', 'erahub123', 'erahub', 'image', '127.0.0.1:9000', '', 'N', '', '1', '', 'admin', '2022-09-10 17:10:48', 'admin', '2022-09-12 10:29:41', '');

-- ----------------------------
-- Table structure for sys_config
-- ----------------------------
DROP TABLE IF EXISTS `sys_config`;
CREATE TABLE `sys_config`  (
  `config_id` bigint(0) NOT NULL COMMENT '参数主键',
  `config_name` varchar(100) CHARACTER SET utf8 COLLATE utf8_general_ci NULL DEFAULT '' COMMENT '参数名称',
  `config_key` varchar(100) CHARACTER SET utf8 COLLATE utf8_general_ci NULL DEFAULT '' COMMENT '参数键名',
  `config_value` varchar(500) CHARACTER SET utf8 COLLATE utf8_general_ci NULL DEFAULT '' COMMENT '参数键值',
  `config_type` char(1) CHARACTER SET utf8 COLLATE utf8_general_ci NULL DEFAULT 'N' COMMENT '系统内置（Y是 N否）',
  `create_by` varchar(64) CHARACTER SET utf8 COLLATE utf8_general_ci NULL DEFAULT '' COMMENT '创建者',
  `create_time` datetime(0) NULL DEFAULT NULL COMMENT '创建时间',
  `update_by` varchar(64) CHARACTER SET utf8 COLLATE utf8_general_ci NULL DEFAULT '' COMMENT '更新者',
  `update_time` datetime(0) NULL DEFAULT NULL COMMENT '更新时间',
  `remark` varchar(500) CHARACTER SET utf8 COLLATE utf8_general_ci NULL DEFAULT NULL COMMENT '备注',
  PRIMARY KEY (`config_id`) USING BTREE
) ENGINE = InnoDB CHARACTER SET = utf8 COLLATE = utf8_general_ci COMMENT = '参数配置表' ROW_FORMAT = Dynamic;

-- ----------------------------
-- Records of sys_config
-- ----------------------------
INSERT INTO `sys_config` VALUES (1, '主框架页-默认皮肤样式名称', 'sys.index.skinName', 'skin-blue', 'Y', 'admin', '2022-09-10 17:10:48', 'admin', '2022-09-20 15:14:41', '蓝色 skin-blue、绿色 skin-green、紫色 skin-purple、红色 skin-red、黄色 skin-yellow');
INSERT INTO `sys_config` VALUES (2, '用户管理-账号初始密码', 'sys.user.initPassword', '123456', 'Y', 'admin', '2022-09-10 17:10:48', 'admin', '2022-09-20 14:39:07', '初始化密码 123456');
INSERT INTO `sys_config` VALUES (3, '主框架页-侧边栏主题', 'sys.index.sideTheme', 'theme-dark', 'Y', 'admin', '2022-09-10 17:10:48', 'admin', '2022-09-20 15:14:48', '深色主题theme-dark，浅色主题theme-light');
INSERT INTO `sys_config` VALUES (4, '账号自助-是否开启用户注册功能', 'sys.account.registerUser', 'false', 'Y', 'admin', '2022-09-10 17:10:48', 'admin', '2022-09-19 10:28:31', '是否开启注册用户功能（true开启，false关闭）');
INSERT INTO `sys_config` VALUES (11, 'OSS预览列表资源开关', 'sys.oss.previewListResource', 'true', 'Y', 'admin', '2022-09-10 17:10:48', 'test01', '2022-11-05 18:41:22', 'true:开启, false:关闭');

-- ----------------------------
-- Table structure for sys_dept
-- ----------------------------
DROP TABLE IF EXISTS `sys_dept`;
CREATE TABLE `sys_dept`  (
  `dept_id` bigint(0) NOT NULL COMMENT '部门id',
  `parent_id` bigint(0) NULL DEFAULT 0 COMMENT '父部门id',
  `ancestors` varchar(500) CHARACTER SET utf8 COLLATE utf8_general_ci NULL DEFAULT '' COMMENT '祖级列表',
  `dept_name` varchar(30) CHARACTER SET utf8 COLLATE utf8_general_ci NULL DEFAULT '' COMMENT '部门名称',
  `order_num` int(0) NULL DEFAULT 0 COMMENT '显示顺序',
  `leader` varchar(20) CHARACTER SET utf8 COLLATE utf8_general_ci NULL DEFAULT NULL COMMENT '负责人',
  `phone` varchar(11) CHARACTER SET utf8 COLLATE utf8_general_ci NULL DEFAULT NULL COMMENT '联系电话',
  `email` varchar(50) CHARACTER SET utf8 COLLATE utf8_general_ci NULL DEFAULT NULL COMMENT '邮箱',
  `status` char(1) CHARACTER SET utf8 COLLATE utf8_general_ci NULL DEFAULT '0' COMMENT '部门状态（0正常 1停用）',
  `del_flag` char(1) CHARACTER SET utf8 COLLATE utf8_general_ci NULL DEFAULT '0' COMMENT '删除标志（0代表存在 2代表删除）',
  `create_by` varchar(64) CHARACTER SET utf8 COLLATE utf8_general_ci NULL DEFAULT '' COMMENT '创建者',
  `create_time` datetime(0) NULL DEFAULT NULL COMMENT '创建时间',
  `update_by` varchar(64) CHARACTER SET utf8 COLLATE utf8_general_ci NULL DEFAULT '' COMMENT '更新者',
  `update_time` datetime(0) NULL DEFAULT NULL COMMENT '更新时间',
  PRIMARY KEY (`dept_id`) USING BTREE
) ENGINE = InnoDB CHARACTER SET = utf8 COLLATE = utf8_general_ci COMMENT = '部门表' ROW_FORMAT = Dynamic;

-- ----------------------------
-- Records of sys_dept
-- ----------------------------
INSERT INTO `sys_dept` VALUES (100, 0, '0', 'EH科技', 0, 'EH', '15888888888', 'eh@qq.com', '0', '0', 'admin', '2022-09-10 17:10:48', 'admin', '2022-09-12 17:01:52');
INSERT INTO `sys_dept` VALUES (101, 100, '0,100', '南京总公司', 1, 'erahub', '15888888888', 'erahub@qq.com', '0', '0', 'admin', '2022-09-10 17:10:48', 'admin', '2022-09-17 10:25:33');
INSERT INTO `sys_dept` VALUES (102, 100, '0,100', '上海分公司', 2, 'erahub', '15888888888', 'erahub@qq.com', '0', '0', 'admin', '2022-09-10 17:10:48', 'admin', '2022-09-17 10:26:09');
INSERT INTO `sys_dept` VALUES (103, 101, '0,100,101', '研发部门', 1, 'erahub', '15888888888', 'erahub@qq.com', '0', '0', 'admin', '2022-09-10 17:10:48', 'admin', '2022-09-17 10:27:00');
INSERT INTO `sys_dept` VALUES (104, 101, '0,100,101', '市场部门', 2, 'erahub', '15888888888', 'erahub@qq.com', '0', '0', 'admin', '2022-09-10 17:10:48', 'admin', '2022-09-17 10:25:45');
INSERT INTO `sys_dept` VALUES (105, 101, '0,100,101', '测试部门', 3, 'erahub', '15888888888', 'erahub@qq.com', '0', '0', 'admin', '2022-09-10 17:10:48', 'admin', '2022-09-17 10:25:49');
INSERT INTO `sys_dept` VALUES (106, 101, '0,100,101', '财务部门', 4, 'erahub', '15888888888', 'erahub@qq.com', '0', '0', 'admin', '2022-09-10 17:10:48', 'admin', '2022-09-17 10:25:53');
INSERT INTO `sys_dept` VALUES (107, 101, '0,100,101', '运维部门', 5, 'erahub', '15888888888', 'erahub@qq.com', '0', '0', 'admin', '2022-09-10 17:10:48', 'admin', '2022-09-17 10:25:59');
INSERT INTO `sys_dept` VALUES (108, 102, '0,100,102', '市场部门', 1, 'erahub', '15888888888', 'erahub@qq.com', '0', '0', 'admin', '2022-09-10 17:10:48', 'admin', '2022-09-17 10:26:13');
INSERT INTO `sys_dept` VALUES (109, 102, '0,100,102', '财务部门', 2, 'erahub', '15888888888', 'erahub@qq.com', '0', '0', 'admin', '2022-09-10 17:10:48', 'admin', '2022-09-17 10:26:18');
INSERT INTO `sys_dept` VALUES (1571078717323554817, 105, '0,100,101,105', '测试部门A', 1, NULL, NULL, NULL, '0', '0', 'admin', '2022-09-17 18:08:50', 'admin', '2022-09-17 18:08:50');
INSERT INTO `sys_dept` VALUES (1571078749145739265, 1571078717323554817, '0,100,101,105,1571078717323554817', '测试部门AA', 1, NULL, NULL, NULL, '0', '2', 'admin', '2022-09-17 18:08:58', 'admin', '2022-09-17 18:08:58');
INSERT INTO `sys_dept` VALUES (1571078778984017922, 1571078749145739265, '0,100,101,105,1571078717323554817,1571078749145739265', '测试部门AAA', 1, NULL, NULL, NULL, '0', '2', 'admin', '2022-09-17 18:09:05', 'admin', '2022-09-17 18:09:05');
INSERT INTO `sys_dept` VALUES (1571080170138185729, 1571078778984017922, '0,100,101,105,1571078717323554817,1571078749145739265,1571078778984017922', '测试部门AAAA', 1, NULL, NULL, NULL, '0', '2', 'admin', '2022-09-17 18:14:36', 'admin', '2022-09-17 18:14:36');
INSERT INTO `sys_dept` VALUES (1571080202354634754, 1571080170138185729, '0,100,101,105,1571078717323554817,1571078749145739265,1571078778984017922,1571080170138185729', '测试部门AAAAA', 1, NULL, NULL, NULL, '0', '2', 'admin', '2022-09-17 18:14:44', 'admin', '2022-09-17 18:14:44');
INSERT INTO `sys_dept` VALUES (1571080230607466498, 1571080202354634754, '0,100,101,105,1571078717323554817,1571078749145739265,1571078778984017922,1571080170138185729,1571080202354634754', '测试部门AAAAAA', 1, NULL, NULL, NULL, '0', '2', 'admin', '2022-09-17 18:14:51', 'admin', '2022-09-17 18:14:51');
INSERT INTO `sys_dept` VALUES (1574282456201113601, 1571078717323554817, '0,100,101,105,1571078717323554817', '测试部门B', 1, NULL, NULL, NULL, '0', '0', 'admin', '2022-09-26 14:19:21', 'admin', '2022-09-26 14:19:21');
INSERT INTO `sys_dept` VALUES (1574282486169415681, 1574282456201113601, '0,100,101,105,1571078717323554817,1574282456201113601', '测试部门C', 1, NULL, NULL, NULL, '0', '2', 'admin', '2022-09-26 14:19:28', 'admin', '2022-09-26 14:19:28');
INSERT INTO `sys_dept` VALUES (1574282516406153217, 1574282486169415681, '0,100,101,105,1571078717323554817,1574282456201113601,1574282486169415681', '测试部门D', 1, NULL, NULL, NULL, '0', '2', 'admin', '2022-09-26 14:19:35', 'admin', '2022-09-26 14:19:35');
INSERT INTO `sys_dept` VALUES (1574282653543116802, 1574282516406153217, '0,100,101,105,1571078717323554817,1574282456201113601,1574282486169415681,1574282516406153217', '测试部门E', 1, NULL, NULL, NULL, '0', '2', 'admin', '2022-09-26 14:20:08', 'admin', '2022-09-26 14:20:08');
INSERT INTO `sys_dept` VALUES (1574282681611399170, 1574282653543116802, '0,100,101,105,1571078717323554817,1574282456201113601,1574282486169415681,1574282516406153217,1574282653543116802', '测试部门F', 1, NULL, NULL, NULL, '0', '2', 'admin', '2022-09-26 14:20:15', 'admin', '2022-09-26 14:20:15');
INSERT INTO `sys_dept` VALUES (1574282704453578754, 1574282681611399170, '0,100,101,105,1571078717323554817,1574282456201113601,1574282486169415681,1574282516406153217,1574282653543116802,1574282681611399170', '测试部门G', 1, NULL, NULL, NULL, '0', '2', 'admin', '2022-09-26 14:20:20', 'admin', '2022-09-26 14:20:20');
INSERT INTO `sys_dept` VALUES (1574282842853027842, 1574282704453578754, '0,100,101,105,1571078717323554817,1574282456201113601,1574282486169415681,1574282516406153217,1574282653543116802,1574282681611399170,1574282704453578754', '测试部门H', 1, NULL, NULL, NULL, '0', '2', 'admin', '2022-09-26 14:20:53', 'admin', '2022-09-26 14:20:53');
INSERT INTO `sys_dept` VALUES (1580862888259334146, 1574282681611399170, '0,100,101,105,1571078717323554817,1574282456201113601,1574282486169415681,1574282516406153217,1574282653543116802,1574282681611399170', '测试部门V', 0, NULL, NULL, NULL, '0', '2', 'admin', '2022-10-14 18:07:38', 'admin', '2022-10-14 18:07:38');

-- ----------------------------
-- Table structure for sys_dict_data
-- ----------------------------
DROP TABLE IF EXISTS `sys_dict_data`;
CREATE TABLE `sys_dict_data`  (
  `dict_code` bigint(0) NOT NULL COMMENT '字典编码',
  `dict_sort` int(0) NULL DEFAULT 0 COMMENT '字典排序',
  `dict_label` varchar(100) CHARACTER SET utf8 COLLATE utf8_general_ci NULL DEFAULT '' COMMENT '字典标签',
  `dict_value` varchar(100) CHARACTER SET utf8 COLLATE utf8_general_ci NULL DEFAULT '' COMMENT '字典键值',
  `dict_type` varchar(100) CHARACTER SET utf8 COLLATE utf8_general_ci NULL DEFAULT '' COMMENT '字典类型',
  `css_class` varchar(100) CHARACTER SET utf8 COLLATE utf8_general_ci NULL DEFAULT NULL COMMENT '样式属性（其他样式扩展）',
  `list_class` varchar(100) CHARACTER SET utf8 COLLATE utf8_general_ci NULL DEFAULT NULL COMMENT '表格回显样式',
  `is_default` char(1) CHARACTER SET utf8 COLLATE utf8_general_ci NULL DEFAULT 'N' COMMENT '是否默认（Y是 N否）',
  `status` char(1) CHARACTER SET utf8 COLLATE utf8_general_ci NULL DEFAULT '0' COMMENT '状态（0正常 1停用）',
  `create_by` varchar(64) CHARACTER SET utf8 COLLATE utf8_general_ci NULL DEFAULT '' COMMENT '创建者',
  `create_time` datetime(0) NULL DEFAULT NULL COMMENT '创建时间',
  `update_by` varchar(64) CHARACTER SET utf8 COLLATE utf8_general_ci NULL DEFAULT '' COMMENT '更新者',
  `update_time` datetime(0) NULL DEFAULT NULL COMMENT '更新时间',
  `remark` varchar(500) CHARACTER SET utf8 COLLATE utf8_general_ci NULL DEFAULT NULL COMMENT '备注',
  PRIMARY KEY (`dict_code`) USING BTREE
) ENGINE = InnoDB CHARACTER SET = utf8 COLLATE = utf8_general_ci COMMENT = '字典数据表' ROW_FORMAT = Dynamic;

-- ----------------------------
-- Records of sys_dict_data
-- ----------------------------
INSERT INTO `sys_dict_data` VALUES (1, 1, '男', '0', 'sys_user_sex', '', '', 'Y', '0', 'admin', '2022-09-10 17:10:48', '', NULL, '性别男');
INSERT INTO `sys_dict_data` VALUES (2, 2, '女', '1', 'sys_user_sex', '', '', 'N', '0', 'admin', '2022-09-10 17:10:48', '', NULL, '性别女');
INSERT INTO `sys_dict_data` VALUES (3, 3, '未知', '2', 'sys_user_sex', '', '', 'N', '0', 'admin', '2022-09-10 17:10:48', 'admin', '2022-09-20 09:01:35', '性别未知');
INSERT INTO `sys_dict_data` VALUES (4, 1, '显示', '0', 'sys_show_hide', '', 'primary', 'Y', '0', 'admin', '2022-09-10 17:10:48', '', NULL, '显示菜单');
INSERT INTO `sys_dict_data` VALUES (5, 2, '隐藏', '1', 'sys_show_hide', '', 'danger', 'N', '0', 'admin', '2022-09-10 17:10:48', '', NULL, '隐藏菜单');
INSERT INTO `sys_dict_data` VALUES (6, 1, '正常', '0', 'sys_normal_disable', '', 'primary', 'Y', '0', 'admin', '2022-09-10 17:10:48', '', NULL, '正常状态');
INSERT INTO `sys_dict_data` VALUES (7, 2, '停用', '1', 'sys_normal_disable', '', 'danger', 'N', '0', 'admin', '2022-09-10 17:10:48', '', NULL, '停用状态');
INSERT INTO `sys_dict_data` VALUES (8, 1, '正常', '0', 'sys_job_status', '', 'primary', 'Y', '0', 'admin', '2022-09-10 17:10:48', '', NULL, '正常状态');
INSERT INTO `sys_dict_data` VALUES (9, 2, '暂停', '1', 'sys_job_status', '', 'danger', 'N', '0', 'admin', '2022-09-10 17:10:48', '', NULL, '停用状态');
INSERT INTO `sys_dict_data` VALUES (10, 1, '默认', 'DEFAULT', 'sys_job_group', '', '', 'Y', '0', 'admin', '2022-09-10 17:10:48', '', NULL, '默认分组');
INSERT INTO `sys_dict_data` VALUES (11, 2, '系统', 'SYSTEM', 'sys_job_group', '', '', 'N', '0', 'admin', '2022-09-10 17:10:48', '', NULL, '系统分组');
INSERT INTO `sys_dict_data` VALUES (12, 1, '是', 'Y', 'sys_yes_no', '', 'primary', 'Y', '0', 'admin', '2022-09-10 17:10:48', '', NULL, '系统默认是');
INSERT INTO `sys_dict_data` VALUES (13, 2, '否', 'N', 'sys_yes_no', '', 'danger', 'N', '0', 'admin', '2022-09-10 17:10:48', '', NULL, '系统默认否');
INSERT INTO `sys_dict_data` VALUES (14, 1, '通知', '1', 'sys_notice_type', '', 'warning', 'Y', '0', 'admin', '2022-09-10 17:10:48', '', NULL, '通知');
INSERT INTO `sys_dict_data` VALUES (15, 2, '公告', '2', 'sys_notice_type', '', 'success', 'N', '0', 'admin', '2022-09-10 17:10:48', '', NULL, '公告');
INSERT INTO `sys_dict_data` VALUES (16, 1, '正常', '0', 'sys_notice_status', '', 'primary', 'Y', '0', 'admin', '2022-09-10 17:10:48', '', NULL, '正常状态');
INSERT INTO `sys_dict_data` VALUES (17, 2, '关闭', '1', 'sys_notice_status', '', 'danger', 'N', '0', 'admin', '2022-09-10 17:10:48', '', NULL, '关闭状态');
INSERT INTO `sys_dict_data` VALUES (18, 1, '新增', '1', 'sys_oper_type', '', 'info', 'N', '0', 'admin', '2022-09-10 17:10:48', '', NULL, '新增操作');
INSERT INTO `sys_dict_data` VALUES (19, 2, '修改', '2', 'sys_oper_type', '', 'info', 'N', '0', 'admin', '2022-09-10 17:10:48', '', NULL, '修改操作');
INSERT INTO `sys_dict_data` VALUES (20, 3, '删除', '3', 'sys_oper_type', '', 'danger', 'N', '0', 'admin', '2022-09-10 17:10:48', '', NULL, '删除操作');
INSERT INTO `sys_dict_data` VALUES (21, 4, '授权', '4', 'sys_oper_type', '', 'primary', 'N', '0', 'admin', '2022-09-10 17:10:48', '', NULL, '授权操作');
INSERT INTO `sys_dict_data` VALUES (22, 5, '导出', '5', 'sys_oper_type', '', 'warning', 'N', '0', 'admin', '2022-09-10 17:10:48', '', NULL, '导出操作');
INSERT INTO `sys_dict_data` VALUES (23, 6, '导入', '6', 'sys_oper_type', '', 'warning', 'N', '0', 'admin', '2022-09-10 17:10:48', '', NULL, '导入操作');
INSERT INTO `sys_dict_data` VALUES (24, 7, '强退', '7', 'sys_oper_type', '', 'danger', 'N', '0', 'admin', '2022-09-10 17:10:48', '', NULL, '强退操作');
INSERT INTO `sys_dict_data` VALUES (25, 8, '生成代码', '8', 'sys_oper_type', '', 'warning', 'N', '0', 'admin', '2022-09-10 17:10:48', '', NULL, '生成操作');
INSERT INTO `sys_dict_data` VALUES (26, 9, '清空数据', '9', 'sys_oper_type', '', 'danger', 'N', '0', 'admin', '2022-09-10 17:10:48', '', NULL, '清空操作');
INSERT INTO `sys_dict_data` VALUES (27, 1, '成功', '0', 'sys_common_status', '', 'primary', 'N', '0', 'admin', '2022-09-10 17:10:48', '', NULL, '正常状态');
INSERT INTO `sys_dict_data` VALUES (28, 2, '失败', '1', 'sys_common_status', '', 'danger', 'N', '0', 'admin', '2022-09-10 17:10:48', '', NULL, '停用状态');

-- ----------------------------
-- Table structure for sys_dict_type
-- ----------------------------
DROP TABLE IF EXISTS `sys_dict_type`;
CREATE TABLE `sys_dict_type`  (
  `dict_id` bigint(0) NOT NULL COMMENT '字典主键',
  `dict_name` varchar(100) CHARACTER SET utf8 COLLATE utf8_general_ci NULL DEFAULT '' COMMENT '字典名称',
  `dict_type` varchar(100) CHARACTER SET utf8 COLLATE utf8_general_ci NULL DEFAULT '' COMMENT '字典类型',
  `status` char(1) CHARACTER SET utf8 COLLATE utf8_general_ci NULL DEFAULT '0' COMMENT '状态（0正常 1停用）',
  `create_by` varchar(64) CHARACTER SET utf8 COLLATE utf8_general_ci NULL DEFAULT '' COMMENT '创建者',
  `create_time` datetime(0) NULL DEFAULT NULL COMMENT '创建时间',
  `update_by` varchar(64) CHARACTER SET utf8 COLLATE utf8_general_ci NULL DEFAULT '' COMMENT '更新者',
  `update_time` datetime(0) NULL DEFAULT NULL COMMENT '更新时间',
  `remark` varchar(500) CHARACTER SET utf8 COLLATE utf8_general_ci NULL DEFAULT NULL COMMENT '备注',
  PRIMARY KEY (`dict_id`) USING BTREE,
  UNIQUE INDEX `dict_type`(`dict_type`) USING BTREE
) ENGINE = InnoDB CHARACTER SET = utf8 COLLATE = utf8_general_ci COMMENT = '字典类型表' ROW_FORMAT = Dynamic;

-- ----------------------------
-- Records of sys_dict_type
-- ----------------------------
INSERT INTO `sys_dict_type` VALUES (1, '用户性别', 'sys_user_sex', '0', 'admin', '2022-09-10 17:10:48', 'admin', '2022-09-20 09:24:53', '用户性别列表');
INSERT INTO `sys_dict_type` VALUES (2, '菜单状态', 'sys_show_hide', '0', 'admin', '2022-09-10 17:10:48', '', NULL, '菜单状态列表');
INSERT INTO `sys_dict_type` VALUES (3, '系统开关', 'sys_normal_disable', '0', 'admin', '2022-09-10 17:10:48', '', NULL, '系统开关列表');
INSERT INTO `sys_dict_type` VALUES (4, '任务状态', 'sys_job_status', '0', 'admin', '2022-09-10 17:10:48', '', NULL, '任务状态列表');
INSERT INTO `sys_dict_type` VALUES (5, '任务分组', 'sys_job_group', '0', 'admin', '2022-09-10 17:10:48', '', NULL, '任务分组列表');
INSERT INTO `sys_dict_type` VALUES (6, '系统是否', 'sys_yes_no', '0', 'admin', '2022-09-10 17:10:48', '', NULL, '系统是否列表');
INSERT INTO `sys_dict_type` VALUES (7, '通知类型', 'sys_notice_type', '0', 'admin', '2022-09-10 17:10:48', '', NULL, '通知类型列表');
INSERT INTO `sys_dict_type` VALUES (8, '通知状态', 'sys_notice_status', '0', 'admin', '2022-09-10 17:10:48', '', NULL, '通知状态列表');
INSERT INTO `sys_dict_type` VALUES (9, '操作类型', 'sys_oper_type', '0', 'admin', '2022-09-10 17:10:48', '', NULL, '操作类型列表');
INSERT INTO `sys_dict_type` VALUES (10, '系统状态', 'sys_common_status', '0', 'admin', '2022-09-10 17:10:48', 'admin', '2022-09-20 09:16:46', '登录状态列表');

-- ----------------------------
-- Table structure for sys_logininfor
-- ----------------------------
DROP TABLE IF EXISTS `sys_logininfor`;
CREATE TABLE `sys_logininfor`  (
  `info_id` bigint(0) NOT NULL COMMENT '访问ID',
  `user_name` varchar(50) CHARACTER SET utf8 COLLATE utf8_general_ci NULL DEFAULT '' COMMENT '用户账号',
  `ipaddr` varchar(128) CHARACTER SET utf8 COLLATE utf8_general_ci NULL DEFAULT '' COMMENT '登录IP地址',
  `status` char(1) CHARACTER SET utf8 COLLATE utf8_general_ci NULL DEFAULT '0' COMMENT '登录状态（0成功 1失败）',
  `msg` varchar(255) CHARACTER SET utf8 COLLATE utf8_general_ci NULL DEFAULT '' COMMENT '提示信息',
  `access_time` datetime(0) NULL DEFAULT NULL COMMENT '访问时间',
  `login_location` varchar(255) CHARACTER SET utf8 COLLATE utf8_general_ci NULL DEFAULT NULL COMMENT '登录地址',
  `browser` varchar(255) CHARACTER SET utf8 COLLATE utf8_general_ci NULL DEFAULT NULL COMMENT '浏览器类型',
  `os` varchar(255) CHARACTER SET utf8 COLLATE utf8_general_ci NULL DEFAULT NULL COMMENT '操作系统',
  PRIMARY KEY (`info_id`) USING BTREE
) ENGINE = InnoDB CHARACTER SET = utf8 COLLATE = utf8_general_ci COMMENT = '系统访问记录' ROW_FORMAT = Dynamic;

-- ----------------------------
-- Records of sys_logininfor
-- ----------------------------
INSERT INTO `sys_logininfor` VALUES (1568761479632216065, 'admin', '127.0.0.1', '0', '登录成功', '2022-09-11 08:40:58', NULL, NULL, NULL);
INSERT INTO `sys_logininfor` VALUES (1568778836857548802, 'admin', '127.0.0.1', '0', '登录成功', '2022-09-11 09:49:56', NULL, NULL, NULL);
INSERT INTO `sys_logininfor` VALUES (1568894461747609601, 'admin', '127.0.0.1', '0', '登录成功', '2022-09-11 17:29:23', NULL, NULL, NULL);
INSERT INTO `sys_logininfor` VALUES (1569147316832280578, 'admin', '127.0.0.1', '0', '登录成功', '2022-09-12 10:14:08', NULL, NULL, NULL);
INSERT INTO `sys_logininfor` VALUES (1569244846941253634, 'admin', '127.0.0.1', '0', '登录成功', '2022-09-12 16:41:41', NULL, NULL, NULL);
INSERT INTO `sys_logininfor` VALUES (1569245621868277762, 'admin', '127.0.0.1', '0', '退出成功', '2022-09-12 16:44:46', NULL, NULL, NULL);
INSERT INTO `sys_logininfor` VALUES (1569245675941244930, 'test01', '127.0.0.1', '0', '登录成功', '2022-09-12 16:44:59', NULL, NULL, NULL);
INSERT INTO `sys_logininfor` VALUES (1569245698355605506, 'test01', '127.0.0.1', '0', '退出成功', '2022-09-12 16:45:04', NULL, NULL, NULL);
INSERT INTO `sys_logininfor` VALUES (1569245740961345537, 'admin', '127.0.0.1', '0', '登录成功', '2022-09-12 16:45:14', NULL, NULL, NULL);
INSERT INTO `sys_logininfor` VALUES (1569246015612760066, 'admin', '127.0.0.1', '0', '退出成功', '2022-09-12 16:46:20', NULL, NULL, NULL);
INSERT INTO `sys_logininfor` VALUES (1569246053659291649, 'test01', '127.0.0.1', '0', '登录成功', '2022-09-12 16:46:29', NULL, NULL, NULL);
INSERT INTO `sys_logininfor` VALUES (1569246286623518721, 'test01', '127.0.0.1', '0', '退出成功', '2022-09-12 16:47:25', NULL, NULL, NULL);
INSERT INTO `sys_logininfor` VALUES (1569246332538564610, 'admin', '127.0.0.1', '0', '登录成功', '2022-09-12 16:47:36', NULL, NULL, NULL);
INSERT INTO `sys_logininfor` VALUES (1569290920104022018, 'admin', '127.0.0.1', '0', '登录成功', '2022-09-12 19:44:46', NULL, NULL, NULL);
INSERT INTO `sys_logininfor` VALUES (1569294084437954561, 'admin', '127.0.0.1', '0', '退出成功', '2022-09-12 19:57:20', NULL, NULL, NULL);
INSERT INTO `sys_logininfor` VALUES (1569294117656842241, 'admin', '127.0.0.1', '0', '登录成功', '2022-09-12 19:57:28', NULL, NULL, NULL);
INSERT INTO `sys_logininfor` VALUES (1570006943706865665, 'admin', '127.0.0.1', '0', '登录成功', '2022-09-14 19:09:59', NULL, NULL, NULL);
INSERT INTO `sys_logininfor` VALUES (1570012269789274114, 'admin', '127.0.0.1', '0', '退出成功', '2022-09-14 19:31:09', NULL, NULL, NULL);
INSERT INTO `sys_logininfor` VALUES (1570012299002601474, 'admin', '127.0.0.1', '0', '登录成功', '2022-09-14 19:31:16', NULL, NULL, NULL);
INSERT INTO `sys_logininfor` VALUES (1570017363897311233, 'admin', '127.0.0.1', '0', '退出成功', '2022-09-14 19:51:24', NULL, NULL, NULL);
INSERT INTO `sys_logininfor` VALUES (1570017382197059586, 'admin', '127.0.0.1', '0', '登录成功', '2022-09-14 19:51:28', NULL, NULL, NULL);
INSERT INTO `sys_logininfor` VALUES (1570028795753881601, 'admin', '127.0.0.1', '0', '登录成功', '2022-09-14 20:36:49', NULL, NULL, NULL);
INSERT INTO `sys_logininfor` VALUES (1570361307424346114, 'admin', '127.0.0.1', '0', '登录成功', '2022-09-15 18:38:06', NULL, NULL, NULL);
INSERT INTO `sys_logininfor` VALUES (1570371058493190146, 'admin', '127.0.0.1', '0', '登录成功', '2022-09-15 19:16:51', NULL, NULL, NULL);
INSERT INTO `sys_logininfor` VALUES (1570371142383464450, 'admin', '127.0.0.1', '0', '登录成功', '2022-09-15 19:17:11', NULL, NULL, NULL);
INSERT INTO `sys_logininfor` VALUES (1570371216698142721, 'admin', '127.0.0.1', '0', '登录成功', '2022-09-15 19:17:29', NULL, NULL, NULL);
INSERT INTO `sys_logininfor` VALUES (1570372361847992322, 'admin', '127.0.0.1', '0', '退出成功', '2022-09-15 19:22:02', NULL, NULL, NULL);
INSERT INTO `sys_logininfor` VALUES (1570372394383208449, 'test01', '127.0.0.1', '0', '登录成功', '2022-09-15 19:22:10', NULL, NULL, NULL);
INSERT INTO `sys_logininfor` VALUES (1570376216191070209, 'test01', '127.0.0.1', '0', '退出成功', '2022-09-15 19:37:21', NULL, NULL, NULL);
INSERT INTO `sys_logininfor` VALUES (1570376227817680897, 'test01', '127.0.0.1', '0', '登录成功', '2022-09-15 19:37:24', NULL, NULL, NULL);
INSERT INTO `sys_logininfor` VALUES (1570376241864404994, 'test01', '127.0.0.1', '0', '退出成功', '2022-09-15 19:37:27', NULL, NULL, NULL);
INSERT INTO `sys_logininfor` VALUES (1570376265864212481, 'admin', '127.0.0.1', '0', '登录成功', '2022-09-15 19:37:33', NULL, NULL, NULL);
INSERT INTO `sys_logininfor` VALUES (1570379140749225985, 'admin', '127.0.0.1', '0', '退出成功', '2022-09-15 19:48:58', NULL, NULL, NULL);
INSERT INTO `sys_logininfor` VALUES (1570380797272813569, 'admin', '127.0.0.1', '0', '登录成功', '2022-09-15 19:55:33', NULL, NULL, NULL);
INSERT INTO `sys_logininfor` VALUES (1570380875836321794, 'admin', '127.0.0.1', '0', '退出成功', '2022-09-15 19:55:52', NULL, NULL, NULL);
INSERT INTO `sys_logininfor` VALUES (1570734600022781953, 'admin', '192.168.56.1', '0', '登录成功', '2022-09-16 19:21:26', NULL, NULL, NULL);
INSERT INTO `sys_logininfor` VALUES (1570740557767372802, 'admin', '192.168.56.1', '0', '退出成功', '2022-09-16 19:45:07', NULL, NULL, NULL);
INSERT INTO `sys_logininfor` VALUES (1570740573898665985, 'admin', '192.168.56.1', '0', '登录成功', '2022-09-16 19:45:10', NULL, NULL, NULL);
INSERT INTO `sys_logininfor` VALUES (1570740777087528962, 'admin', '192.168.56.1', '0', '退出成功', '2022-09-16 19:45:59', NULL, NULL, NULL);
INSERT INTO `sys_logininfor` VALUES (1570748951697944577, 'admin', '192.168.56.1', '0', '登录成功', '2022-09-16 20:18:28', NULL, NULL, NULL);
INSERT INTO `sys_logininfor` VALUES (1570753312524201986, 'admin', '192.168.56.1', '0', '登录成功', '2022-09-16 20:35:48', NULL, NULL, NULL);
INSERT INTO `sys_logininfor` VALUES (1570757578651463682, 'admin', '192.168.56.1', '0', '退出成功', '2022-09-16 20:52:45', NULL, NULL, NULL);
INSERT INTO `sys_logininfor` VALUES (1570757590231937025, 'admin', '192.168.56.1', '0', '登录成功', '2022-09-16 20:52:47', NULL, NULL, NULL);
INSERT INTO `sys_logininfor` VALUES (1570954664126394369, 'admin', '223.65.41.168', '0', '登录成功', '2022-09-17 09:55:54', NULL, NULL, NULL);
INSERT INTO `sys_logininfor` VALUES (1570959329492676609, 'admin', '223.104.150.3', '0', '登录成功', '2022-09-17 10:14:26', NULL, NULL, NULL);
INSERT INTO `sys_logininfor` VALUES (1570961192808034306, 'admin', '223.65.41.168', '0', '登录成功', '2022-09-17 10:21:50', NULL, NULL, NULL);
INSERT INTO `sys_logininfor` VALUES (1570961317890568193, 'admin', '223.65.41.168', '0', '退出成功', '2022-09-17 10:22:20', NULL, NULL, NULL);
INSERT INTO `sys_logininfor` VALUES (1570961327638130689, 'admin', '223.65.41.168', '0', '登录成功', '2022-09-17 10:22:22', NULL, NULL, NULL);
INSERT INTO `sys_logininfor` VALUES (1570967478488477697, 'admin', '223.65.41.168', '0', '退出成功', '2022-09-17 10:46:49', NULL, NULL, NULL);
INSERT INTO `sys_logininfor` VALUES (1570967524776816642, 'admin', '223.65.41.168', '1', '密码输入错误1次', '2022-09-17 10:47:00', NULL, NULL, NULL);
INSERT INTO `sys_logininfor` VALUES (1570967571954348033, 'admin', '223.65.41.168', '0', '登录成功', '2022-09-17 10:47:11', NULL, NULL, NULL);
INSERT INTO `sys_logininfor` VALUES (1570967690883837954, 'admin', '223.65.41.168', '0', '退出成功', '2022-09-17 10:47:39', NULL, NULL, NULL);
INSERT INTO `sys_logininfor` VALUES (1570967725671395329, 'admin', '223.65.41.168', '0', '登录成功', '2022-09-17 10:47:48', NULL, NULL, NULL);
INSERT INTO `sys_logininfor` VALUES (1570968135794634753, 'admin', '223.65.41.168', '0', '退出成功', '2022-09-17 10:49:25', NULL, NULL, NULL);
INSERT INTO `sys_logininfor` VALUES (1570968171777568770, 'admin', '223.65.41.168', '0', '登录成功', '2022-09-17 10:49:34', NULL, NULL, NULL);
INSERT INTO `sys_logininfor` VALUES (1570968201989140482, 'admin', '223.65.41.168', '0', '退出成功', '2022-09-17 10:49:41', NULL, NULL, NULL);
INSERT INTO `sys_logininfor` VALUES (1570968382583287809, 'test01', '223.65.41.168', '0', '登录成功', '2022-09-17 10:50:24', NULL, NULL, NULL);
INSERT INTO `sys_logininfor` VALUES (1570968948965322754, 'test01', '223.65.41.168', '0', '退出成功', '2022-09-17 10:52:39', NULL, NULL, NULL);
INSERT INTO `sys_logininfor` VALUES (1570969006293069825, 'admin', '223.65.41.168', '0', '登录成功', '2022-09-17 10:52:53', NULL, NULL, NULL);
INSERT INTO `sys_logininfor` VALUES (1570972724417736706, 'admin', '223.65.41.168', '0', '登录成功', '2022-09-17 11:07:39', NULL, NULL, NULL);
INSERT INTO `sys_logininfor` VALUES (1570976614869577729, 'admin', '223.65.41.168', '0', '登录成功', '2022-09-17 11:23:07', NULL, NULL, NULL);
INSERT INTO `sys_logininfor` VALUES (1570981354995134465, 'admin', '223.65.41.168', '0', '登录成功', '2022-09-17 11:41:57', NULL, NULL, NULL);
INSERT INTO `sys_logininfor` VALUES (1570994581309173762, 'admin', '223.65.41.168', '1', '密码输入错误1次', '2022-09-17 12:34:31', NULL, NULL, NULL);
INSERT INTO `sys_logininfor` VALUES (1570994652339712002, 'admin', '223.65.41.168', '0', '登录成功', '2022-09-17 12:34:47', NULL, NULL, NULL);
INSERT INTO `sys_logininfor` VALUES (1570994806870454273, 'admin', '223.65.41.168', '0', '退出成功', '2022-09-17 12:35:24', NULL, NULL, NULL);
INSERT INTO `sys_logininfor` VALUES (1570994932934455297, 'admin', '223.65.41.168', '0', '登录成功', '2022-09-17 12:35:54', NULL, NULL, NULL);
INSERT INTO `sys_logininfor` VALUES (1570994947065065474, 'admin', '223.65.41.168', '0', '退出成功', '2022-09-17 12:35:58', NULL, NULL, NULL);
INSERT INTO `sys_logininfor` VALUES (1570995002350186498, 'admin', '223.65.41.168', '0', '登录成功', '2022-09-17 12:36:11', NULL, NULL, NULL);
INSERT INTO `sys_logininfor` VALUES (1571027659687669761, 'admin', '183.209.139.161', '0', '登录成功', '2022-09-17 14:45:57', NULL, NULL, NULL);
INSERT INTO `sys_logininfor` VALUES (1571057346572922882, 'admin', '183.209.139.161', '0', '登录成功', '2022-09-17 16:43:55', NULL, NULL, NULL);
INSERT INTO `sys_logininfor` VALUES (1571069369482424321, 'admin', '223.65.41.168', '1', '密码输入错误1次', '2022-09-17 17:31:41', NULL, NULL, NULL);
INSERT INTO `sys_logininfor` VALUES (1571069383025831938, 'admin', '223.65.41.168', '1', '密码输入错误2次', '2022-09-17 17:31:45', NULL, NULL, NULL);
INSERT INTO `sys_logininfor` VALUES (1571069395902345218, 'admin', '223.65.41.168', '1', '密码输入错误3次', '2022-09-17 17:31:48', NULL, NULL, NULL);
INSERT INTO `sys_logininfor` VALUES (1571069432342458370, 'admin', '223.65.41.168', '0', '登录成功', '2022-09-17 17:31:56', NULL, NULL, NULL);
INSERT INTO `sys_logininfor` VALUES (1571077685839343617, 'admin', '223.65.41.168', '0', '登录成功', '2022-09-17 18:04:44', NULL, NULL, NULL);
INSERT INTO `sys_logininfor` VALUES (1571090706049478658, 'admin', '223.65.41.168', '0', '登录成功', '2022-09-17 18:56:28', NULL, NULL, NULL);
INSERT INTO `sys_logininfor` VALUES (1571105055560380417, 'admin', '223.65.41.168', '0', '登录成功', '2022-09-17 19:53:30', NULL, NULL, NULL);
INSERT INTO `sys_logininfor` VALUES (1571111794070466561, 'admin', '223.65.41.168', '0', '退出成功', '2022-09-17 20:20:16', NULL, NULL, NULL);
INSERT INTO `sys_logininfor` VALUES (1571286404078448642, 'admin', '223.65.41.168', '0', '登录成功', '2022-09-18 07:54:06', NULL, NULL, NULL);
INSERT INTO `sys_logininfor` VALUES (1571293440912601090, 'admin', '223.65.41.168', '0', '登录成功', '2022-09-18 08:22:04', NULL, NULL, NULL);
INSERT INTO `sys_logininfor` VALUES (1571311782494941186, 'admin', '223.65.41.168', '0', '登录成功', '2022-09-18 09:34:57', NULL, NULL, NULL);
INSERT INTO `sys_logininfor` VALUES (1571417543992619009, 'admin', '223.65.41.168', '0', '登录成功', '2022-09-18 16:35:13', NULL, NULL, NULL);
INSERT INTO `sys_logininfor` VALUES (1571421296741265410, 'admin', '223.65.41.168', '0', '登录成功', '2022-09-18 16:50:07', NULL, NULL, NULL);
INSERT INTO `sys_logininfor` VALUES (1571441888362180609, 'admin', '223.65.41.168', '0', '登录成功', '2022-09-18 18:11:57', NULL, NULL, NULL);
INSERT INTO `sys_logininfor` VALUES (1571451194113470466, 'admin', '223.65.41.168', '0', '登录成功', '2022-09-18 18:48:55', NULL, NULL, NULL);
INSERT INTO `sys_logininfor` VALUES (1571524314270740482, 'admin', '223.104.150.14', '0', '登录成功', '2022-09-18 23:39:29', NULL, NULL, NULL);
INSERT INTO `sys_logininfor` VALUES (1571650708485124098, 'admin', '223.112.3.243', '0', '登录成功', '2022-09-19 08:01:43', NULL, NULL, NULL);
INSERT INTO `sys_logininfor` VALUES (1571658316709310465, 'admin', '223.112.3.243', '0', '登录成功', '2022-09-19 08:31:57', NULL, NULL, NULL);
INSERT INTO `sys_logininfor` VALUES (1571672786697400322, 'admin', '223.104.4.56', '0', '登录成功', '2022-09-19 09:29:27', NULL, NULL, NULL);
INSERT INTO `sys_logininfor` VALUES (1571679647018463233, 'admin', '180.101.128.240', '0', '登录成功', '2022-09-19 09:56:43', NULL, NULL, NULL);
INSERT INTO `sys_logininfor` VALUES (1571687524806373378, 'admin', '223.112.3.243', '0', '退出成功', '2022-09-19 10:28:01', NULL, NULL, NULL);
INSERT INTO `sys_logininfor` VALUES (1571687578921283586, 'admin', '223.112.3.243', '0', '登录成功', '2022-09-19 10:28:14', NULL, NULL, NULL);
INSERT INTO `sys_logininfor` VALUES (1571687861369909249, 'admin', '223.112.3.243', '0', '退出成功', '2022-09-19 10:29:21', NULL, NULL, NULL);
INSERT INTO `sys_logininfor` VALUES (1571687887915659265, 'admin', '223.112.3.243', '0', '登录成功', '2022-09-19 10:29:28', NULL, NULL, NULL);
INSERT INTO `sys_logininfor` VALUES (1571688187506405377, 'admin', '223.112.3.243', '0', '退出成功', '2022-09-19 10:30:39', NULL, NULL, NULL);
INSERT INTO `sys_logininfor` VALUES (1571688232154771457, 'admin', '223.112.3.243', '0', '登录成功', '2022-09-19 10:30:50', NULL, NULL, NULL);
INSERT INTO `sys_logininfor` VALUES (1571705521889554433, 'admin', '180.101.128.240', '0', '登录成功', '2022-09-19 11:39:32', NULL, NULL, NULL);
INSERT INTO `sys_logininfor` VALUES (1571740466062241793, 'admin', '223.112.3.243', '0', '登录成功', '2022-09-19 13:58:23', NULL, NULL, NULL);
INSERT INTO `sys_logininfor` VALUES (1571823687236005890, 'admin', '223.65.41.168', '0', '登录成功', '2022-09-19 19:29:05', NULL, NULL, NULL);
INSERT INTO `sys_logininfor` VALUES (1571845059064573953, 'admin', '223.65.41.168', '0', '登录成功', '2022-09-19 20:54:00', NULL, NULL, NULL);
INSERT INTO `sys_logininfor` VALUES (1571876330151030785, 'admin', '223.104.150.59', '0', '登录成功', '2022-09-19 22:58:16', NULL, NULL, NULL);
INSERT INTO `sys_logininfor` VALUES (1572004849485033473, 'admin', '223.104.150.115', '0', '登录成功', '2022-09-20 07:28:57', NULL, NULL, NULL);
INSERT INTO `sys_logininfor` VALUES (1572010256970493953, 'admin', '223.112.3.243', '0', '登录成功', '2022-09-20 07:50:26', NULL, NULL, NULL);
INSERT INTO `sys_logininfor` VALUES (1572023560812048385, 'admin', '223.112.3.243', '0', '登录成功', '2022-09-20 08:43:18', NULL, NULL, NULL);
INSERT INTO `sys_logininfor` VALUES (1572035742958301186, 'test01', '223.112.3.243', '0', '登录成功', '2022-09-20 09:31:43', NULL, NULL, NULL);
INSERT INTO `sys_logininfor` VALUES (1572035764558966785, 'test01', '223.112.3.243', '0', '退出成功', '2022-09-20 09:31:48', NULL, NULL, NULL);
INSERT INTO `sys_logininfor` VALUES (1572035780463767554, 'test01', '223.112.3.243', '1', '密码输入错误1次', '2022-09-20 09:31:52', NULL, NULL, NULL);
INSERT INTO `sys_logininfor` VALUES (1572035805193383937, 'test01', '223.112.3.243', '1', '密码输入错误2次', '2022-09-20 09:31:58', NULL, NULL, NULL);
INSERT INTO `sys_logininfor` VALUES (1572063662397403137, 'admin', '223.112.3.243', '0', '登录成功', '2022-09-20 11:22:39', NULL, NULL, NULL);
INSERT INTO `sys_logininfor` VALUES (1572105076044935170, 'admin', '223.112.3.243', '0', '登录成功', '2022-09-20 14:07:13', NULL, NULL, NULL);
INSERT INTO `sys_logininfor` VALUES (1572110629664141313, 'admin', '223.112.3.243', '0', '退出成功', '2022-09-20 14:29:17', NULL, NULL, NULL);
INSERT INTO `sys_logininfor` VALUES (1572110661972865026, 'admin', '223.112.3.243', '0', '登录成功', '2022-09-20 14:29:25', NULL, NULL, NULL);
INSERT INTO `sys_logininfor` VALUES (1572121359247421441, 'admin', '223.112.3.243', '0', '登录成功', '2022-09-20 15:11:55', NULL, NULL, NULL);
INSERT INTO `sys_logininfor` VALUES (1572178777591459842, 'admin', '223.65.41.168', '0', '登录成功', '2022-09-20 19:00:05', NULL, NULL, NULL);
INSERT INTO `sys_logininfor` VALUES (1572191330002481153, 'admin', '223.65.41.168', '1', '密码输入错误1次', '2022-09-20 19:49:58', NULL, NULL, NULL);
INSERT INTO `sys_logininfor` VALUES (1572191364060229634, 'admin', '223.65.41.168', '0', '登录成功', '2022-09-20 19:50:06', NULL, NULL, NULL);
INSERT INTO `sys_logininfor` VALUES (1572195437740240898, 'admin', '223.65.41.168', '0', '登录成功', '2022-09-20 20:06:17', NULL, NULL, NULL);
INSERT INTO `sys_logininfor` VALUES (1572195702224662529, 'admin', '223.65.41.168', '0', '退出成功', '2022-09-20 20:07:20', NULL, NULL, NULL);
INSERT INTO `sys_logininfor` VALUES (1572195784827285505, 'admin', '223.65.41.168', '1', '密码输入错误1次', '2022-09-20 20:07:40', NULL, NULL, NULL);
INSERT INTO `sys_logininfor` VALUES (1572195815114354689, 'admin', '223.65.41.168', '0', '登录成功', '2022-09-20 20:07:47', NULL, NULL, NULL);
INSERT INTO `sys_logininfor` VALUES (1572195917505703938, 'admin', '223.65.41.168', '0', '登录成功', '2022-09-20 20:08:11', NULL, NULL, NULL);
INSERT INTO `sys_logininfor` VALUES (1572198811478994946, 'admin', '223.65.41.168', '0', '登录成功', '2022-09-20 20:19:41', NULL, NULL, NULL);
INSERT INTO `sys_logininfor` VALUES (1572239678260588545, 'admin', '223.65.41.168', '0', '登录成功', '2022-09-20 23:02:05', NULL, NULL, NULL);
INSERT INTO `sys_logininfor` VALUES (1572365898814009346, 'admin', '223.104.150.43', '0', '登录成功', '2022-09-21 07:23:38', NULL, NULL, NULL);
INSERT INTO `sys_logininfor` VALUES (1572372405832069121, 'admin', '223.112.3.243', '0', '登录成功', '2022-09-21 07:49:29', NULL, NULL, NULL);
INSERT INTO `sys_logininfor` VALUES (1572375482370830337, 'admin', '223.112.3.243', '1', '密码输入错误1次', '2022-09-21 08:01:43', NULL, NULL, NULL);
INSERT INTO `sys_logininfor` VALUES (1572375519905656834, 'admin', '223.112.3.243', '0', '登录成功', '2022-09-21 08:01:52', NULL, NULL, NULL);
INSERT INTO `sys_logininfor` VALUES (1572413891630018562, 'admin', '223.112.3.243', '0', '登录成功', '2022-09-21 10:34:20', NULL, NULL, NULL);
INSERT INTO `sys_logininfor` VALUES (1572465714864795649, 'admin', '223.112.3.243', '0', '登录成功', '2022-09-21 14:00:16', NULL, NULL, NULL);
INSERT INTO `sys_logininfor` VALUES (1572465784465076225, 'admin', '223.112.3.243', '0', '退出成功', '2022-09-21 14:00:33', NULL, NULL, NULL);
INSERT INTO `sys_logininfor` VALUES (1572465854954549249, 'test01', '223.112.3.243', '1', '密码输入错误1次', '2022-09-21 14:00:49', NULL, NULL, NULL);
INSERT INTO `sys_logininfor` VALUES (1572465867717816322, 'test01', '223.112.3.243', '1', '密码输入错误2次', '2022-09-21 14:00:53', NULL, NULL, NULL);
INSERT INTO `sys_logininfor` VALUES (1572465884574724098, 'test01', '223.112.3.243', '1', '密码输入错误3次', '2022-09-21 14:00:57', NULL, NULL, NULL);
INSERT INTO `sys_logininfor` VALUES (1572465895194701826, 'test01', '223.112.3.243', '1', '密码输入错误4次', '2022-09-21 14:00:59', NULL, NULL, NULL);
INSERT INTO `sys_logininfor` VALUES (1572465912059998210, 'test01', '223.112.3.243', '1', '密码输入错误5次，帐户锁定10分钟', '2022-09-21 14:01:03', NULL, NULL, NULL);
INSERT INTO `sys_logininfor` VALUES (1572465937041272834, 'test01', '223.112.3.243', '1', '密码输入错误5次，帐户锁定10分钟', '2022-09-21 14:01:09', NULL, NULL, NULL);
INSERT INTO `sys_logininfor` VALUES (1572465999679008769, 'admin', '223.112.3.243', '0', '登录成功', '2022-09-21 14:01:24', NULL, NULL, NULL);
INSERT INTO `sys_logininfor` VALUES (1572466087285436417, 'admin', '223.112.3.243', '0', '退出成功', '2022-09-21 14:01:45', NULL, NULL, NULL);
INSERT INTO `sys_logininfor` VALUES (1572466132147712001, 'test01', '223.112.3.243', '0', '登录成功', '2022-09-21 14:01:56', NULL, NULL, NULL);
INSERT INTO `sys_logininfor` VALUES (1572466173595824129, 'test01', '223.112.3.243', '0', '退出成功', '2022-09-21 14:02:05', NULL, NULL, NULL);
INSERT INTO `sys_logininfor` VALUES (1572466222925033473, 'admin', '223.112.3.243', '0', '登录成功', '2022-09-21 14:02:17', NULL, NULL, NULL);
INSERT INTO `sys_logininfor` VALUES (1572466290646265858, 'admin', '223.112.3.243', '0', '退出成功', '2022-09-21 14:02:33', NULL, NULL, NULL);
INSERT INTO `sys_logininfor` VALUES (1572466367536246786, 'admin', '223.112.3.243', '0', '登录成功', '2022-09-21 14:02:52', NULL, NULL, NULL);
INSERT INTO `sys_logininfor` VALUES (1572466454752604162, 'admin', '223.112.3.243', '0', '退出成功', '2022-09-21 14:03:12', NULL, NULL, NULL);
INSERT INTO `sys_logininfor` VALUES (1572467030471159810, 'test01', '223.112.3.243', '0', '登录成功', '2022-09-21 14:05:30', NULL, NULL, NULL);
INSERT INTO `sys_logininfor` VALUES (1572467223966986242, 'test01', '223.112.3.243', '0', '退出成功', '2022-09-21 14:06:16', NULL, NULL, NULL);
INSERT INTO `sys_logininfor` VALUES (1572468377547386881, 'admin', '223.112.3.243', '0', '登录成功', '2022-09-21 14:10:51', NULL, NULL, NULL);
INSERT INTO `sys_logininfor` VALUES (1572479319991595010, 'admin', '223.112.3.243', '0', '登录成功', '2022-09-21 14:54:20', NULL, NULL, NULL);
INSERT INTO `sys_logininfor` VALUES (1572485976322682882, 'admin', '223.104.150.75', '0', '登录成功', '2022-09-21 15:20:47', NULL, NULL, NULL);
INSERT INTO `sys_logininfor` VALUES (1572504247071617026, 'admin', '223.112.3.243', '0', '登录成功', '2022-09-21 16:33:23', NULL, NULL, NULL);
INSERT INTO `sys_logininfor` VALUES (1572517012310011906, 'admin', '223.104.147.67', '0', '登录成功', '2022-09-21 17:24:06', NULL, NULL, NULL);
INSERT INTO `sys_logininfor` VALUES (1572525780464775169, 'admin', '182.108.32.182', '1', '密码输入错误1次', '2022-09-21 17:58:57', NULL, NULL, NULL);
INSERT INTO `sys_logininfor` VALUES (1572525801901862914, 'admin', '182.108.32.182', '1', '密码输入错误2次', '2022-09-21 17:59:02', NULL, NULL, NULL);
INSERT INTO `sys_logininfor` VALUES (1572538398134972418, 'admin', '223.65.41.168', '0', '登录成功', '2022-09-21 18:49:05', NULL, NULL, NULL);
INSERT INTO `sys_logininfor` VALUES (1572740690360610818, 'admin', '223.112.3.243', '0', '登录成功', '2022-09-22 08:12:55', NULL, NULL, NULL);
INSERT INTO `sys_logininfor` VALUES (1572845404829986817, 'admin', '223.112.3.243', '0', '登录成功', '2022-09-22 15:09:01', NULL, NULL, NULL);
INSERT INTO `sys_logininfor` VALUES (1572845890685579265, 'admin', '223.112.3.243', '0', '登录成功', '2022-09-22 15:10:57', NULL, NULL, NULL);
INSERT INTO `sys_logininfor` VALUES (1572846674919763970, 'admin', '223.112.3.243', '0', '登录成功', '2022-09-22 15:14:04', NULL, NULL, NULL);
INSERT INTO `sys_logininfor` VALUES (1572904481626992641, 'admin', '183.209.138.48', '0', '登录成功', '2022-09-22 19:03:46', NULL, NULL, NULL);
INSERT INTO `sys_logininfor` VALUES (1572905913042284546, 'admin', '183.209.138.48', '0', '登录成功', '2022-09-22 19:09:28', NULL, NULL, NULL);
INSERT INTO `sys_logininfor` VALUES (1573098389329883138, 'admin', '122.96.105.26', '0', '登录成功', '2022-09-23 07:54:17', NULL, NULL, NULL);
INSERT INTO `sys_logininfor` VALUES (1573114496367407105, 'admin', '122.96.105.26', '0', '退出成功', '2022-09-23 08:58:18', NULL, NULL, NULL);
INSERT INTO `sys_logininfor` VALUES (1573114525190664193, 'test01', '122.96.105.26', '0', '登录成功', '2022-09-23 08:58:25', NULL, NULL, NULL);
INSERT INTO `sys_logininfor` VALUES (1573114711468093441, 'test01', '122.96.105.26', '0', '退出成功', '2022-09-23 08:59:09', NULL, NULL, NULL);
INSERT INTO `sys_logininfor` VALUES (1573114754459709441, 'admin', '122.96.105.26', '0', '登录成功', '2022-09-23 08:59:19', NULL, NULL, NULL);
INSERT INTO `sys_logininfor` VALUES (1573224070093156353, 'admin', '122.96.105.26', '0', '登录成功', '2022-09-23 16:13:42', NULL, NULL, NULL);
INSERT INTO `sys_logininfor` VALUES (1573255317381132290, 'admin', '183.209.136.16', '0', '登录成功', '2022-09-23 18:17:52', NULL, NULL, NULL);
INSERT INTO `sys_logininfor` VALUES (1573258508839628801, 'admin', '183.209.136.16', '0', '登录成功', '2022-09-23 18:30:33', NULL, NULL, NULL);
INSERT INTO `sys_logininfor` VALUES (1573261490117357569, 'admin', '183.209.136.16', '0', '登录成功', '2022-09-23 18:42:24', NULL, NULL, NULL);
INSERT INTO `sys_logininfor` VALUES (1573321780381036545, 'admin', '183.209.136.16', '0', '登录成功', '2022-09-23 22:41:58', NULL, NULL, NULL);
INSERT INTO `sys_logininfor` VALUES (1573470442570592257, 'admin', '183.209.136.16', '0', '登录成功', '2022-09-24 08:32:42', NULL, NULL, NULL);
INSERT INTO `sys_logininfor` VALUES (1573491042810802177, 'admin', '183.209.136.16', '0', '登录成功', '2022-09-24 09:54:33', NULL, NULL, NULL);
INSERT INTO `sys_logininfor` VALUES (1573516733560336386, 'admin', '223.104.4.67', '0', '登录成功', '2022-09-24 11:36:38', NULL, NULL, NULL);
INSERT INTO `sys_logininfor` VALUES (1573660176802590721, 'admin', '223.104.4.67', '0', '登录成功', '2022-09-24 21:06:38', NULL, NULL, NULL);
INSERT INTO `sys_logininfor` VALUES (1573854293633478657, 'admin', '183.209.136.16', '0', '登录成功', '2022-09-25 09:57:59', NULL, NULL, NULL);
INSERT INTO `sys_logininfor` VALUES (1573854394888171521, 'admin', '183.209.136.16', '0', '退出成功', '2022-09-25 09:58:23', NULL, NULL, NULL);
INSERT INTO `sys_logininfor` VALUES (1573854422952259585, 'admin', '183.209.136.16', '0', '登录成功', '2022-09-25 09:58:30', NULL, NULL, NULL);
INSERT INTO `sys_logininfor` VALUES (1573854546625507330, 'admin', '183.209.136.16', '0', '登录成功', '2022-09-25 09:58:59', NULL, NULL, NULL);
INSERT INTO `sys_logininfor` VALUES (1573854615651168257, 'admin', '183.209.136.16', '0', '登录成功', '2022-09-25 09:59:16', NULL, NULL, NULL);
INSERT INTO `sys_logininfor` VALUES (1573910912807415809, 'admin', '183.209.136.16', '0', '登录成功', '2022-09-25 13:42:58', NULL, NULL, NULL);
INSERT INTO `sys_logininfor` VALUES (1573981333942644738, 'admin', '183.209.136.16', '0', '登录成功', '2022-09-25 18:22:48', NULL, NULL, NULL);
INSERT INTO `sys_logininfor` VALUES (1574205775234936833, 'admin', '180.101.128.240', '0', '登录成功', '2022-09-26 09:14:39', NULL, NULL, NULL);
INSERT INTO `sys_logininfor` VALUES (1574224852598861825, 'admin', '180.101.128.240', '0', '退出成功', '2022-09-26 10:30:27', NULL, NULL, NULL);
INSERT INTO `sys_logininfor` VALUES (1574224882550386689, 'test01', '180.101.128.240', '0', '登录成功', '2022-09-26 10:30:34', NULL, NULL, NULL);
INSERT INTO `sys_logininfor` VALUES (1574225148939022337, 'test01', '180.101.128.240', '0', '退出成功', '2022-09-26 10:31:38', NULL, NULL, NULL);
INSERT INTO `sys_logininfor` VALUES (1574225181499404290, 'admin', '180.101.128.240', '1', '密码输入错误1次', '2022-09-26 10:31:46', NULL, NULL, NULL);
INSERT INTO `sys_logininfor` VALUES (1574225210117140482, 'admin', '180.101.128.240', '0', '登录成功', '2022-09-26 10:31:52', NULL, NULL, NULL);
INSERT INTO `sys_logininfor` VALUES (1574225274696839169, 'admin', '180.101.128.240', '0', '退出成功', '2022-09-26 10:32:08', NULL, NULL, NULL);
INSERT INTO `sys_logininfor` VALUES (1574225313800335361, 'test01', '180.101.128.240', '0', '登录成功', '2022-09-26 10:32:17', NULL, NULL, NULL);
INSERT INTO `sys_logininfor` VALUES (1574225969768509441, 'test01', '180.101.128.240', '0', '退出成功', '2022-09-26 10:34:54', NULL, NULL, NULL);
INSERT INTO `sys_logininfor` VALUES (1574226000831524865, 'admin', '180.101.128.240', '0', '登录成功', '2022-09-26 10:35:01', NULL, NULL, NULL);
INSERT INTO `sys_logininfor` VALUES (1574226482551533570, 'admin', '180.101.128.240', '0', '退出成功', '2022-09-26 10:36:56', NULL, NULL, NULL);
INSERT INTO `sys_logininfor` VALUES (1574226552990674946, 'test01', '180.101.128.240', '0', '登录成功', '2022-09-26 10:37:13', NULL, NULL, NULL);
INSERT INTO `sys_logininfor` VALUES (1574226881404678145, 'test01', '180.101.128.240', '0', '退出成功', '2022-09-26 10:38:31', NULL, NULL, NULL);
INSERT INTO `sys_logininfor` VALUES (1574226910131466242, 'admin', '180.101.128.240', '0', '登录成功', '2022-09-26 10:38:38', NULL, NULL, NULL);
INSERT INTO `sys_logininfor` VALUES (1574232861492326402, 'admin', '180.101.128.240', '0', '退出成功', '2022-09-26 11:02:17', NULL, NULL, NULL);
INSERT INTO `sys_logininfor` VALUES (1574232949799202817, 'admin', '180.101.128.240', '0', '登录成功', '2022-09-26 11:02:38', NULL, NULL, NULL);
INSERT INTO `sys_logininfor` VALUES (1574239881591205890, 'admin', '180.101.128.240', '0', '登录成功', '2022-09-26 11:30:10', NULL, NULL, NULL);
INSERT INTO `sys_logininfor` VALUES (1574281755882369026, 'admin', '180.101.128.240', '0', '登录成功', '2022-09-26 14:16:34', NULL, NULL, NULL);
INSERT INTO `sys_logininfor` VALUES (1574295866007564290, 'admin', '180.101.128.240', '0', '退出成功', '2022-09-26 15:12:38', NULL, NULL, NULL);
INSERT INTO `sys_logininfor` VALUES (1574295990137991170, 'admin', '180.101.128.240', '0', '登录成功', '2022-09-26 15:13:08', NULL, NULL, NULL);
INSERT INTO `sys_logininfor` VALUES (1574327051572162562, 'admin', '117.136.46.110', '0', '登录成功', '2022-09-26 17:16:33', NULL, NULL, NULL);
INSERT INTO `sys_logininfor` VALUES (1574343090225754113, 'admin', '183.209.136.16', '0', '登录成功', '2022-09-26 18:20:17', NULL, NULL, NULL);
INSERT INTO `sys_logininfor` VALUES (1574548290806951938, 'admin', '180.101.128.240', '0', '登录成功', '2022-09-27 07:55:41', NULL, NULL, NULL);
INSERT INTO `sys_logininfor` VALUES (1574575217865338882, 'admin', '180.101.128.240', '0', '登录成功', '2022-09-27 09:42:41', NULL, NULL, NULL);
INSERT INTO `sys_logininfor` VALUES (1574640270467608577, 'admin', '180.101.128.240', '0', '登录成功', '2022-09-27 14:01:11', NULL, NULL, NULL);
INSERT INTO `sys_logininfor` VALUES (1574646076806213633, 'admin', '117.136.45.129', '1', '密码输入错误1次', '2022-09-27 14:24:15', NULL, NULL, NULL);
INSERT INTO `sys_logininfor` VALUES (1574646532169216001, 'admin', '117.136.45.129', '0', '登录成功', '2022-09-27 14:26:03', NULL, NULL, NULL);
INSERT INTO `sys_logininfor` VALUES (1574646697374461954, 'admin', '117.136.45.129', '0', '登录成功', '2022-09-27 14:26:43', NULL, NULL, NULL);
INSERT INTO `sys_logininfor` VALUES (1574646741775364097, 'admin', '117.136.45.129', '0', '退出成功', '2022-09-27 14:26:53', NULL, NULL, NULL);
INSERT INTO `sys_logininfor` VALUES (1574646802110427138, 'admin', '117.136.45.129', '0', '登录成功', '2022-09-27 14:27:08', NULL, NULL, NULL);
INSERT INTO `sys_logininfor` VALUES (1574646947346591745, 'admin', '117.136.45.129', '0', '登录成功', '2022-09-27 14:27:42', NULL, NULL, NULL);
INSERT INTO `sys_logininfor` VALUES (1574666192201658370, 'admin', '180.101.128.240', '0', '登录成功', '2022-09-27 15:44:11', NULL, NULL, NULL);
INSERT INTO `sys_logininfor` VALUES (1574696434668613633, 'admin', '183.209.136.16', '0', '登录成功', '2022-09-27 17:44:21', NULL, NULL, NULL);
INSERT INTO `sys_logininfor` VALUES (1574698987066175490, 'admin', '183.209.136.16', '0', '退出成功', '2022-09-27 17:54:30', NULL, NULL, NULL);
INSERT INTO `sys_logininfor` VALUES (1574699056641290242, 'test01', '183.209.136.16', '1', '密码输入错误1次', '2022-09-27 17:54:46', NULL, NULL, NULL);
INSERT INTO `sys_logininfor` VALUES (1574699067181576193, 'test01', '183.209.136.16', '1', '密码输入错误2次', '2022-09-27 17:54:49', NULL, NULL, NULL);
INSERT INTO `sys_logininfor` VALUES (1574699076509708290, 'test01', '183.209.136.16', '1', '密码输入错误3次', '2022-09-27 17:54:51', NULL, NULL, NULL);
INSERT INTO `sys_logininfor` VALUES (1574699089595936769, 'test01', '183.209.136.16', '1', '密码输入错误4次', '2022-09-27 17:54:54', NULL, NULL, NULL);
INSERT INTO `sys_logininfor` VALUES (1574699102237569026, 'test01', '183.209.136.16', '1', '密码输入错误5次，帐户锁定10分钟', '2022-09-27 17:54:57', NULL, NULL, NULL);
INSERT INTO `sys_logininfor` VALUES (1574699125092331521, 'test01', '183.209.136.16', '1', '密码输入错误5次，帐户锁定10分钟', '2022-09-27 17:55:03', NULL, NULL, NULL);
INSERT INTO `sys_logininfor` VALUES (1574699147968065537, 'test01', '183.209.136.16', '1', '密码输入错误5次，帐户锁定10分钟', '2022-09-27 17:55:08', NULL, NULL, NULL);
INSERT INTO `sys_logininfor` VALUES (1574699201181200386, 'admin', '183.209.136.16', '0', '登录成功', '2022-09-27 17:55:21', NULL, NULL, NULL);
INSERT INTO `sys_logininfor` VALUES (1574699316352593922, 'admin', '183.209.136.16', '0', '退出成功', '2022-09-27 17:55:48', NULL, NULL, NULL);
INSERT INTO `sys_logininfor` VALUES (1574699384942047233, 'admin', '183.209.136.16', '0', '登录成功', '2022-09-27 17:56:05', NULL, NULL, NULL);
INSERT INTO `sys_logininfor` VALUES (1574699745077571585, 'admin', '183.209.136.16', '0', '登录成功', '2022-09-27 17:57:30', NULL, NULL, NULL);
INSERT INTO `sys_logininfor` VALUES (1574907493757169666, 'admin', '122.96.105.26', '0', '登录成功', '2022-09-28 07:43:02', NULL, NULL, NULL);
INSERT INTO `sys_logininfor` VALUES (1574919291973611522, 'admin', '122.96.105.26', '0', '登录成功', '2022-09-28 08:29:54', NULL, NULL, NULL);
INSERT INTO `sys_logininfor` VALUES (1575022567012380674, 'admin', '122.96.105.26', '0', '登录成功', '2022-09-28 15:20:17', NULL, NULL, NULL);
INSERT INTO `sys_logininfor` VALUES (1575022587371532290, 'admin', '122.96.105.26', '0', '退出成功', '2022-09-28 15:20:22', NULL, NULL, NULL);
INSERT INTO `sys_logininfor` VALUES (1575022618921086977, 'test01', '122.96.105.26', '0', '登录成功', '2022-09-28 15:20:30', NULL, NULL, NULL);
INSERT INTO `sys_logininfor` VALUES (1575022632149921794, 'test01', '122.96.105.26', '0', '退出成功', '2022-09-28 15:20:33', NULL, NULL, NULL);
INSERT INTO `sys_logininfor` VALUES (1575022663217131521, 'admin', '122.96.105.26', '0', '登录成功', '2022-09-28 15:20:40', NULL, NULL, NULL);
INSERT INTO `sys_logininfor` VALUES (1575035736623624193, 'admin', '117.136.45.144', '0', '登录成功', '2022-09-28 16:12:37', NULL, NULL, NULL);
INSERT INTO `sys_logininfor` VALUES (1575068514098556929, 'admin', '183.209.136.16', '0', '登录成功', '2022-09-28 18:22:52', NULL, NULL, NULL);
INSERT INTO `sys_logininfor` VALUES (1575313883495608321, 'admiN', '223.104.150.87', '0', '登录成功', '2022-09-29 10:37:52', NULL, NULL, NULL);
INSERT INTO `sys_logininfor` VALUES (1575314051699781634, 'admin', '223.104.150.87', '0', '退出成功', '2022-09-29 10:38:33', NULL, NULL, NULL);
INSERT INTO `sys_logininfor` VALUES (1575314112496218114, 'admin', '223.104.150.87', '1', '密码输入错误1次', '2022-09-29 10:38:47', NULL, NULL, NULL);
INSERT INTO `sys_logininfor` VALUES (1575314173829525506, 'admin', '223.104.150.87', '1', '密码输入错误2次', '2022-09-29 10:39:02', NULL, NULL, NULL);
INSERT INTO `sys_logininfor` VALUES (1575314216217161730, 'admin', '223.104.150.87', '0', '登录成功', '2022-09-29 10:39:12', NULL, NULL, NULL);
INSERT INTO `sys_logininfor` VALUES (1575368130945822722, 'admin', '122.96.105.26', '0', '登录成功', '2022-09-29 14:13:26', NULL, NULL, NULL);
INSERT INTO `sys_logininfor` VALUES (1575384031917191169, 'admin', '122.96.105.26', '0', '登录成功', '2022-09-29 15:16:37', NULL, NULL, NULL);
INSERT INTO `sys_logininfor` VALUES (1575422170375335937, 'admin', '183.209.136.16', '0', '登录成功', '2022-09-29 17:48:10', NULL, NULL, NULL);
INSERT INTO `sys_logininfor` VALUES (1575426503268253697, 'admin', '127.0.0.1', '0', '退出成功', '2022-09-29 18:05:23', NULL, NULL, NULL);
INSERT INTO `sys_logininfor` VALUES (1575426529247772674, 'admin', '127.0.0.1', '0', '登录成功', '2022-09-29 18:05:29', NULL, NULL, NULL);
INSERT INTO `sys_logininfor` VALUES (1575808815336243202, 'admin', '127.0.0.1', '1', '密码输入错误1次', '2022-09-30 19:24:33', NULL, NULL, NULL);
INSERT INTO `sys_logininfor` VALUES (1575808873888727042, 'admin', '127.0.0.1', '0', '登录成功', '2022-09-30 19:24:47', NULL, NULL, NULL);
INSERT INTO `sys_logininfor` VALUES (1575818028150140929, 'admin', '127.0.0.1', '0', '退出成功', '2022-09-30 20:01:10', NULL, NULL, NULL);
INSERT INTO `sys_logininfor` VALUES (1575818028166918146, 'admin', '127.0.0.1', '0', '退出成功', '2022-09-30 20:01:10', NULL, NULL, NULL);
INSERT INTO `sys_logininfor` VALUES (1575818028166918147, 'admin', '127.0.0.1', '0', '退出成功', '2022-09-30 20:01:10', NULL, NULL, NULL);
INSERT INTO `sys_logininfor` VALUES (1575818219452350466, 'admin', '127.0.0.1', '0', '登录成功', '2022-09-30 20:01:55', NULL, NULL, NULL);
INSERT INTO `sys_logininfor` VALUES (1575819288978898945, 'admin', '127.0.0.1', '0', '退出成功', '2022-09-30 20:06:10', NULL, NULL, NULL);
INSERT INTO `sys_logininfor` VALUES (1575819288978898946, 'admin', '127.0.0.1', '0', '退出成功', '2022-09-30 20:06:10', NULL, NULL, NULL);
INSERT INTO `sys_logininfor` VALUES (1575819288999870466, 'admin', '127.0.0.1', '0', '退出成功', '2022-09-30 20:06:10', NULL, NULL, NULL);
INSERT INTO `sys_logininfor` VALUES (1575819343433547778, 'admin', '127.0.0.1', '0', '登录成功', '2022-09-30 20:06:23', NULL, NULL, NULL);
INSERT INTO `sys_logininfor` VALUES (1575825448435970050, 'admin', '127.0.0.1', '0', '登录成功', '2022-09-30 20:30:39', NULL, NULL, NULL);
INSERT INTO `sys_logininfor` VALUES (1575832610566557698, 'admin', '127.0.0.1', '0', '登录成功', '2022-09-30 20:59:07', NULL, NULL, NULL);
INSERT INTO `sys_logininfor` VALUES (1575833550115819522, 'admin', '127.0.0.1', '0', '退出成功', '2022-09-30 21:02:51', NULL, NULL, NULL);
INSERT INTO `sys_logininfor` VALUES (1575833576443465729, 'admin', '127.0.0.1', '0', '登录成功', '2022-09-30 21:02:57', NULL, NULL, NULL);
INSERT INTO `sys_logininfor` VALUES (1576008143862460418, 'admin', '127.0.0.1', '0', '登录成功', '2022-10-01 08:36:37', NULL, NULL, NULL);
INSERT INTO `sys_logininfor` VALUES (1576012372656234498, 'admin', '127.0.0.1', '0', '退出成功', '2022-10-01 08:53:25', NULL, NULL, NULL);
INSERT INTO `sys_logininfor` VALUES (1576014706496901121, 'admin', '127.0.0.1', '0', '登录成功', '2022-10-01 09:02:42', NULL, NULL, NULL);
INSERT INTO `sys_logininfor` VALUES (1576027998535778305, 'admin', '127.0.0.1', '0', '登录成功', '2022-10-01 09:55:31', NULL, NULL, NULL);
INSERT INTO `sys_logininfor` VALUES (1576035952156721154, 'test01', '127.0.0.1', '1', '密码输入错误1次', '2022-10-01 10:27:07', NULL, NULL, NULL);
INSERT INTO `sys_logininfor` VALUES (1576371667310669826, 'admin', '127.0.0.1', '0', '登录成功', '2022-10-02 08:41:08', NULL, NULL, NULL);
INSERT INTO `sys_logininfor` VALUES (1576374665814470658, 'admin', '127.0.0.1', '0', '登录成功', '2022-10-02 08:53:03', NULL, NULL, NULL);
INSERT INTO `sys_logininfor` VALUES (1576389958519459842, 'admin', '127.0.0.1', '0', '登录成功', '2022-10-02 09:53:49', NULL, NULL, NULL);
INSERT INTO `sys_logininfor` VALUES (1576391158019100674, 'admin', '127.0.0.1', '0', '退出成功', '2022-10-02 09:58:35', NULL, NULL, NULL);
INSERT INTO `sys_logininfor` VALUES (1576391184061534209, 'admin', '127.0.0.1', '0', '登录成功', '2022-10-02 09:58:41', NULL, NULL, NULL);
INSERT INTO `sys_logininfor` VALUES (1576391184183169025, 'admin', '127.0.0.1', '0', '退出成功', '2022-10-02 09:58:41', NULL, NULL, NULL);
INSERT INTO `sys_logininfor` VALUES (1576392106661613570, 'admin', '127.0.0.1', '0', '登录成功', '2022-10-02 10:02:21', NULL, NULL, NULL);
INSERT INTO `sys_logininfor` VALUES (1576392106804219905, 'admin', '127.0.0.1', '0', '退出成功', '2022-10-02 10:02:21', NULL, NULL, NULL);
INSERT INTO `sys_logininfor` VALUES (1576426381779877890, 'admin', '127.0.0.1', '0', '登录成功', '2022-10-02 12:18:33', NULL, NULL, NULL);
INSERT INTO `sys_logininfor` VALUES (1576784082833752066, 'admin', '127.0.0.1', '0', '登录成功', '2022-10-03 11:59:55', NULL, NULL, NULL);
INSERT INTO `sys_logininfor` VALUES (1576797567684694018, 'admin', '127.0.0.1', '0', '登录成功', '2022-10-03 12:53:30', NULL, NULL, NULL);
INSERT INTO `sys_logininfor` VALUES (1578548152347860993, 'admin', '127.0.0.1', '0', '登录成功', '2022-10-08 08:49:42', NULL, NULL, NULL);
INSERT INTO `sys_logininfor` VALUES (1579779566271717377, 'admin', '127.0.0.1', '0', '登录成功', '2022-10-11 18:22:54', '内网IP', 'MSEdge', 'Windows 10 or Windows Server 2016');
INSERT INTO `sys_logininfor` VALUES (1579779619669401601, 'admin', '127.0.0.1', '0', '登录成功', '2022-10-11 18:23:07', '内网IP', 'Chrome', 'Windows 10 or Windows Server 2016');
INSERT INTO `sys_logininfor` VALUES (1580862586487549954, 'admin', '127.0.0.1', '0', '登录成功', '2022-10-14 18:06:26', '内网IP', 'Chrome', 'Windows 10 or Windows Server 2016');
INSERT INTO `sys_logininfor` VALUES (1583428468774522881, 'admin', '127.0.0.1', '0', '登录成功', '2022-10-21 20:02:20', '内网IP', 'Chrome', 'Windows 10 or Windows Server 2016');
INSERT INTO `sys_logininfor` VALUES (1587004214553726977, 'admin', '127.0.0.1', '0', '登录成功', '2022-10-31 16:51:05', '内网IP', 'Chrome', 'Windows 10 or Windows Server 2016');
INSERT INTO `sys_logininfor` VALUES (1587004271298465793, 'admin', '127.0.0.1', '0', '退出成功', '2022-10-31 16:51:18', '内网IP', 'Chrome', 'Windows 10 or Windows Server 2016');
INSERT INTO `sys_logininfor` VALUES (1587004297500282881, 'admin', '127.0.0.1', '0', '登录成功', '2022-10-31 16:51:24', '内网IP', 'Chrome', 'Windows 10 or Windows Server 2016');
INSERT INTO `sys_logininfor` VALUES (1587027031223447554, 'admin', '127.0.0.1', '0', '登录成功', '2022-10-31 18:21:44', '内网IP', 'Chrome', 'Windows 10 or Windows Server 2016');
INSERT INTO `sys_logininfor` VALUES (1587239461375451138, 'admin', '127.0.0.1', '1', '密码输入错误1次', '2022-11-01 08:25:52', '内网IP', 'Chrome', 'Windows 10 or Windows Server 2016');
INSERT INTO `sys_logininfor` VALUES (1587239523434373121, 'admin', '127.0.0.1', '0', '登录成功', '2022-11-01 08:26:07', '内网IP', 'Chrome', 'Windows 10 or Windows Server 2016');
INSERT INTO `sys_logininfor` VALUES (1587246114216878082, 'admin', '127.0.0.1', '0', '登录成功', '2022-11-01 08:52:18', '内网IP', 'MSEdge', 'Windows 10 or Windows Server 2016');
INSERT INTO `sys_logininfor` VALUES (1587252908481929217, 'admin', '127.0.0.1', '0', '登录成功', '2022-11-01 09:19:18', '内网IP', 'MSEdge', 'Windows 10 or Windows Server 2016');
INSERT INTO `sys_logininfor` VALUES (1587334166499033089, 'admin', '127.0.0.1', '0', '登录成功', '2022-11-01 14:42:11', '内网IP', 'Chrome', 'Windows 10 or Windows Server 2016');
INSERT INTO `sys_logininfor` VALUES (1587404834041327618, 'admin', '127.0.0.1', '0', '登录成功', '2022-11-01 19:23:00', '内网IP', 'Chrome', 'Windows 10 or Windows Server 2016');
INSERT INTO `sys_logininfor` VALUES (1587450241047883778, 'admin', '127.0.0.1', '0', '登录成功', '2022-11-01 22:23:26', '内网IP', 'Chrome', 'Windows 10 or Windows Server 2016');
INSERT INTO `sys_logininfor` VALUES (1587618089644953602, 'admin', '127.0.0.1', '0', '登录成功', '2022-11-02 09:30:24', '内网IP', 'Chrome', 'Windows 10 or Windows Server 2016');
INSERT INTO `sys_logininfor` VALUES (1587623026856591362, 'admin', '127.0.0.1', '0', '登录成功', '2022-11-02 09:50:01', '内网IP', 'Chrome', 'Windows 10 or Windows Server 2016');
INSERT INTO `sys_logininfor` VALUES (1587656137682317313, 'admin', '127.0.0.1', '0', '登录成功', '2022-11-02 12:01:35', '内网IP', 'Chrome', 'Windows 10 or Windows Server 2016');
INSERT INTO `sys_logininfor` VALUES (1587669905564889090, 'admin', '127.0.0.1', '0', '退出成功', '2022-11-02 12:56:18', '内网IP', 'Chrome', 'Windows 10 or Windows Server 2016');
INSERT INTO `sys_logininfor` VALUES (1587669933096300546, 'admin', '127.0.0.1', '0', '登录成功', '2022-11-02 12:56:24', '内网IP', 'Chrome', 'Windows 10 or Windows Server 2016');
INSERT INTO `sys_logininfor` VALUES (1587723455921721345, 'admin', '127.0.0.1', '0', '登录成功', '2022-11-02 16:29:05', '内网IP', 'Chrome', 'Windows 10 or Windows Server 2016');
INSERT INTO `sys_logininfor` VALUES (1587723686134484994, 'admin', '127.0.0.1', '0', '登录成功', '2022-11-02 16:30:00', '内网IP', 'Chrome', 'Windows 10 or Windows Server 2016');
INSERT INTO `sys_logininfor` VALUES (1587724096194809858, 'admin', '127.0.0.1', '0', '登录成功', '2022-11-02 16:31:38', '内网IP', 'MSEdge', 'Windows 10 or Windows Server 2016');
INSERT INTO `sys_logininfor` VALUES (1587739981143937026, 'admin', '127.0.0.1', '0', '登录成功', '2022-11-02 17:34:45', '内网IP', 'Chrome', 'Windows 10 or Windows Server 2016');
INSERT INTO `sys_logininfor` VALUES (1587771063335759874, 'admin', '127.0.0.1', '0', '登录成功', '2022-11-02 19:38:16', '内网IP', 'Chrome', 'Windows 10 or Windows Server 2016');
INSERT INTO `sys_logininfor` VALUES (1587812283537764353, 'admin', '127.0.0.1', '0', '登录成功', '2022-11-02 22:22:03', '内网IP', 'Chrome', 'Windows 10 or Windows Server 2016');
INSERT INTO `sys_logininfor` VALUES (1587947958161391617, 'admin', '127.0.0.1', '0', '登录成功', '2022-11-03 07:21:11', '内网IP', 'Chrome', 'Windows 10 or Windows Server 2016');
INSERT INTO `sys_logininfor` VALUES (1587967723189846018, 'admin', '127.0.0.1', '0', '退出成功', '2022-11-03 08:39:43', '内网IP', 'Chrome', 'Windows 10 or Windows Server 2016');
INSERT INTO `sys_logininfor` VALUES (1587967734917120002, 'admin', '127.0.0.1', '1', '密码输入错误1次', '2022-11-03 08:39:46', '内网IP', 'Chrome', 'Windows 10 or Windows Server 2016');
INSERT INTO `sys_logininfor` VALUES (1587967769960529921, 'admin', '127.0.0.1', '0', '登录成功', '2022-11-03 08:39:54', '内网IP', 'Chrome', 'Windows 10 or Windows Server 2016');
INSERT INTO `sys_logininfor` VALUES (1588052089425367041, 'admin', '127.0.0.1', '1', '密码输入错误1次', '2022-11-03 14:14:57', '内网IP', 'Chrome', 'Windows 10 or Windows Server 2016');
INSERT INTO `sys_logininfor` VALUES (1588052130328219650, 'admin', '127.0.0.1', '0', '登录成功', '2022-11-03 14:15:07', '内网IP', 'Chrome', 'Windows 10 or Windows Server 2016');
INSERT INTO `sys_logininfor` VALUES (1588067924260950018, 'admin', '127.0.0.1', '0', '退出成功', '2022-11-03 15:17:53', '内网IP', 'Chrome', 'Windows 10 or Windows Server 2016');
INSERT INTO `sys_logininfor` VALUES (1588067960461987841, 'admin', '127.0.0.1', '0', '登录成功', '2022-11-03 15:18:01', '内网IP', 'Chrome', 'Windows 10 or Windows Server 2016');
INSERT INTO `sys_logininfor` VALUES (1588076593392398337, 'admin', '127.0.0.1', '0', '登录成功', '2022-11-03 15:52:20', '内网IP', 'Chrome', 'Windows 10 or Windows Server 2016');
INSERT INTO `sys_logininfor` VALUES (1588090318090473474, 'admin', '127.0.0.1', '0', '登录成功', '2022-11-03 16:46:52', '内网IP', 'Chrome', 'Windows 10 or Windows Server 2016');
INSERT INTO `sys_logininfor` VALUES (1588093763493105666, 'admin', '127.0.0.1', '0', '退出成功', '2022-11-03 17:00:33', '内网IP', 'Chrome', 'Windows 10 or Windows Server 2016');
INSERT INTO `sys_logininfor` VALUES (1588093773022564354, 'admin', '127.0.0.1', '0', '登录成功', '2022-11-03 17:00:36', '内网IP', 'Chrome', 'Windows 10 or Windows Server 2016');
INSERT INTO `sys_logininfor` VALUES (1588094077050884098, 'admin', '127.0.0.1', '0', '退出成功', '2022-11-03 17:01:48', '内网IP', 'Chrome', 'Windows 10 or Windows Server 2016');
INSERT INTO `sys_logininfor` VALUES (1588094106830442498, 'test01', '127.0.0.1', '1', '密码输入错误1次', '2022-11-03 17:01:55', '内网IP', 'Chrome', 'Windows 10 or Windows Server 2016');
INSERT INTO `sys_logininfor` VALUES (1588094137348198402, 'test01', '127.0.0.1', '0', '登录成功', '2022-11-03 17:02:02', '内网IP', 'Chrome', 'Windows 10 or Windows Server 2016');
INSERT INTO `sys_logininfor` VALUES (1588125116846686210, 'test01', '127.0.0.1', '0', '登录成功', '2022-11-03 19:05:08', '内网IP', 'Chrome', 'Windows 10 or Windows Server 2016');
INSERT INTO `sys_logininfor` VALUES (1588316414497112065, 'test01', '127.0.0.1', '0', '登录成功', '2022-11-04 07:45:17', '内网IP', 'Chrome', 'Windows 10 or Windows Server 2016');
INSERT INTO `sys_logininfor` VALUES (1588322195552440321, 'test01', '127.0.0.1', '0', '退出成功', '2022-11-04 08:08:16', '内网IP', 'Chrome', 'Windows 10 or Windows Server 2016');
INSERT INTO `sys_logininfor` VALUES (1588322230130282498, 'admin', '127.0.0.1', '0', '登录成功', '2022-11-04 08:08:24', '内网IP', 'Chrome', 'Windows 10 or Windows Server 2016');
INSERT INTO `sys_logininfor` VALUES (1588346471357706242, 'admin', '127.0.0.1', '0', '登录成功', '2022-11-04 09:44:43', '内网IP', 'Chrome', 'Windows 10 or Windows Server 2016');
INSERT INTO `sys_logininfor` VALUES (1588346472477585409, 'admin', '127.0.0.1', '0', '退出成功', '2022-11-04 09:44:44', '内网IP', 'Chrome', 'Windows 10 or Windows Server 2016');
INSERT INTO `sys_logininfor` VALUES (1588346521450278913, 'admin', '127.0.0.1', '0', '登录成功', '2022-11-04 09:44:55', '内网IP', 'Chrome', 'Windows 10 or Windows Server 2016');
INSERT INTO `sys_logininfor` VALUES (1588346521647411201, 'admin', '127.0.0.1', '0', '退出成功', '2022-11-04 09:44:55', '内网IP', 'Chrome', 'Windows 10 or Windows Server 2016');
INSERT INTO `sys_logininfor` VALUES (1588347133923475457, 'admin', '127.0.0.1', '0', '登录成功', '2022-11-04 09:47:21', '内网IP', 'Chrome', 'Windows 10 or Windows Server 2016');
INSERT INTO `sys_logininfor` VALUES (1588350818829254658, 'admin', '127.0.0.1', '0', '退出成功', '2022-11-04 10:02:00', '内网IP', 'Chrome', 'Windows 10 or Windows Server 2016');
INSERT INTO `sys_logininfor` VALUES (1588351115400097794, 'admin', '127.0.0.1', '0', '登录成功', '2022-11-04 10:03:11', '内网IP', 'Chrome', 'Windows 10 or Windows Server 2016');
INSERT INTO `sys_logininfor` VALUES (1588731352554164226, 'admin', '127.0.0.1', '0', '登录成功', '2022-11-05 11:14:06', '内网IP', 'Chrome', 'Windows 10 or Windows Server 2016');
INSERT INTO `sys_logininfor` VALUES (1588732290320846849, 'admin', '127.0.0.1', '0', '登录成功', '2022-11-05 11:17:50', '内网IP', 'Chrome', 'Windows 10 or Windows Server 2016');
INSERT INTO `sys_logininfor` VALUES (1588823350875766786, 'admin', '127.0.0.1', '0', '登录成功', '2022-11-05 17:19:40', '内网IP', 'Chrome', 'Windows 10 or Windows Server 2016');
INSERT INTO `sys_logininfor` VALUES (1588828865051738114, 'admin', '127.0.0.1', '0', '退出成功', '2022-11-05 17:41:35', '内网IP', 'Chrome', 'Windows 10 or Windows Server 2016');
INSERT INTO `sys_logininfor` VALUES (1588828875684298754, 'admin', '127.0.0.1', '0', '登录成功', '2022-11-05 17:41:38', '内网IP', 'Chrome', 'Windows 10 or Windows Server 2016');
INSERT INTO `sys_logininfor` VALUES (1588838016138055681, 'admin', '127.0.0.1', '0', '退出成功', '2022-11-05 18:17:57', '内网IP', 'Chrome', 'Windows 10 or Windows Server 2016');
INSERT INTO `sys_logininfor` VALUES (1588838045984722946, 'test01', '127.0.0.1', '1', '密码输入错误1次', '2022-11-05 18:18:04', '内网IP', 'Chrome', 'Windows 10 or Windows Server 2016');
INSERT INTO `sys_logininfor` VALUES (1588838087533498369, 'test01', '127.0.0.1', '0', '登录成功', '2022-11-05 18:18:14', '内网IP', 'Chrome', 'Windows 10 or Windows Server 2016');
INSERT INTO `sys_logininfor` VALUES (1588839622443241473, 'test01', '127.0.0.1', '0', '退出成功', '2022-11-05 18:24:20', '内网IP', 'Chrome', 'Windows 10 or Windows Server 2016');
INSERT INTO `sys_logininfor` VALUES (1588839681645842434, 'admin', '127.0.0.1', '0', '登录成功', '2022-11-05 18:24:34', '内网IP', 'Chrome', 'Windows 10 or Windows Server 2016');
INSERT INTO `sys_logininfor` VALUES (1588839966564913153, 'admin', '127.0.0.1', '0', '退出成功', '2022-11-05 18:25:42', '内网IP', 'Chrome', 'Windows 10 or Windows Server 2016');
INSERT INTO `sys_logininfor` VALUES (1588839994943574018, 'test01', '127.0.0.1', '0', '登录成功', '2022-11-05 18:25:49', '内网IP', 'Chrome', 'Windows 10 or Windows Server 2016');
INSERT INTO `sys_logininfor` VALUES (1588840334933856258, 'test01', '127.0.0.1', '0', '退出成功', '2022-11-05 18:27:10', '内网IP', 'Chrome', 'Windows 10 or Windows Server 2016');
INSERT INTO `sys_logininfor` VALUES (1588840367049641986, 'admin', '127.0.0.1', '0', '登录成功', '2022-11-05 18:27:17', '内网IP', 'Chrome', 'Windows 10 or Windows Server 2016');
INSERT INTO `sys_logininfor` VALUES (1588840654082641922, 'admin', '127.0.0.1', '0', '退出成功', '2022-11-05 18:28:26', '内网IP', 'Chrome', 'Windows 10 or Windows Server 2016');
INSERT INTO `sys_logininfor` VALUES (1588840696315088898, 'test01', '127.0.0.1', '1', '密码输入错误1次', '2022-11-05 18:28:36', '内网IP', 'Chrome', 'Windows 10 or Windows Server 2016');
INSERT INTO `sys_logininfor` VALUES (1588840720298119169, 'test01', '127.0.0.1', '0', '登录成功', '2022-11-05 18:28:42', '内网IP', 'Chrome', 'Windows 10 or Windows Server 2016');
INSERT INTO `sys_logininfor` VALUES (1588842421457489921, 'test01', '127.0.0.1', '0', '退出成功', '2022-11-05 18:35:27', '内网IP', 'Chrome', 'Windows 10 or Windows Server 2016');
INSERT INTO `sys_logininfor` VALUES (1588842438788354049, 'test01', '127.0.0.1', '0', '登录成功', '2022-11-05 18:35:31', '内网IP', 'Chrome', 'Windows 10 or Windows Server 2016');
INSERT INTO `sys_logininfor` VALUES (1588842739775803393, 'test01', '127.0.0.1', '0', '退出成功', '2022-11-05 18:36:43', '内网IP', 'Chrome', 'Windows 10 or Windows Server 2016');
INSERT INTO `sys_logininfor` VALUES (1588842785401442306, 'admin', '127.0.0.1', '0', '登录成功', '2022-11-05 18:36:54', '内网IP', 'Chrome', 'Windows 10 or Windows Server 2016');
INSERT INTO `sys_logininfor` VALUES (1588843055778861057, 'admin', '127.0.0.1', '0', '退出成功', '2022-11-05 18:37:58', '内网IP', 'Chrome', 'Windows 10 or Windows Server 2016');
INSERT INTO `sys_logininfor` VALUES (1588843107406548993, 'test01', '127.0.0.1', '0', '登录成功', '2022-11-05 18:38:11', '内网IP', 'Chrome', 'Windows 10 or Windows Server 2016');
INSERT INTO `sys_logininfor` VALUES (1588843262524493825, 'test01', '127.0.0.1', '0', '退出成功', '2022-11-05 18:38:48', '内网IP', 'Chrome', 'Windows 10 or Windows Server 2016');
INSERT INTO `sys_logininfor` VALUES (1588843304429785090, 'admin', '127.0.0.1', '0', '登录成功', '2022-11-05 18:38:58', '内网IP', 'Chrome', 'Windows 10 or Windows Server 2016');
INSERT INTO `sys_logininfor` VALUES (1588843352106438658, 'admin', '127.0.0.1', '0', '退出成功', '2022-11-05 18:39:09', '内网IP', 'Chrome', 'Windows 10 or Windows Server 2016');
INSERT INTO `sys_logininfor` VALUES (1588843393084788738, 'test01', '127.0.0.1', '1', '密码输入错误1次', '2022-11-05 18:39:19', '内网IP', 'Chrome', 'Windows 10 or Windows Server 2016');
INSERT INTO `sys_logininfor` VALUES (1588843413200670722, 'test01', '127.0.0.1', '0', '登录成功', '2022-11-05 18:39:24', '内网IP', 'Chrome', 'Windows 10 or Windows Server 2016');
INSERT INTO `sys_logininfor` VALUES (1588844547277557761, 'test01', '127.0.0.1', '0', '退出成功', '2022-11-05 18:43:54', '内网IP', 'Chrome', 'Windows 10 or Windows Server 2016');
INSERT INTO `sys_logininfor` VALUES (1588844571986202625, 'admin', '127.0.0.1', '1', '密码输入错误1次', '2022-11-05 18:44:00', '内网IP', 'Chrome', 'Windows 10 or Windows Server 2016');
INSERT INTO `sys_logininfor` VALUES (1588844612415098882, 'admin', '127.0.0.1', '0', '登录成功', '2022-11-05 18:44:10', '内网IP', 'Chrome', 'Windows 10 or Windows Server 2016');
INSERT INTO `sys_logininfor` VALUES (1588845316160589825, 'admin', '127.0.0.1', '0', '退出成功', '2022-11-05 18:46:57', '内网IP', 'Chrome', 'Windows 10 or Windows Server 2016');
INSERT INTO `sys_logininfor` VALUES (1588845343280959490, 'test', '127.0.0.1', '0', '登录成功', '2022-11-05 18:47:04', '内网IP', 'Chrome', 'Windows 10 or Windows Server 2016');
INSERT INTO `sys_logininfor` VALUES (1588848017422368769, 'test', '127.0.0.1', '0', '退出成功', '2022-11-05 18:57:41', '内网IP', 'Chrome', 'Windows 10 or Windows Server 2016');
INSERT INTO `sys_logininfor` VALUES (1588848091867070465, 'test', '127.0.0.1', '0', '登录成功', '2022-11-05 18:57:59', '内网IP', 'Chrome', 'Windows 10 or Windows Server 2016');
INSERT INTO `sys_logininfor` VALUES (1588848206564507650, 'test', '127.0.0.1', '0', '退出成功', '2022-11-05 18:58:26', '内网IP', 'Chrome', 'Windows 10 or Windows Server 2016');
INSERT INTO `sys_logininfor` VALUES (1588848237094846465, 'test01', '127.0.0.1', '0', '登录成功', '2022-11-05 18:58:34', '内网IP', 'Chrome', 'Windows 10 or Windows Server 2016');
INSERT INTO `sys_logininfor` VALUES (1588850533916606466, 'test01', '127.0.0.1', '0', '退出成功', '2022-11-05 19:07:41', '内网IP', 'Chrome', 'Windows 10 or Windows Server 2016');
INSERT INTO `sys_logininfor` VALUES (1588850548214988801, 'test01', '127.0.0.1', '0', '登录成功', '2022-11-05 19:07:45', '内网IP', 'Chrome', 'Windows 10 or Windows Server 2016');
INSERT INTO `sys_logininfor` VALUES (1588850941829447682, 'test01', '127.0.0.1', '0', '退出成功', '2022-11-05 19:09:19', '内网IP', 'Chrome', 'Windows 10 or Windows Server 2016');
INSERT INTO `sys_logininfor` VALUES (1588850974196891650, 'admin', '127.0.0.1', '0', '登录成功', '2022-11-05 19:09:26', '内网IP', 'Chrome', 'Windows 10 or Windows Server 2016');
INSERT INTO `sys_logininfor` VALUES (1588851064869355521, 'admin', '127.0.0.1', '0', '退出成功', '2022-11-05 19:09:48', '内网IP', 'Chrome', 'Windows 10 or Windows Server 2016');
INSERT INTO `sys_logininfor` VALUES (1588851092157497346, 'test01', '127.0.0.1', '0', '登录成功', '2022-11-05 19:09:54', '内网IP', 'Chrome', 'Windows 10 or Windows Server 2016');
INSERT INTO `sys_logininfor` VALUES (1588851122499092482, 'test01', '127.0.0.1', '0', '退出成功', '2022-11-05 19:10:02', '内网IP', 'Chrome', 'Windows 10 or Windows Server 2016');
INSERT INTO `sys_logininfor` VALUES (1588851150970028034, 'admin', '127.0.0.1', '0', '登录成功', '2022-11-05 19:10:08', '内网IP', 'Chrome', 'Windows 10 or Windows Server 2016');
INSERT INTO `sys_logininfor` VALUES (1588851397364416514, 'admin', '127.0.0.1', '0', '退出成功', '2022-11-05 19:11:07', '内网IP', 'Chrome', 'Windows 10 or Windows Server 2016');
INSERT INTO `sys_logininfor` VALUES (1589068834735267841, 'test01', '127.0.0.1', '0', '登录成功', '2022-11-06 09:35:08', '内网IP', 'Chrome', 'Windows 10 or Windows Server 2016');
INSERT INTO `sys_logininfor` VALUES (1589069203527835650, 'test01', '127.0.0.1', '0', '退出成功', '2022-11-06 09:36:36', '内网IP', 'Chrome', 'Windows 10 or Windows Server 2016');
INSERT INTO `sys_logininfor` VALUES (1589069229394108417, 'admin', '127.0.0.1', '0', '登录成功', '2022-11-06 09:36:42', '内网IP', 'Chrome', 'Windows 10 or Windows Server 2016');

-- ----------------------------
-- Table structure for sys_menu
-- ----------------------------
DROP TABLE IF EXISTS `sys_menu`;
CREATE TABLE `sys_menu`  (
  `menu_id` bigint(0) NOT NULL COMMENT '菜单ID',
  `menu_name` varchar(50) CHARACTER SET utf8 COLLATE utf8_general_ci NOT NULL COMMENT '菜单名称',
  `parent_id` bigint(0) NULL DEFAULT 0 COMMENT '父菜单ID',
  `order_num` int(0) NULL DEFAULT 0 COMMENT '显示顺序',
  `path` varchar(200) CHARACTER SET utf8 COLLATE utf8_general_ci NULL DEFAULT '' COMMENT '路由地址',
  `component` varchar(255) CHARACTER SET utf8 COLLATE utf8_general_ci NULL DEFAULT NULL COMMENT '组件路径',
  `query_param` varchar(255) CHARACTER SET utf8 COLLATE utf8_general_ci NULL DEFAULT NULL COMMENT '路由参数',
  `is_frame` int(0) NULL DEFAULT 1 COMMENT '是否为外链（0是 1否）',
  `is_cache` int(0) NULL DEFAULT 0 COMMENT '是否缓存（0缓存 1不缓存）',
  `menu_type` char(1) CHARACTER SET utf8 COLLATE utf8_general_ci NULL DEFAULT '' COMMENT '菜单类型（M目录 C菜单 F按钮）',
  `visible` char(1) CHARACTER SET utf8 COLLATE utf8_general_ci NULL DEFAULT '0' COMMENT '菜单状态（0显示 1隐藏）',
  `status` char(1) CHARACTER SET utf8 COLLATE utf8_general_ci NULL DEFAULT '0' COMMENT '菜单状态（0正常 1停用）',
  `perms` varchar(100) CHARACTER SET utf8 COLLATE utf8_general_ci NULL DEFAULT NULL COMMENT '权限标识',
  `icon` varchar(100) CHARACTER SET utf8 COLLATE utf8_general_ci NULL DEFAULT '#' COMMENT '菜单图标',
  `create_by` varchar(64) CHARACTER SET utf8 COLLATE utf8_general_ci NULL DEFAULT '' COMMENT '创建者',
  `create_time` datetime(0) NULL DEFAULT NULL COMMENT '创建时间',
  `update_by` varchar(64) CHARACTER SET utf8 COLLATE utf8_general_ci NULL DEFAULT '' COMMENT '更新者',
  `update_time` datetime(0) NULL DEFAULT NULL COMMENT '更新时间',
  `remark` varchar(500) CHARACTER SET utf8 COLLATE utf8_general_ci NULL DEFAULT '' COMMENT '备注',
  PRIMARY KEY (`menu_id`) USING BTREE
) ENGINE = InnoDB CHARACTER SET = utf8 COLLATE = utf8_general_ci COMMENT = '菜单权限表' ROW_FORMAT = Dynamic;

-- ----------------------------
-- Records of sys_menu
-- ----------------------------
INSERT INTO `sys_menu` VALUES (1, '系统管理', 0, 1, 'system', NULL, '', 1, 0, 'M', '0', '0', '', 'system', 'admin', '2022-09-10 17:10:48', '', NULL, '系统管理目录');
INSERT INTO `sys_menu` VALUES (2, '系统监控', 0, 2, 'monitor', NULL, '', 1, 0, 'M', '0', '0', '', 'monitor', 'admin', '2022-09-10 17:10:48', '', NULL, '系统监控目录');
INSERT INTO `sys_menu` VALUES (3, '系统工具', 0, 3, 'tool', NULL, '', 1, 0, 'M', '0', '0', '', 'tool', 'admin', '2022-09-10 17:10:48', '', NULL, '系统工具目录');
INSERT INTO `sys_menu` VALUES (5, '测试菜单', 0, 5, 'demo', NULL, NULL, 1, 0, 'M', '0', '0', NULL, 'star', 'admin', '2022-09-10 17:10:57', NULL, NULL, '');
INSERT INTO `sys_menu` VALUES (100, '用户管理', 1, 1, 'user', 'system/user/index', '', 1, 0, 'C', '0', '0', 'system:user:list', 'user', 'admin', '2022-09-10 17:10:48', '', NULL, '用户管理菜单');
INSERT INTO `sys_menu` VALUES (101, '角色管理', 1, 2, 'role', 'system/role/index', '', 1, 0, 'C', '0', '0', 'system:role:list', 'peoples', 'admin', '2022-09-10 17:10:48', '', NULL, '角色管理菜单');
INSERT INTO `sys_menu` VALUES (102, '菜单管理', 1, 3, 'menu', 'system/menu/index', '', 1, 0, 'C', '0', '0', 'system:menu:list', 'tree-table', 'admin', '2022-09-10 17:10:48', '', NULL, '菜单管理菜单');
INSERT INTO `sys_menu` VALUES (103, '部门管理', 1, 4, 'dept', 'system/dept/index', '', 1, 0, 'C', '0', '0', 'system:dept:list', 'tree', 'admin', '2022-09-10 17:10:48', '', NULL, '部门管理菜单');
INSERT INTO `sys_menu` VALUES (104, '岗位管理', 1, 5, 'post', 'system/post/index', '', 1, 0, 'C', '0', '0', 'system:post:list', 'post', 'admin', '2022-09-10 17:10:48', '', NULL, '岗位管理菜单');
INSERT INTO `sys_menu` VALUES (105, '字典管理', 1, 6, 'dict', 'system/dict/index', '', 1, 0, 'C', '0', '0', 'system:dict:list', 'dict', 'admin', '2022-09-10 17:10:48', '', NULL, '字典管理菜单');
INSERT INTO `sys_menu` VALUES (106, '参数设置', 1, 7, 'config', 'system/config/index', '', 1, 0, 'C', '0', '0', 'system:config:list', 'edit', 'admin', '2022-09-10 17:10:48', '', NULL, '参数设置菜单');
INSERT INTO `sys_menu` VALUES (107, '通知公告', 1588742925398171649, 1, 'notice', 'basicservice/notice/index', '', 1, 0, 'C', '0', '0', 'basicservice:notice:list', 'message', 'admin', '2022-09-10 17:10:48', 'admin', '2022-11-05 12:01:13', '通知公告菜单');
INSERT INTO `sys_menu` VALUES (108, '日志管理', 1, 9, 'log', '', '', 1, 0, 'M', '0', '0', '', 'log', 'admin', '2022-09-10 17:10:48', '', NULL, '日志管理菜单');
INSERT INTO `sys_menu` VALUES (109, '在线用户', 2, 1, 'online', 'monitor/online/index', '', 1, 0, 'C', '0', '0', 'monitor:online:list', 'online', 'admin', '2022-09-10 17:10:48', '', NULL, '在线用户菜单');
INSERT INTO `sys_menu` VALUES (110, 'XxlJob', 2, 7, 'Xxljob', 'monitor/xxljob/index', '', 1, 0, 'C', '0', '0', 'monitor:xxljob:list', 'job', 'admin', '2022-09-10 17:10:48', 'admin', '2022-09-23 10:44:19', '定时任务菜单');
INSERT INTO `sys_menu` VALUES (111, 'Sentinel', 2, 6, 'Sentinel', 'monitor/sentinel/index', '', 1, 0, 'C', '0', '0', 'monitor:sentinel:list', 'sentinel', 'admin', '2022-09-10 17:10:48', 'admin', '2022-09-23 10:44:15', '流量控制菜单');
INSERT INTO `sys_menu` VALUES (112, 'Nacos', 2, 8, 'http://127.0.0.1:8848/nacos', '', '', 0, 0, 'C', '0', '0', 'monitor:nacos:list', 'nacos', 'admin', '2022-09-10 17:10:48', 'admin', '2022-09-29 18:06:46', '服务治理菜单');
INSERT INTO `sys_menu` VALUES (113, 'Admin', 2, 5, 'Admin', 'monitor/admin/index', '', 1, 0, 'C', '0', '0', 'monitor:admin:list', 'server', 'admin', '2022-09-10 17:10:48', 'admin', '2022-09-23 18:33:28', '服务监控菜单');
INSERT INTO `sys_menu` VALUES (114, '表单构建', 3, 1, 'build', 'tool/build/index', '', 1, 0, 'C', '0', '1', 'tool:build:list', 'build', 'admin', '2022-09-10 17:10:48', 'admin', '2022-11-01 08:32:36', '表单构建菜单');
INSERT INTO `sys_menu` VALUES (115, '代码生成', 3, 2, 'gen', 'tool/gen/index', '', 1, 0, 'C', '0', '0', 'tool:gen:list', 'code', 'admin', '2022-09-10 17:10:48', '', NULL, '代码生成菜单');
INSERT INTO `sys_menu` VALUES (118, '文件管理', 1588742925398171649, 2, 'oss', 'basicservice/oss/index', '', 1, 0, 'C', '0', '0', 'basicservice:oss:list', 'upload', 'admin', '2022-09-10 17:10:48', 'admin', '2022-11-05 12:00:54', '文件管理菜单');
INSERT INTO `sys_menu` VALUES (500, '操作日志', 108, 1, 'operlog', 'system/operlog/index', '', 1, 0, 'C', '0', '0', 'system:operlog:list', 'form', 'admin', '2022-09-10 17:10:48', '', NULL, '操作日志菜单');
INSERT INTO `sys_menu` VALUES (501, '登录日志', 108, 2, 'logininfor', 'system/logininfor/index', '', 1, 0, 'C', '0', '0', 'system:logininfor:list', 'logininfor', 'admin', '2022-09-10 17:10:48', '', NULL, '登录日志菜单');
INSERT INTO `sys_menu` VALUES (1001, '用户查询', 100, 1, '', '', '', 1, 0, 'F', '0', '0', 'system:user:query', '#', 'admin', '2022-09-10 17:10:48', '', NULL, '');
INSERT INTO `sys_menu` VALUES (1002, '用户新增', 100, 2, '', '', '', 1, 0, 'F', '0', '0', 'system:user:add', '#', 'admin', '2022-09-10 17:10:48', '', NULL, '');
INSERT INTO `sys_menu` VALUES (1003, '用户修改', 100, 3, '', '', '', 1, 0, 'F', '0', '0', 'system:user:edit', '#', 'admin', '2022-09-10 17:10:48', '', NULL, '');
INSERT INTO `sys_menu` VALUES (1004, '用户删除', 100, 4, '', '', '', 1, 0, 'F', '0', '0', 'system:user:remove', '#', 'admin', '2022-09-10 17:10:48', '', NULL, '');
INSERT INTO `sys_menu` VALUES (1005, '用户导出', 100, 5, '', '', '', 1, 0, 'F', '0', '0', 'system:user:export', '#', 'admin', '2022-09-10 17:10:48', '', NULL, '');
INSERT INTO `sys_menu` VALUES (1006, '用户导入', 100, 6, '', '', '', 1, 0, 'F', '0', '0', 'system:user:import', '#', 'admin', '2022-09-10 17:10:48', '', NULL, '');
INSERT INTO `sys_menu` VALUES (1007, '重置密码', 100, 7, '', '', '', 1, 0, 'F', '0', '0', 'system:user:resetPwd', '#', 'admin', '2022-09-10 17:10:48', '', NULL, '');
INSERT INTO `sys_menu` VALUES (1008, '角色查询', 101, 1, '', '', '', 1, 0, 'F', '0', '0', 'system:role:query', '#', 'admin', '2022-09-10 17:10:48', '', NULL, '');
INSERT INTO `sys_menu` VALUES (1009, '角色新增', 101, 2, '', '', '', 1, 0, 'F', '0', '0', 'system:role:add', '#', 'admin', '2022-09-10 17:10:48', '', NULL, '');
INSERT INTO `sys_menu` VALUES (1010, '角色修改', 101, 3, '', '', '', 1, 0, 'F', '0', '0', 'system:role:edit', '#', 'admin', '2022-09-10 17:10:48', '', NULL, '');
INSERT INTO `sys_menu` VALUES (1011, '角色删除', 101, 4, '', '', '', 1, 0, 'F', '0', '0', 'system:role:remove', '#', 'admin', '2022-09-10 17:10:48', '', NULL, '');
INSERT INTO `sys_menu` VALUES (1012, '角色导出', 101, 5, '', '', '', 1, 0, 'F', '0', '0', 'system:role:export', '#', 'admin', '2022-09-10 17:10:48', '', NULL, '');
INSERT INTO `sys_menu` VALUES (1013, '菜单查询', 102, 1, '', '', '', 1, 0, 'F', '0', '0', 'system:menu:query', '#', 'admin', '2022-09-10 17:10:48', '', NULL, '');
INSERT INTO `sys_menu` VALUES (1014, '菜单新增', 102, 2, '', '', '', 1, 0, 'F', '0', '0', 'system:menu:add', '#', 'admin', '2022-09-10 17:10:48', '', NULL, '');
INSERT INTO `sys_menu` VALUES (1015, '菜单修改', 102, 3, '', '', '', 1, 0, 'F', '0', '0', 'system:menu:edit', '#', 'admin', '2022-09-10 17:10:48', '', NULL, '');
INSERT INTO `sys_menu` VALUES (1016, '菜单删除', 102, 4, '', '', '', 1, 0, 'F', '0', '0', 'system:menu:remove', '#', 'admin', '2022-09-10 17:10:48', '', NULL, '');
INSERT INTO `sys_menu` VALUES (1017, '部门查询', 103, 1, '', '', '', 1, 0, 'F', '0', '0', 'system:dept:query', '#', 'admin', '2022-09-10 17:10:48', '', NULL, '');
INSERT INTO `sys_menu` VALUES (1018, '部门新增', 103, 2, '', '', '', 1, 0, 'F', '0', '0', 'system:dept:add', '#', 'admin', '2022-09-10 17:10:48', '', NULL, '');
INSERT INTO `sys_menu` VALUES (1019, '部门修改', 103, 3, '', '', '', 1, 0, 'F', '0', '0', 'system:dept:edit', '#', 'admin', '2022-09-10 17:10:48', '', NULL, '');
INSERT INTO `sys_menu` VALUES (1020, '部门删除', 103, 4, '', '', '', 1, 0, 'F', '0', '0', 'system:dept:remove', '#', 'admin', '2022-09-10 17:10:48', '', NULL, '');
INSERT INTO `sys_menu` VALUES (1021, '岗位查询', 104, 1, '', '', '', 1, 0, 'F', '0', '0', 'system:post:query', '#', 'admin', '2022-09-10 17:10:48', '', NULL, '');
INSERT INTO `sys_menu` VALUES (1022, '岗位新增', 104, 2, '', '', '', 1, 0, 'F', '0', '0', 'system:post:add', '#', 'admin', '2022-09-10 17:10:48', '', NULL, '');
INSERT INTO `sys_menu` VALUES (1023, '岗位修改', 104, 3, '', '', '', 1, 0, 'F', '0', '0', 'system:post:edit', '#', 'admin', '2022-09-10 17:10:48', '', NULL, '');
INSERT INTO `sys_menu` VALUES (1024, '岗位删除', 104, 4, '', '', '', 1, 0, 'F', '0', '0', 'system:post:remove', '#', 'admin', '2022-09-10 17:10:48', '', NULL, '');
INSERT INTO `sys_menu` VALUES (1025, '岗位导出', 104, 5, '', '', '', 1, 0, 'F', '0', '0', 'system:post:export', '#', 'admin', '2022-09-10 17:10:48', '', NULL, '');
INSERT INTO `sys_menu` VALUES (1026, '字典查询', 105, 1, '#', '', '', 1, 0, 'F', '0', '0', 'system:dict:query', '#', 'admin', '2022-09-10 17:10:48', '', NULL, '');
INSERT INTO `sys_menu` VALUES (1027, '字典新增', 105, 2, '#', '', '', 1, 0, 'F', '0', '0', 'system:dict:add', '#', 'admin', '2022-09-10 17:10:48', '', NULL, '');
INSERT INTO `sys_menu` VALUES (1028, '字典修改', 105, 3, '#', '', '', 1, 0, 'F', '0', '0', 'system:dict:edit', '#', 'admin', '2022-09-10 17:10:48', '', NULL, '');
INSERT INTO `sys_menu` VALUES (1029, '字典删除', 105, 4, '#', '', '', 1, 0, 'F', '0', '0', 'system:dict:remove', '#', 'admin', '2022-09-10 17:10:48', '', NULL, '');
INSERT INTO `sys_menu` VALUES (1030, '字典导出', 105, 5, '#', '', '', 1, 0, 'F', '0', '0', 'system:dict:export', '#', 'admin', '2022-09-10 17:10:48', '', NULL, '');
INSERT INTO `sys_menu` VALUES (1031, '参数查询', 106, 1, '#', '', '', 1, 0, 'F', '0', '0', 'system:config:query', '#', 'admin', '2022-09-10 17:10:48', '', NULL, '');
INSERT INTO `sys_menu` VALUES (1032, '参数新增', 106, 2, '#', '', '', 1, 0, 'F', '0', '0', 'system:config:add', '#', 'admin', '2022-09-10 17:10:48', '', NULL, '');
INSERT INTO `sys_menu` VALUES (1033, '参数修改', 106, 3, '#', '', '', 1, 0, 'F', '0', '0', 'system:config:edit', '#', 'admin', '2022-09-10 17:10:48', '', NULL, '');
INSERT INTO `sys_menu` VALUES (1034, '参数删除', 106, 4, '#', '', '', 1, 0, 'F', '0', '0', 'system:config:remove', '#', 'admin', '2022-09-10 17:10:48', '', NULL, '');
INSERT INTO `sys_menu` VALUES (1035, '参数导出', 106, 5, '#', '', '', 1, 0, 'F', '0', '0', 'system:config:export', '#', 'admin', '2022-09-10 17:10:48', '', NULL, '');
INSERT INTO `sys_menu` VALUES (1036, '公告查询', 107, 1, '#', '', '', 1, 0, 'F', '0', '0', 'basicservice:notice:query', '#', 'admin', '2022-09-10 17:10:48', 'admin', '2022-11-05 17:42:37', '');
INSERT INTO `sys_menu` VALUES (1037, '公告新增', 107, 2, '#', '', '', 1, 0, 'F', '0', '0', 'basicservice:notice:add', '#', 'admin', '2022-09-10 17:10:48', 'admin', '2022-11-05 17:42:42', '');
INSERT INTO `sys_menu` VALUES (1038, '公告修改', 107, 3, '#', '', '', 1, 0, 'F', '0', '0', 'basicservice:notice:edit', '#', 'admin', '2022-09-10 17:10:48', 'admin', '2022-11-05 17:42:47', '');
INSERT INTO `sys_menu` VALUES (1039, '公告删除', 107, 4, '#', '', '', 1, 0, 'F', '0', '0', 'basicservice:notice:remove', '#', 'admin', '2022-09-10 17:10:48', 'admin', '2022-11-05 17:42:52', '');
INSERT INTO `sys_menu` VALUES (1040, '操作查询', 500, 1, '#', '', '', 1, 0, 'F', '0', '0', 'system:operlog:query', '#', 'admin', '2022-09-10 17:10:48', '', NULL, '');
INSERT INTO `sys_menu` VALUES (1041, '操作删除', 500, 2, '#', '', '', 1, 0, 'F', '0', '0', 'system:operlog:remove', '#', 'admin', '2022-09-10 17:10:48', '', NULL, '');
INSERT INTO `sys_menu` VALUES (1042, '日志导出', 500, 4, '#', '', '', 1, 0, 'F', '0', '0', 'system:operlog:export', '#', 'admin', '2022-09-10 17:10:48', '', NULL, '');
INSERT INTO `sys_menu` VALUES (1043, '登录查询', 501, 1, '#', '', '', 1, 0, 'F', '0', '0', 'system:logininfor:query', '#', 'admin', '2022-09-10 17:10:48', '', NULL, '');
INSERT INTO `sys_menu` VALUES (1044, '登录删除', 501, 2, '#', '', '', 1, 0, 'F', '0', '0', 'system:logininfor:remove', '#', 'admin', '2022-09-10 17:10:48', '', NULL, '');
INSERT INTO `sys_menu` VALUES (1045, '日志导出', 501, 3, '#', '', '', 1, 0, 'F', '0', '0', 'system:logininfor:export', '#', 'admin', '2022-09-10 17:10:48', '', NULL, '');
INSERT INTO `sys_menu` VALUES (1046, '在线查询', 109, 1, '#', '', '', 1, 0, 'F', '0', '0', 'monitor:online:query', '#', 'admin', '2022-09-10 17:10:48', '', NULL, '');
INSERT INTO `sys_menu` VALUES (1047, '批量强退', 109, 2, '#', '', '', 1, 0, 'F', '0', '0', 'monitor:online:batchLogout', '#', 'admin', '2022-09-10 17:10:48', '', NULL, '');
INSERT INTO `sys_menu` VALUES (1048, '单条强退', 109, 3, '#', '', '', 1, 0, 'F', '0', '0', 'monitor:online:forceLogout', '#', 'admin', '2022-09-10 17:10:48', '', NULL, '');
INSERT INTO `sys_menu` VALUES (1050, '账户解锁', 501, 4, '#', '', '', 1, 0, 'F', '0', '0', 'monitor:logininfor:unlock', '#', 'admin', '2022-09-10 17:10:48', '', NULL, '');
INSERT INTO `sys_menu` VALUES (1055, '生成查询', 115, 1, '#', '', '', 1, 0, 'F', '0', '0', 'tool:gen:code', '#', 'admin', '2022-09-10 17:10:48', 'test01', '2022-11-05 19:00:24', '');
INSERT INTO `sys_menu` VALUES (1056, '生成修改', 115, 2, '#', '', '', 1, 0, 'F', '0', '0', 'tool:gen:edit', '#', 'admin', '2022-09-10 17:10:48', '', NULL, '');
INSERT INTO `sys_menu` VALUES (1057, '生成删除', 115, 3, '#', '', '', 1, 0, 'F', '0', '0', 'tool:gen:remove', '#', 'admin', '2022-09-10 17:10:48', '', NULL, '');
INSERT INTO `sys_menu` VALUES (1058, '导入代码', 115, 2, '#', '', '', 1, 0, 'F', '0', '0', 'tool:gen:import', '#', 'admin', '2022-09-10 17:10:48', '', NULL, '');
INSERT INTO `sys_menu` VALUES (1059, '预览代码', 115, 4, '#', '', '', 1, 0, 'F', '0', '0', 'tool:gen:preview', '#', 'admin', '2022-09-10 17:10:48', '', NULL, '');
INSERT INTO `sys_menu` VALUES (1060, '生成代码', 115, 5, '#', '', '', 1, 0, 'F', '0', '0', 'tool:gen:code', '#', 'admin', '2022-09-10 17:10:48', '', NULL, '');
INSERT INTO `sys_menu` VALUES (1500, '测试单表', 5, 1, 'demo', 'demo/demo/index', NULL, 1, 0, 'C', '0', '0', 'demo:demo:list', '#', 'admin', '2022-09-10 17:10:57', '', NULL, '测试单表菜单');
INSERT INTO `sys_menu` VALUES (1501, '测试单表查询', 1500, 1, '#', '', NULL, 1, 0, 'F', '0', '0', 'demo:demo:query', '#', 'admin', '2022-09-10 17:10:57', '', NULL, '');
INSERT INTO `sys_menu` VALUES (1502, '测试单表新增', 1500, 2, '#', '', NULL, 1, 0, 'F', '0', '0', 'demo:demo:add', '#', 'admin', '2022-09-10 17:10:57', '', NULL, '');
INSERT INTO `sys_menu` VALUES (1503, '测试单表修改', 1500, 3, '#', '', NULL, 1, 0, 'F', '0', '0', 'demo:demo:edit', '#', 'admin', '2022-09-10 17:10:57', '', NULL, '');
INSERT INTO `sys_menu` VALUES (1504, '测试单表删除', 1500, 4, '#', '', NULL, 1, 0, 'F', '0', '0', 'demo:demo:remove', '#', 'admin', '2022-09-10 17:10:57', '', NULL, '');
INSERT INTO `sys_menu` VALUES (1505, '测试单表导出', 1500, 5, '#', '', NULL, 1, 0, 'F', '0', '0', 'demo:demo:export', '#', 'admin', '2022-09-10 17:10:57', '', NULL, '');
INSERT INTO `sys_menu` VALUES (1506, '测试树表', 5, 1, 'tree', 'demo/tree/index', NULL, 1, 0, 'C', '0', '0', 'demo:tree:list', '#', 'admin', '2022-09-10 17:10:57', '', NULL, '测试树表菜单');
INSERT INTO `sys_menu` VALUES (1507, '测试树表查询', 1506, 1, '#', '', NULL, 1, 0, 'F', '0', '0', 'demo:tree:query', '#', 'admin', '2022-09-10 17:10:57', '', NULL, '');
INSERT INTO `sys_menu` VALUES (1508, '测试树表新增', 1506, 2, '#', '', NULL, 1, 0, 'F', '0', '0', 'demo:tree:add', '#', 'admin', '2022-09-10 17:10:57', '', NULL, '');
INSERT INTO `sys_menu` VALUES (1509, '测试树表修改', 1506, 3, '#', '', NULL, 1, 0, 'F', '0', '0', 'demo:tree:edit', '#', 'admin', '2022-09-10 17:10:57', '', NULL, '');
INSERT INTO `sys_menu` VALUES (1510, '测试树表删除', 1506, 4, '#', '', NULL, 1, 0, 'F', '0', '0', 'demo:tree:remove', '#', 'admin', '2022-09-10 17:10:57', '', NULL, '');
INSERT INTO `sys_menu` VALUES (1511, '测试树表导出', 1506, 5, '#', '', NULL, 1, 0, 'F', '0', '0', 'demo:tree:export', '#', 'admin', '2022-09-10 17:10:57', '', NULL, '');
INSERT INTO `sys_menu` VALUES (1600, '文件查询', 118, 1, '#', '', '', 1, 0, 'F', '0', '0', 'basicservice:oss:query', '#', 'admin', '2022-09-10 17:10:48', 'admin', '2022-11-05 17:43:03', '');
INSERT INTO `sys_menu` VALUES (1601, '文件上传', 118, 2, '#', '', '', 1, 0, 'F', '0', '0', 'basicservice:oss:upload', '#', 'admin', '2022-09-10 17:10:48', 'admin', '2022-11-05 17:43:07', '');
INSERT INTO `sys_menu` VALUES (1602, '文件下载', 118, 3, '#', '', '', 1, 0, 'F', '0', '0', 'basicservice:oss:download', '#', 'admin', '2022-09-10 17:10:48', 'admin', '2022-11-05 17:43:15', '');
INSERT INTO `sys_menu` VALUES (1603, '文件删除', 118, 4, '#', '', '', 1, 0, 'F', '0', '0', 'basicservice:oss:remove', '#', 'admin', '2022-09-10 17:10:48', 'admin', '2022-11-05 17:43:20', '');
INSERT INTO `sys_menu` VALUES (1604, '配置添加', 118, 5, '#', '', '', 1, 0, 'F', '0', '0', 'basicservice:oss:add', '#', 'admin', '2022-09-10 17:10:48', 'admin', '2022-11-05 17:43:25', '');
INSERT INTO `sys_menu` VALUES (1605, '配置编辑', 118, 6, '#', '', '', 1, 0, 'F', '0', '0', 'basicservice:oss:edit', '#', 'admin', '2022-09-10 17:10:48', 'admin', '2022-11-05 17:43:29', '');
INSERT INTO `sys_menu` VALUES (1570009901798481921, '缓存监控', 2, 2, 'cache', 'monitor/cache/index', NULL, 1, 0, 'C', '0', '0', 'monitor:cache:list', 'redis', 'admin', '2022-09-14 19:21:45', 'admin', '2022-11-05 11:18:09', '');
INSERT INTO `sys_menu` VALUES (1570010319794429953, '缓存列表', 2, 3, 'cacheList', 'monitor/cache/list', NULL, 1, 0, 'C', '0', '0', 'monitor:cache:list', 'redis', 'admin', '2022-09-14 19:23:24', 'admin', '2022-09-14 19:23:24', '');
INSERT INTO `sys_menu` VALUES (1570022388644143106, '服务监控', 2, 4, 'server', 'monitor/server/index', NULL, 1, 0, 'C', '0', '0', 'monitor:server:list', 'server', 'admin', '2022-09-14 20:11:22', 'admin', '2022-09-15 18:39:17', '');
INSERT INTO `sys_menu` VALUES (1570758202780676098, 'Minio', 2, 9, 'http://127.0.0.1:9000', '', NULL, 0, 0, 'C', '0', '0', 'monitor:minio:list', 'upload', 'admin', '2022-09-16 20:55:13', 'admin', '2022-09-29 18:06:55', '');
INSERT INTO `sys_menu` VALUES (1572393811995209730, 'Seata', 2, 10, 'http://127.0.0.1:7091', NULL, NULL, 0, 0, 'C', '0', '0', 'monitor:seata:list', 'tool', 'admin', '2022-09-21 09:14:33', 'admin', '2022-09-29 18:07:04', '');
INSERT INTO `sys_menu` VALUES (1574206588866998274, '测试菜单1', 5, 3, '/////', NULL, NULL, 1, 0, 'M', '0', '0', NULL, '404', 'admin', '2022-09-26 09:17:53', 'admin', '2022-09-26 09:17:53', '');
INSERT INTO `sys_menu` VALUES (1574206638720495617, '测试菜单2', 1574206588866998274, 1, '测试菜单', NULL, NULL, 1, 0, 'M', '0', '0', NULL, 'bug', 'admin', '2022-09-26 09:18:05', 'admin', '2022-09-26 09:18:05', '');
INSERT INTO `sys_menu` VALUES (1574206696736108546, '测试菜单3', 1574206638720495617, 1, '测试菜单', NULL, NULL, 1, 0, 'M', '0', '0', NULL, 'cascader', 'admin', '2022-09-26 09:18:19', 'admin', '2022-09-26 09:18:19', '');
INSERT INTO `sys_menu` VALUES (1588077119135821826, '数据库文档', 3, 2, 'dbDoc', 'tool/dbDoc/index', NULL, 1, 0, 'C', '0', '0', 'tool:database:doc:list', 'date-range', 'admin', '2022-11-03 15:54:25', 'admin', '2022-11-05 17:20:41', '');
INSERT INTO `sys_menu` VALUES (1588092486994432002, '数据库文档导出', 1588077119135821826, 1, '', NULL, NULL, 1, 0, 'F', '0', '0', 'tool:database:doc:export', '#', 'admin', '2022-11-03 16:55:29', 'admin', '2022-11-05 17:41:58', '');
INSERT INTO `sys_menu` VALUES (1588742925398171649, '基础服务', 0, 4, 'basicservice', NULL, NULL, 1, 0, 'M', '0', '0', NULL, 'server', 'admin', '2022-11-05 12:00:05', 'admin', '2022-11-05 12:00:05', '');

-- ----------------------------
-- Table structure for sys_oper_log
-- ----------------------------
DROP TABLE IF EXISTS `sys_oper_log`;
CREATE TABLE `sys_oper_log`  (
  `oper_id` bigint(0) NOT NULL COMMENT '日志主键',
  `title` varchar(50) CHARACTER SET utf8 COLLATE utf8_general_ci NULL DEFAULT '' COMMENT '模块标题',
  `business_type` int(0) NULL DEFAULT 0 COMMENT '业务类型（0其它 1新增 2修改 3删除）',
  `method` varchar(100) CHARACTER SET utf8 COLLATE utf8_general_ci NULL DEFAULT '' COMMENT '方法名称',
  `request_method` varchar(10) CHARACTER SET utf8 COLLATE utf8_general_ci NULL DEFAULT '' COMMENT '请求方式',
  `operator_type` int(0) NULL DEFAULT 0 COMMENT '操作类别（0其它 1后台用户 2手机端用户）',
  `oper_name` varchar(50) CHARACTER SET utf8 COLLATE utf8_general_ci NULL DEFAULT '' COMMENT '操作人员',
  `dept_name` varchar(50) CHARACTER SET utf8 COLLATE utf8_general_ci NULL DEFAULT '' COMMENT '部门名称',
  `oper_url` varchar(255) CHARACTER SET utf8 COLLATE utf8_general_ci NULL DEFAULT '' COMMENT '请求URL',
  `oper_ip` varchar(128) CHARACTER SET utf8 COLLATE utf8_general_ci NULL DEFAULT '' COMMENT '主机地址',
  `oper_location` varchar(255) CHARACTER SET utf8 COLLATE utf8_general_ci NULL DEFAULT '' COMMENT '操作地点',
  `oper_param` varchar(2000) CHARACTER SET utf8 COLLATE utf8_general_ci NULL DEFAULT '' COMMENT '请求参数',
  `json_result` varchar(2000) CHARACTER SET utf8 COLLATE utf8_general_ci NULL DEFAULT '' COMMENT '返回参数',
  `status` int(0) NULL DEFAULT 0 COMMENT '操作状态（0正常 1异常）',
  `error_msg` varchar(2000) CHARACTER SET utf8 COLLATE utf8_general_ci NULL DEFAULT '' COMMENT '错误消息',
  `oper_time` datetime(0) NULL DEFAULT NULL COMMENT '操作时间',
  PRIMARY KEY (`oper_id`) USING BTREE
) ENGINE = InnoDB CHARACTER SET = utf8 COLLATE = utf8_general_ci COMMENT = '操作日志记录' ROW_FORMAT = Dynamic;

-- ----------------------------
-- Records of sys_oper_log
-- ----------------------------
INSERT INTO `sys_oper_log` VALUES (1568761560569700354, '用户管理', 2, 'com.ruoyi.system.controller.SysUserController.changeStatus()', 'PUT', 1, 'admin', '', '/user/changeStatus', '127.0.0.1', '', '{\"searchValue\":null,\"createBy\":null,\"createTime\":null,\"updateBy\":null,\"updateTime\":null,\"params\":{},\"userId\":1,\"deptId\":null,\"userName\":null,\"nickName\":null,\"userType\":null,\"email\":null,\"phonenumber\":null,\"sex\":null,\"avatar\":null,\"status\":\"1\",\"delFlag\":null,\"loginIp\":null,\"loginDate\":null,\"remark\":null,\"dept\":null,\"roles\":null,\"roleIds\":null,\"postIds\":null,\"roleId\":null,\"admin\":true}', '', 1, '不允许操作超级管理员用户', '2022-09-11 08:41:17');
INSERT INTO `sys_oper_log` VALUES (1568761572607352833, '用户管理', 2, 'com.ruoyi.system.controller.SysUserController.changeStatus()', 'PUT', 1, 'admin', '', '/user/changeStatus', '127.0.0.1', '', '{\"searchValue\":null,\"createBy\":null,\"createTime\":null,\"updateBy\":\"admin\",\"updateTime\":\"2022-09-11 08:41:19\",\"params\":{},\"userId\":3,\"deptId\":null,\"userName\":null,\"nickName\":null,\"userType\":null,\"email\":null,\"phonenumber\":null,\"sex\":null,\"avatar\":null,\"status\":\"1\",\"delFlag\":null,\"loginIp\":null,\"loginDate\":null,\"remark\":null,\"dept\":null,\"roles\":null,\"roleIds\":null,\"postIds\":null,\"roleId\":null,\"admin\":false}', '{\"code\":200,\"msg\":\"操作成功\",\"data\":null}', 0, '', '2022-09-11 08:41:20');
INSERT INTO `sys_oper_log` VALUES (1568761581092429826, '用户管理', 2, 'com.ruoyi.system.controller.SysUserController.changeStatus()', 'PUT', 1, 'admin', '', '/user/changeStatus', '127.0.0.1', '', '{\"searchValue\":null,\"createBy\":null,\"createTime\":null,\"updateBy\":\"admin\",\"updateTime\":\"2022-09-11 08:41:21\",\"params\":{},\"userId\":3,\"deptId\":null,\"userName\":null,\"nickName\":null,\"userType\":null,\"email\":null,\"phonenumber\":null,\"sex\":null,\"avatar\":null,\"status\":\"0\",\"delFlag\":null,\"loginIp\":null,\"loginDate\":null,\"remark\":null,\"dept\":null,\"roles\":null,\"roleIds\":null,\"postIds\":null,\"roleId\":null,\"admin\":false}', '{\"code\":200,\"msg\":\"操作成功\",\"data\":null}', 0, '', '2022-09-11 08:41:22');
INSERT INTO `sys_oper_log` VALUES (1568761652005527554, 'OSS对象存储', 1, 'com.ruoyi.resource.controller.SysOssController.upload()', 'POST', 1, 'admin', '', '/oss/upload', '127.0.0.1', '', '', '', 1, '创建Bucket失败, 请核对配置信息:[Unable to execute HTTP request: Connect to 127.0.0.1:9000 [/127.0.0.1] failed: Connection refused: connect]', '2022-09-11 08:41:39');
INSERT INTO `sys_oper_log` VALUES (1568761881207463938, 'OSS对象存储', 1, 'com.ruoyi.resource.controller.SysOssController.upload()', 'POST', 1, 'admin', '', '/oss/upload', '127.0.0.1', '', '', '', 1, '创建Bucket失败, 请核对配置信息:[Unable to execute HTTP request: Connect to 127.0.0.1:9000 [/127.0.0.1] failed: Connection refused: connect]', '2022-09-11 08:42:33');
INSERT INTO `sys_oper_log` VALUES (1568762665055772673, 'OSS对象存储', 1, 'com.ruoyi.resource.controller.SysOssController.upload()', 'POST', 1, 'admin', '', '/oss/upload', '127.0.0.1', '', '', '', 1, '创建Bucket失败, 请核对配置信息:[Unable to execute HTTP request: Connect to 127.0.0.1:9000 [/127.0.0.1] failed: Connection refused: connect]', '2022-09-11 08:45:40');
INSERT INTO `sys_oper_log` VALUES (1568762879925772289, 'OSS对象存储', 1, 'com.ruoyi.resource.controller.SysOssController.upload()', 'POST', 1, 'admin', '', '/oss/upload', '127.0.0.1', '', '', '', 1, '创建Bucket失败, 请核对配置信息:[Unable to execute HTTP request: Connect to 127.0.0.1:9000 [/127.0.0.1] failed: Connection refused: connect]', '2022-09-11 08:46:31');
INSERT INTO `sys_oper_log` VALUES (1568762990772838401, 'OSS对象存储', 1, 'com.ruoyi.resource.controller.SysOssController.upload()', 'POST', 1, 'admin', '', '/oss/upload', '127.0.0.1', '', '', '', 1, '创建Bucket失败, 请核对配置信息:[Unable to execute HTTP request: Connect to 127.0.0.1:9000 [/127.0.0.1] failed: Connection refused: connect]', '2022-09-11 08:46:58');
INSERT INTO `sys_oper_log` VALUES (1568763333913042945, 'OSS对象存储', 1, 'com.ruoyi.resource.controller.SysOssController.upload()', 'POST', 1, 'admin', '', '/oss/upload', '127.0.0.1', '', '', '', 1, '创建Bucket失败, 请核对配置信息:[Unable to execute HTTP request: Connect to 127.0.0.1:9000 [/127.0.0.1] failed: Connection refused: connect]', '2022-09-11 08:48:20');
INSERT INTO `sys_oper_log` VALUES (1568765668550729730, 'OSS对象存储', 1, 'com.ruoyi.resource.controller.SysOssController.upload()', 'POST', 1, 'admin', '', '/oss/upload', '127.0.0.1', '', '', '', 1, '创建Bucket失败, 请核对配置信息:[Unable to execute HTTP request: Connect to 127.0.0.1:9000 [/127.0.0.1] failed: Connection refused: connect]', '2022-09-11 08:57:36');
INSERT INTO `sys_oper_log` VALUES (1568765905352744962, 'OSS对象存储', 1, 'com.ruoyi.resource.controller.SysOssController.upload()', 'POST', 1, 'admin', '', '/oss/upload', '127.0.0.1', '', '', '', 1, '创建Bucket失败, 请核对配置信息:[Unable to execute HTTP request: Connect to 127.0.0.1:9000 [/127.0.0.1] failed: Connection refused: connect]', '2022-09-11 08:58:33');
INSERT INTO `sys_oper_log` VALUES (1568770503085875201, '用户管理', 5, 'com.ruoyi.system.controller.SysUserController.export()', 'POST', 1, 'admin', '', '/user/export', '127.0.0.1', '', '{\"searchValue\":null,\"createBy\":null,\"createTime\":null,\"updateBy\":null,\"updateTime\":null,\"params\":{},\"userId\":null,\"deptId\":103,\"userName\":null,\"nickName\":null,\"userType\":null,\"email\":null,\"phonenumber\":null,\"sex\":null,\"avatar\":null,\"status\":null,\"delFlag\":null,\"loginIp\":null,\"loginDate\":null,\"remark\":null,\"dept\":null,\"roles\":null,\"roleIds\":null,\"postIds\":null,\"roleId\":null,\"admin\":false}', '', 0, '', '2022-09-11 09:16:49');
INSERT INTO `sys_oper_log` VALUES (1568770564888944641, '用户管理', 5, 'com.ruoyi.system.controller.SysUserController.export()', 'POST', 1, 'admin', '', '/user/export', '127.0.0.1', '', '{\"searchValue\":null,\"createBy\":null,\"createTime\":null,\"updateBy\":null,\"updateTime\":null,\"params\":{},\"userId\":null,\"deptId\":100,\"userName\":null,\"nickName\":null,\"userType\":null,\"email\":null,\"phonenumber\":null,\"sex\":null,\"avatar\":null,\"status\":null,\"delFlag\":null,\"loginIp\":null,\"loginDate\":null,\"remark\":null,\"dept\":null,\"roles\":null,\"roleIds\":null,\"postIds\":null,\"roleId\":null,\"admin\":false}', '', 0, '', '2022-09-11 09:17:04');
INSERT INTO `sys_oper_log` VALUES (1568779241930846209, '代码生成', 6, 'com.ruoyi.gen.controller.GenController.importTableSave()', 'POST', 1, 'admin', '', '/gen/importTable', '127.0.0.1', '', '\"test_demo\"', '{\"code\":200,\"msg\":\"操作成功\",\"data\":null}', 0, '', '2022-09-11 09:51:32');
INSERT INTO `sys_oper_log` VALUES (1568779340157251585, '代码生成', 3, 'com.ruoyi.gen.controller.GenController.remove()', 'DELETE', 1, 'admin', '', '/gen/1568779241301643266', '127.0.0.1', '', '', '{\"code\":200,\"msg\":\"操作成功\",\"data\":null}', 0, '', '2022-09-11 09:51:56');
INSERT INTO `sys_oper_log` VALUES (1568898673483137025, '参数管理', 9, 'com.ruoyi.system.controller.SysConfigController.refreshCache()', 'DELETE', 1, 'admin', '', '/config/refreshCache', '127.0.0.1', '', '', '{\"code\":200,\"msg\":\"操作成功\",\"data\":null}', 0, '', '2022-09-11 17:46:07');
INSERT INTO `sys_oper_log` VALUES (1569147628368404481, '个人信息', 2, 'com.erahub.system.controller.SysProfileController.updateProfile()', 'PUT', 1, 'admin', '', '/user/profile', '127.0.0.1', '', '{\"searchValue\":null,\"createBy\":\"admin\",\"createTime\":\"2022-09-10 17:10:48\",\"updateBy\":\"admin\",\"updateTime\":\"2022-09-12 10:15:22\",\"params\":{},\"userId\":1,\"deptId\":103,\"userName\":null,\"nickName\":\"erahub\",\"userType\":\"sys_user\",\"email\":\"123456@163.com\",\"phonenumber\":\"13999999999\",\"sex\":\"0\",\"avatar\":\"\",\"status\":\"0\",\"delFlag\":\"0\",\"loginIp\":\"127.0.0.1\",\"loginDate\":\"2022-09-10 17:10:48\",\"remark\":\"管理员\",\"dept\":{\"searchValue\":null,\"createBy\":null,\"createTime\":null,\"updateBy\":null,\"updateTime\":null,\"params\":{},\"parentName\":null,\"parentId\":101,\"children\":[],\"deptId\":103,\"deptName\":\"研发部门\",\"orderNum\":1,\"leader\":\"若依\",\"phone\":null,\"email\":null,\"status\":\"0\",\"delFlag\":null,\"ancestors\":\"0,100,101\"},\"roles\":[{\"searchValue\":null,\"createBy\":null,\"createTime\":null,\"updateBy\":null,\"updateTime\":null,\"params\":{},\"roleId\":1,\"roleName\":\"超级管理员\",\"roleKey\":\"admin\",\"roleSort\":1,\"dataScope\":\"1\",\"menuCheckStrictly\":null,\"deptCheckStrictly\":null,\"status\":\"0\",\"delFlag\":null,\"remark\":null,\"flag\":false,\"menuIds\":null,\"deptIds\":null,\"admin\":true}],\"roleIds\":null,\"postIds\":null,\"roleId\":null,\"admin\":true}', '{\"code\":200,\"msg\":\"操作成功\",\"data\":null}', 0, '', '2022-09-12 10:15:23');
INSERT INTO `sys_oper_log` VALUES (1569147843590725633, '用户头像', 2, 'com.erahub.system.controller.SysProfileController.avatar()', 'POST', 1, 'admin', '', '/user/profile/avatar', '127.0.0.1', '', '', '', 1, 'Failed to invoke the method upload in the service com.erahub.resource.api.RemoteFileService. Tried 3 times of the providers [192.168.10.2:20880] (1/1) from the registry 127.0.0.1:8848 on the consumer 192.168.10.2 using the dubbo version 3.0.10. Last error is: Invoke remote method timeout. method: upload, provider: DefaultServiceInstance{serviceName=\'erahub-resource\', host=\'192.168.10.2\', port=20880, enabled=true, healthy=true, metadata={dubbo.endpoints=[{\"port\":20880,\"protocol\":\"dubbo\"}], dubbo.metadata.revision=f8870b0d559a0b39b108b21cd93f4239, dubbo.metadata.storage-type=remote, timestamp=1662948756985}}, service{name=\'com.erahub.resource.api.RemoteFileService\',group=\'null\',version=\'null\',protocol=\'dubbo\',params={$ref=$.services.com\\.erahub\\.resource\\.api\\.RemoteFileService\\:dubbo.allParams},}, cause: org.apache.dubbo.remoting.TimeoutException: Waiting server-side response timeout by scan timer. start time: 2022-09-12 10:16:10.882, end time: 2022-09-12 10:16:13.926, client elapsed: 0 ms, server elapsed: 3044 ms, timeout: 3000 ms, request: Request [id=8, version=2.0.2, twoway=true, event=false, broken=false, data=null], channel: /192.168.10.2:53266 -> /192.168.10.2:20880', '2022-09-12 10:16:14');
INSERT INTO `sys_oper_log` VALUES (1569147851115307010, '用户头像', 2, 'com.erahub.system.controller.SysProfileController.avatar()', 'POST', 1, 'admin', '', '/user/profile/avatar', '127.0.0.1', '', '', '', 1, 'Failed to invoke the method upload in the service com.erahub.resource.api.RemoteFileService. Tried 3 times of the providers [192.168.10.2:20880] (1/1) from the registry 127.0.0.1:8848 on the consumer 192.168.10.2 using the dubbo version 3.0.10. Last error is: Invoke remote method timeout. method: upload, provider: DefaultServiceInstance{serviceName=\'erahub-resource\', host=\'192.168.10.2\', port=20880, enabled=true, healthy=true, metadata={dubbo.endpoints=[{\"port\":20880,\"protocol\":\"dubbo\"}], dubbo.metadata.revision=f8870b0d559a0b39b108b21cd93f4239, dubbo.metadata.storage-type=remote, timestamp=1662948756985}}, service{name=\'com.erahub.resource.api.RemoteFileService\',group=\'null\',version=\'null\',protocol=\'dubbo\',params={$ref=$.services.com\\.erahub\\.resource\\.api\\.RemoteFileService\\:dubbo.allParams},}, cause: org.apache.dubbo.remoting.TimeoutException: Waiting server-side response timeout by scan timer. start time: 2022-09-12 10:16:12.691, end time: 2022-09-12 10:16:15.720, client elapsed: 0 ms, server elapsed: 3029 ms, timeout: 3000 ms, request: Request [id=10, version=2.0.2, twoway=true, event=false, broken=false, data=null], channel: /192.168.10.2:53266 -> /192.168.10.2:20880', '2022-09-12 10:16:16');
INSERT INTO `sys_oper_log` VALUES (1569147856857309186, '用户头像', 2, 'com.erahub.system.controller.SysProfileController.avatar()', 'POST', 1, 'admin', '', '/user/profile/avatar', '127.0.0.1', '', '', '', 1, 'Failed to invoke the method upload in the service com.erahub.resource.api.RemoteFileService. Tried 3 times of the providers [192.168.10.2:20880] (1/1) from the registry 127.0.0.1:8848 on the consumer 192.168.10.2 using the dubbo version 3.0.10. Last error is: Invoke remote method timeout. method: upload, provider: DefaultServiceInstance{serviceName=\'erahub-resource\', host=\'192.168.10.2\', port=20880, enabled=true, healthy=true, metadata={dubbo.endpoints=[{\"port\":20880,\"protocol\":\"dubbo\"}], dubbo.metadata.revision=f8870b0d559a0b39b108b21cd93f4239, dubbo.metadata.storage-type=remote, timestamp=1662948756985}}, service{name=\'com.erahub.resource.api.RemoteFileService\',group=\'null\',version=\'null\',protocol=\'dubbo\',params={$ref=$.services.com\\.erahub\\.resource\\.api\\.RemoteFileService\\:dubbo.allParams},}, cause: org.apache.dubbo.remoting.TimeoutException: Waiting server-side response timeout by scan timer. start time: 2022-09-12 10:16:14.068, end time: 2022-09-12 10:16:17.090, client elapsed: 0 ms, server elapsed: 3022 ms, timeout: 3000 ms, request: Request [id=11, version=2.0.2, twoway=true, event=false, broken=false, data=null], channel: /192.168.10.2:53266 -> /192.168.10.2:20880', '2022-09-12 10:16:17');
INSERT INTO `sys_oper_log` VALUES (1569148054190923777, 'OSS对象存储', 1, 'com.erahub.resource.controller.SysOssController.upload()', 'POST', 1, 'admin', '', '/oss/upload', '127.0.0.1', '', '', '', 1, '创建Bucket失败, 请核对配置信息:[Unable to execute HTTP request: Connect to 127.0.0.1:9000 [/127.0.0.1] failed: Connection refused: connect]', '2022-09-12 10:17:04');
INSERT INTO `sys_oper_log` VALUES (1569151140179451905, '对象存储配置', 2, 'com.erahub.resource.controller.SysOssConfigController.edit()', 'PUT', 1, 'admin', '', '/oss/config', '127.0.0.1', '', '{\"searchValue\":null,\"createBy\":null,\"createTime\":null,\"updateBy\":null,\"updateTime\":null,\"params\":{},\"ossConfigId\":1,\"configKey\":\"minio\",\"accessKey\":\"erahub\",\"secretKey\":\"erahub123\",\"bucketName\":\"erahub\",\"prefix\":\"\",\"endpoint\":\"127.0.0.1:9000\",\"domain\":\"\",\"isHttps\":\"N\",\"status\":\"0\",\"region\":\"\",\"ext1\":\"\",\"remark\":null}', '{\"code\":200,\"msg\":\"操作成功\",\"data\":null}', 0, '', '2022-09-12 10:29:20');
INSERT INTO `sys_oper_log` VALUES (1569151165202669569, '对象存储配置', 2, 'com.erahub.resource.controller.SysOssConfigController.edit()', 'PUT', 1, 'admin', '', '/oss/config', '127.0.0.1', '', '{\"searchValue\":null,\"createBy\":null,\"createTime\":null,\"updateBy\":null,\"updateTime\":null,\"params\":{},\"ossConfigId\":2,\"configKey\":\"qiniu\",\"accessKey\":\"XXXXXXXXXXXXXXX\",\"secretKey\":\"XXXXXXXXXXXXXXX\",\"bucketName\":\"erahub\",\"prefix\":\"\",\"endpoint\":\"s3-cn-north-1.qiniucs.com\",\"domain\":\"\",\"isHttps\":\"N\",\"status\":\"1\",\"region\":\"\",\"ext1\":\"\",\"remark\":null}', '{\"code\":200,\"msg\":\"操作成功\",\"data\":null}', 0, '', '2022-09-12 10:29:26');
INSERT INTO `sys_oper_log` VALUES (1569151178473447426, '对象存储配置', 2, 'com.erahub.resource.controller.SysOssConfigController.edit()', 'PUT', 1, 'admin', '', '/oss/config', '127.0.0.1', '', '{\"searchValue\":null,\"createBy\":null,\"createTime\":null,\"updateBy\":null,\"updateTime\":null,\"params\":{},\"ossConfigId\":3,\"configKey\":\"aliyun\",\"accessKey\":\"XXXXXXXXXXXXXXX\",\"secretKey\":\"XXXXXXXXXXXXXXX\",\"bucketName\":\"erahub\",\"prefix\":\"\",\"endpoint\":\"oss-cn-beijing.aliyuncs.com\",\"domain\":\"\",\"isHttps\":\"N\",\"status\":\"1\",\"region\":\"\",\"ext1\":\"\",\"remark\":null}', '{\"code\":200,\"msg\":\"操作成功\",\"data\":null}', 0, '', '2022-09-12 10:29:29');
INSERT INTO `sys_oper_log` VALUES (1569151195229691905, '对象存储配置', 2, 'com.erahub.resource.controller.SysOssConfigController.edit()', 'PUT', 1, 'admin', '', '/oss/config', '127.0.0.1', '', '{\"searchValue\":null,\"createBy\":null,\"createTime\":null,\"updateBy\":null,\"updateTime\":null,\"params\":{},\"ossConfigId\":4,\"configKey\":\"qcloud\",\"accessKey\":\"XXXXXXXXXXXXXXX\",\"secretKey\":\"XXXXXXXXXXXXXXX\",\"bucketName\":\"erahub-1250000000\",\"prefix\":\"\",\"endpoint\":\"cos.ap-beijing.myqcloud.com\",\"domain\":\"\",\"isHttps\":\"N\",\"status\":\"1\",\"region\":\"ap-beijing\",\"ext1\":\"\",\"remark\":null}', '{\"code\":200,\"msg\":\"操作成功\",\"data\":null}', 0, '', '2022-09-12 10:29:33');
INSERT INTO `sys_oper_log` VALUES (1569151228373082113, '对象存储配置', 2, 'com.erahub.resource.controller.SysOssConfigController.edit()', 'PUT', 1, 'admin', '', '/oss/config', '127.0.0.1', '', '{\"searchValue\":null,\"createBy\":null,\"createTime\":null,\"updateBy\":null,\"updateTime\":null,\"params\":{},\"ossConfigId\":5,\"configKey\":\"image\",\"accessKey\":\"erahub\",\"secretKey\":\"erahub123\",\"bucketName\":\"erahub\",\"prefix\":\"image\",\"endpoint\":\"127.0.0.1:9000\",\"domain\":\"\",\"isHttps\":\"N\",\"status\":\"1\",\"region\":\"\",\"ext1\":\"\",\"remark\":null}', '{\"code\":200,\"msg\":\"操作成功\",\"data\":null}', 0, '', '2022-09-12 10:29:41');
INSERT INTO `sys_oper_log` VALUES (1569154295894089730, '对象存储配置', 2, 'com.erahub.resource.controller.SysOssConfigController.edit()', 'PUT', 1, 'admin', '', '/oss/config', '127.0.0.1', '', '{\"searchValue\":null,\"createBy\":null,\"createTime\":null,\"updateBy\":null,\"updateTime\":null,\"params\":{},\"ossConfigId\":1,\"configKey\":\"minio\",\"accessKey\":\"minioadmin\",\"secretKey\":\"minioadmin\",\"bucketName\":\"erahub\",\"prefix\":\"\",\"endpoint\":\"127.0.0.1:9000\",\"domain\":\"\",\"isHttps\":\"N\",\"status\":\"0\",\"region\":\"\",\"ext1\":\"\",\"remark\":\"\"}', '{\"code\":200,\"msg\":\"操作成功\",\"data\":null}', 0, '', '2022-09-12 10:41:52');
INSERT INTO `sys_oper_log` VALUES (1569156019820142594, 'OSS对象存储', 1, 'com.erahub.resource.controller.SysOssController.upload()', 'POST', 1, 'admin', '', '/oss/upload', '127.0.0.1', '', '', '{\"code\":200,\"msg\":\"操作成功\",\"data\":{\"ossId\":\"1569155999922364418\",\"url\":\"http://127.0.0.1:9000/erahub/2022/09/12/4b6b27cfa0e54a1180d1f845fc0649ff.docx\",\"fileName\":\"IT项目质量管理.docx\"}}', 0, '', '2022-09-12 10:48:43');
INSERT INTO `sys_oper_log` VALUES (1569156236422389762, 'OSS对象存储', 3, 'com.erahub.resource.controller.SysOssController.remove()', 'DELETE', 1, 'admin', '', '/oss/1569155999922364418', '127.0.0.1', '', '', '{\"code\":200,\"msg\":\"操作成功\",\"data\":null}', 0, '', '2022-09-12 10:49:35');
INSERT INTO `sys_oper_log` VALUES (1569156389745172481, '用户头像', 2, 'com.erahub.system.controller.SysProfileController.avatar()', 'POST', 1, 'admin', '', '/user/profile/avatar', '127.0.0.1', '', '', '{\"code\":200,\"msg\":\"操作成功\",\"data\":{\"imgUrl\":\"http://127.0.0.1:9000/erahub/2022/09/12/8072ad305d004111a7ab2c8b9971eb32.jpg\"}}', 0, '', '2022-09-12 10:50:12');
INSERT INTO `sys_oper_log` VALUES (1569244942302949378, '用户管理', 3, 'com.erahub.system.controller.SysUserController.remove()', 'DELETE', 1, 'admin', '', '/user/4', '127.0.0.1', '', '', '{\"code\":200,\"msg\":\"操作成功\",\"data\":null}', 0, '', '2022-09-12 16:42:04');
INSERT INTO `sys_oper_log` VALUES (1569244953258471425, '用户管理', 3, 'com.erahub.system.controller.SysUserController.remove()', 'DELETE', 1, 'admin', '', '/user/3', '127.0.0.1', '', '', '{\"code\":200,\"msg\":\"操作成功\",\"data\":null}', 0, '', '2022-09-12 16:42:07');
INSERT INTO `sys_oper_log` VALUES (1569244963819728897, '用户管理', 3, 'com.erahub.system.controller.SysUserController.remove()', 'DELETE', 1, 'admin', '', '/user/2', '127.0.0.1', '', '', '{\"code\":200,\"msg\":\"操作成功\",\"data\":null}', 0, '', '2022-09-12 16:42:09');
INSERT INTO `sys_oper_log` VALUES (1569245007394353153, '角色管理', 3, 'com.erahub.system.controller.SysRoleController.remove()', 'DELETE', 1, 'admin', '', '/role/4', '127.0.0.1', '', '', '{\"code\":200,\"msg\":\"操作成功\",\"data\":null}', 0, '', '2022-09-12 16:42:20');
INSERT INTO `sys_oper_log` VALUES (1569245015829098497, '角色管理', 3, 'com.erahub.system.controller.SysRoleController.remove()', 'DELETE', 1, 'admin', '', '/role/3', '127.0.0.1', '', '', '{\"code\":200,\"msg\":\"操作成功\",\"data\":null}', 0, '', '2022-09-12 16:42:22');
INSERT INTO `sys_oper_log` VALUES (1569245087056769025, '角色管理', 2, 'com.erahub.system.controller.SysRoleController.edit()', 'PUT', 1, 'admin', '', '/role', '127.0.0.1', '', '{\"searchValue\":null,\"createBy\":\"admin\",\"createTime\":\"2022-09-10 17:10:48\",\"updateBy\":\"admin\",\"updateTime\":\"2022-09-12 16:42:38\",\"params\":{},\"roleId\":2,\"roleName\":\"普通角色\",\"roleKey\":\"common\",\"roleSort\":2,\"dataScope\":\"2\",\"menuCheckStrictly\":true,\"deptCheckStrictly\":true,\"status\":\"0\",\"delFlag\":\"0\",\"remark\":\"管理员\",\"flag\":false,\"menuIds\":[1,100,1001,1002,1003,1004,1005,1006,1007,101,1008,1009,1010,1011,1012,102,1013,1014,1015,1016,103,1017,1018,1019,1020,104,1021,1022,1023,1024,1025,105,1026,1027,1028,1029,1030,106,1031,1032,1033,1034,1035,107,1036,1037,1038,1039,108,500,1040,1041,1042,501,1043,1044,1045,1050,118,1600,1601,1602,1603,1604,1605,2,109,1046,1047,1048,110,111,112,113,3,114,115,1055,1056,1058,1057,1059,1060,4,5,1500,1501,1502,1503,1504,1505,1506,1507,1508,1509,1510,1511],\"deptIds\":null,\"admin\":false}', '{\"code\":200,\"msg\":\"操作成功\",\"data\":null}', 0, '', '2022-09-12 16:42:39');
INSERT INTO `sys_oper_log` VALUES (1569245126458060802, '角色管理', 2, 'com.erahub.system.controller.SysRoleController.edit()', 'PUT', 1, 'admin', '', '/role', '127.0.0.1', '', '{\"searchValue\":null,\"createBy\":\"admin\",\"createTime\":\"2022-09-10 17:10:48\",\"updateBy\":\"admin\",\"updateTime\":\"2022-09-12 16:42:47\",\"params\":{},\"roleId\":2,\"roleName\":\"管理员\",\"roleKey\":\"common\",\"roleSort\":2,\"dataScope\":\"2\",\"menuCheckStrictly\":true,\"deptCheckStrictly\":true,\"status\":\"0\",\"delFlag\":\"0\",\"remark\":\"管理员\",\"flag\":false,\"menuIds\":[1,100,1001,1002,1003,1004,1005,1006,1007,101,1008,1009,1010,1011,1012,102,1013,1014,1015,1016,103,1017,1018,1019,1020,104,1021,1022,1023,1024,1025,105,1026,1027,1028,1029,1030,106,1031,1032,1033,1034,1035,107,1036,1037,1038,1039,108,500,1040,1041,1042,501,1043,1044,1045,1050,118,1600,1601,1602,1603,1604,1605,2,109,1046,1047,1048,110,111,112,113,3,114,115,1055,1056,1058,1057,1059,1060,4,5,1500,1501,1502,1503,1504,1505,1506,1507,1508,1509,1510,1511],\"deptIds\":null,\"admin\":false}', '{\"code\":200,\"msg\":\"操作成功\",\"data\":null}', 0, '', '2022-09-12 16:42:48');
INSERT INTO `sys_oper_log` VALUES (1569245243407839234, '角色管理', 1, 'com.erahub.system.controller.SysRoleController.add()', 'POST', 1, 'admin', '', '/role', '127.0.0.1', '', '{\"searchValue\":null,\"createBy\":null,\"createTime\":null,\"updateBy\":null,\"updateTime\":null,\"params\":{},\"roleId\":null,\"roleName\":\"test01\",\"roleKey\":\"common\",\"roleSort\":3,\"dataScope\":null,\"menuCheckStrictly\":true,\"deptCheckStrictly\":true,\"status\":\"0\",\"delFlag\":null,\"remark\":null,\"flag\":false,\"menuIds\":[],\"deptIds\":[],\"admin\":false}', '{\"code\":500,\"msg\":\"新增角色\'test01\'失败，角色权限已存在\",\"data\":null}', 0, '', '2022-09-12 16:43:16');
INSERT INTO `sys_oper_log` VALUES (1569245266669449217, '角色管理', 1, 'com.erahub.system.controller.SysRoleController.add()', 'POST', 1, 'admin', '', '/role', '127.0.0.1', '', '{\"searchValue\":null,\"createBy\":null,\"createTime\":null,\"updateBy\":null,\"updateTime\":null,\"params\":{},\"roleId\":null,\"roleName\":\"test01\",\"roleKey\":\"common\",\"roleSort\":3,\"dataScope\":null,\"menuCheckStrictly\":true,\"deptCheckStrictly\":true,\"status\":\"0\",\"delFlag\":null,\"remark\":null,\"flag\":false,\"menuIds\":[],\"deptIds\":[],\"admin\":false}', '{\"code\":500,\"msg\":\"新增角色\'test01\'失败，角色权限已存在\",\"data\":null}', 0, '', '2022-09-12 16:43:21');
INSERT INTO `sys_oper_log` VALUES (1569245300584591363, '角色管理', 1, 'com.erahub.system.controller.SysRoleController.add()', 'POST', 1, 'admin', '', '/role', '127.0.0.1', '', '{\"searchValue\":null,\"createBy\":\"admin\",\"createTime\":\"2022-09-12 16:43:29\",\"updateBy\":\"admin\",\"updateTime\":\"2022-09-12 16:43:29\",\"params\":{},\"roleId\":\"1569245300584591362\",\"roleName\":\"test01\",\"roleKey\":\"test01\",\"roleSort\":3,\"dataScope\":null,\"menuCheckStrictly\":true,\"deptCheckStrictly\":true,\"status\":\"0\",\"delFlag\":null,\"remark\":null,\"flag\":false,\"menuIds\":[],\"deptIds\":[],\"admin\":false}', '{\"code\":200,\"msg\":\"操作成功\",\"data\":null}', 0, '', '2022-09-12 16:43:29');
INSERT INTO `sys_oper_log` VALUES (1569245585432358915, '用户管理', 1, 'com.erahub.system.controller.SysUserController.add()', 'POST', 1, 'admin', '', '/user', '127.0.0.1', '', '{\"searchValue\":null,\"createBy\":\"admin\",\"createTime\":\"2022-09-12 16:44:37\",\"updateBy\":\"admin\",\"updateTime\":\"2022-09-12 16:44:37\",\"params\":{},\"userId\":\"1569245585432358914\",\"deptId\":109,\"userName\":\"test01\",\"nickName\":\"test01\",\"userType\":null,\"email\":null,\"phonenumber\":null,\"sex\":null,\"avatar\":null,\"status\":\"0\",\"delFlag\":null,\"loginIp\":null,\"loginDate\":null,\"remark\":null,\"dept\":null,\"roles\":null,\"roleIds\":[],\"postIds\":[],\"roleId\":null,\"admin\":false}', '{\"code\":200,\"msg\":\"操作成功\",\"data\":null}', 0, '', '2022-09-12 16:44:37');
INSERT INTO `sys_oper_log` VALUES (1569245605246251009, '用户管理', 2, 'com.erahub.system.controller.SysUserController.edit()', 'PUT', 1, 'admin', '', '/user', '127.0.0.1', '', '{\"searchValue\":null,\"createBy\":\"admin\",\"createTime\":\"2022-09-12 16:44:37\",\"updateBy\":\"admin\",\"updateTime\":\"2022-09-12 16:44:42\",\"params\":{},\"userId\":\"1569245585432358914\",\"deptId\":109,\"userName\":\"test01\",\"nickName\":\"test01\",\"userType\":\"sys_user\",\"email\":\"\",\"phonenumber\":\"\",\"sex\":\"0\",\"avatar\":\"\",\"status\":\"0\",\"delFlag\":\"0\",\"loginIp\":\"\",\"loginDate\":null,\"remark\":null,\"dept\":{\"searchValue\":null,\"createBy\":null,\"createTime\":null,\"updateBy\":null,\"updateTime\":null,\"params\":{},\"parentName\":null,\"parentId\":102,\"children\":[],\"deptId\":109,\"deptName\":\"财务部门\",\"orderNum\":2,\"leader\":\"若依\",\"phone\":null,\"email\":null,\"status\":\"0\",\"delFlag\":null,\"ancestors\":\"0,100,102\"},\"roles\":[],\"roleIds\":[\"1569245300584591362\"],\"postIds\":[],\"roleId\":null,\"admin\":false}', '{\"code\":200,\"msg\":\"操作成功\",\"data\":null}', 0, '', '2022-09-12 16:44:42');
INSERT INTO `sys_oper_log` VALUES (1569245998818766849, '角色管理', 2, 'com.erahub.system.controller.SysRoleController.edit()', 'PUT', 1, 'admin', '', '/role', '127.0.0.1', '', '{\"searchValue\":null,\"createBy\":\"admin\",\"createTime\":\"2022-09-12 16:43:29\",\"updateBy\":\"admin\",\"updateTime\":\"2022-09-12 16:46:15\",\"params\":{},\"roleId\":\"1569245300584591362\",\"roleName\":\"test01\",\"roleKey\":\"test01\",\"roleSort\":3,\"dataScope\":\"1\",\"menuCheckStrictly\":true,\"deptCheckStrictly\":true,\"status\":\"0\",\"delFlag\":\"0\",\"remark\":null,\"flag\":false,\"menuIds\":[1,100,101,105,2,3,1001,1003,1004,1008,1009,1026,1030,112,113,115,1055,1056,1058,1057,1059,1060],\"deptIds\":null,\"admin\":false}', '{\"code\":200,\"msg\":\"操作成功\",\"data\":null}', 0, '', '2022-09-12 16:46:16');
INSERT INTO `sys_oper_log` VALUES (1569246527183630338, '用户管理', 1, 'com.erahub.system.controller.SysUserController.add()', 'POST', 1, 'admin', '', '/user', '127.0.0.1', '', '{\"searchValue\":null,\"createBy\":\"admin\",\"createTime\":\"2022-09-12 16:48:21\",\"updateBy\":\"admin\",\"updateTime\":\"2022-09-12 16:48:21\",\"params\":{},\"userId\":\"1569246527183630337\",\"deptId\":100,\"userName\":\"test02\",\"nickName\":\"test02\",\"userType\":null,\"email\":null,\"phonenumber\":null,\"sex\":null,\"avatar\":null,\"status\":\"0\",\"delFlag\":null,\"loginIp\":null,\"loginDate\":null,\"remark\":null,\"dept\":null,\"roles\":null,\"roleIds\":[],\"postIds\":[],\"roleId\":null,\"admin\":false}', '{\"code\":200,\"msg\":\"操作成功\",\"data\":null}', 0, '', '2022-09-12 16:48:22');
INSERT INTO `sys_oper_log` VALUES (1569246601489920001, '角色管理', 5, 'com.erahub.system.controller.SysRoleController.export()', 'POST', 1, 'admin', '', '/role/export', '127.0.0.1', '', '{\"searchValue\":null,\"createBy\":null,\"createTime\":null,\"updateBy\":null,\"updateTime\":null,\"params\":{},\"roleId\":null,\"roleName\":null,\"roleKey\":null,\"roleSort\":null,\"dataScope\":null,\"menuCheckStrictly\":null,\"deptCheckStrictly\":null,\"status\":null,\"delFlag\":null,\"remark\":null,\"flag\":false,\"menuIds\":null,\"deptIds\":null,\"admin\":false}', '', 0, '', '2022-09-12 16:48:40');
INSERT INTO `sys_oper_log` VALUES (1569246907724443649, '角色管理', 2, 'com.erahub.system.controller.SysRoleController.changeStatus()', 'PUT', 1, 'admin', '', '/role/changeStatus', '127.0.0.1', '', '{\"searchValue\":null,\"createBy\":null,\"createTime\":null,\"updateBy\":\"admin\",\"updateTime\":\"2022-09-12 16:49:52\",\"params\":{},\"roleId\":2,\"roleName\":null,\"roleKey\":null,\"roleSort\":null,\"dataScope\":null,\"menuCheckStrictly\":null,\"deptCheckStrictly\":null,\"status\":\"1\",\"delFlag\":null,\"remark\":null,\"flag\":false,\"menuIds\":null,\"deptIds\":null,\"admin\":false}', '{\"code\":200,\"msg\":\"操作成功\",\"data\":null}', 0, '', '2022-09-12 16:49:53');
INSERT INTO `sys_oper_log` VALUES (1569246914187866114, '角色管理', 2, 'com.erahub.system.controller.SysRoleController.changeStatus()', 'PUT', 1, 'admin', '', '/role/changeStatus', '127.0.0.1', '', '{\"searchValue\":null,\"createBy\":null,\"createTime\":null,\"updateBy\":\"admin\",\"updateTime\":\"2022-09-12 16:49:54\",\"params\":{},\"roleId\":2,\"roleName\":null,\"roleKey\":null,\"roleSort\":null,\"dataScope\":null,\"menuCheckStrictly\":null,\"deptCheckStrictly\":null,\"status\":\"0\",\"delFlag\":null,\"remark\":null,\"flag\":false,\"menuIds\":null,\"deptIds\":null,\"admin\":false}', '{\"code\":200,\"msg\":\"操作成功\",\"data\":null}', 0, '', '2022-09-12 16:49:54');
INSERT INTO `sys_oper_log` VALUES (1569246971624665089, '用户管理', 2, 'com.erahub.system.controller.SysUserController.resetPwd()', 'PUT', 1, 'admin', '', '/user/resetPwd', '127.0.0.1', '', '{\"searchValue\":null,\"createBy\":null,\"createTime\":null,\"updateBy\":\"admin\",\"updateTime\":\"2022-09-12 16:50:07\",\"params\":{},\"userId\":\"1569246527183630337\",\"deptId\":null,\"userName\":null,\"nickName\":null,\"userType\":null,\"email\":null,\"phonenumber\":null,\"sex\":null,\"avatar\":null,\"status\":null,\"delFlag\":null,\"loginIp\":null,\"loginDate\":null,\"remark\":null,\"dept\":null,\"roles\":null,\"roleIds\":null,\"postIds\":null,\"roleId\":null,\"admin\":false}', '{\"code\":200,\"msg\":\"操作成功\",\"data\":null}', 0, '', '2022-09-12 16:50:08');
INSERT INTO `sys_oper_log` VALUES (1569246997558046722, '用户管理', 2, 'com.erahub.system.controller.SysUserController.resetPwd()', 'PUT', 1, 'admin', '', '/user/resetPwd', '127.0.0.1', '', '{\"searchValue\":null,\"createBy\":null,\"createTime\":null,\"updateBy\":\"admin\",\"updateTime\":\"2022-09-12 16:50:14\",\"params\":{},\"userId\":\"1569246527183630337\",\"deptId\":null,\"userName\":null,\"nickName\":null,\"userType\":null,\"email\":null,\"phonenumber\":null,\"sex\":null,\"avatar\":null,\"status\":null,\"delFlag\":null,\"loginIp\":null,\"loginDate\":null,\"remark\":null,\"dept\":null,\"roles\":null,\"roleIds\":null,\"postIds\":null,\"roleId\":null,\"admin\":false}', '{\"code\":200,\"msg\":\"操作成功\",\"data\":null}', 0, '', '2022-09-12 16:50:14');
INSERT INTO `sys_oper_log` VALUES (1569247066432712705, '用户管理', 4, 'com.erahub.system.controller.SysUserController.insertAuthRole()', 'PUT', 1, 'admin', '', '/user/authRole', '127.0.0.1', '', '\"1569246527183630337\" [\"1569245300584591362\"]', '{\"code\":200,\"msg\":\"操作成功\",\"data\":null}', 0, '', '2022-09-12 16:50:31');
INSERT INTO `sys_oper_log` VALUES (1569249386130288642, '角色管理', 2, 'com.erahub.system.controller.SysRoleController.dataScope()', 'PUT', 1, 'admin', '', '/role/dataScope', '127.0.0.1', '', '{\"searchValue\":null,\"createBy\":\"admin\",\"createTime\":\"2022-09-12 16:43:29\",\"updateBy\":\"admin\",\"updateTime\":\"2022-09-12 16:59:43\",\"params\":{},\"roleId\":\"1569245300584591362\",\"roleName\":\"test01\",\"roleKey\":\"test01\",\"roleSort\":3,\"dataScope\":\"2\",\"menuCheckStrictly\":true,\"deptCheckStrictly\":true,\"status\":\"0\",\"delFlag\":\"0\",\"remark\":null,\"flag\":false,\"menuIds\":null,\"deptIds\":[100,101,103,104,105,106,107,102,108,109],\"admin\":false}', '{\"code\":200,\"msg\":\"操作成功\",\"data\":null}', 0, '', '2022-09-12 16:59:44');
INSERT INTO `sys_oper_log` VALUES (1569249400936181762, '角色管理', 2, 'com.erahub.system.controller.SysRoleController.dataScope()', 'PUT', 1, 'admin', '', '/role/dataScope', '127.0.0.1', '', '{\"searchValue\":null,\"createBy\":\"admin\",\"createTime\":\"2022-09-12 16:43:29\",\"updateBy\":\"admin\",\"updateTime\":\"2022-09-12 16:59:47\",\"params\":{},\"roleId\":\"1569245300584591362\",\"roleName\":\"test01\",\"roleKey\":\"test01\",\"roleSort\":3,\"dataScope\":\"2\",\"menuCheckStrictly\":true,\"deptCheckStrictly\":true,\"status\":\"0\",\"delFlag\":\"0\",\"remark\":null,\"flag\":false,\"menuIds\":null,\"deptIds\":[],\"admin\":false}', '{\"code\":200,\"msg\":\"操作成功\",\"data\":null}', 0, '', '2022-09-12 16:59:47');
INSERT INTO `sys_oper_log` VALUES (1569249619715272705, '角色管理', 2, 'com.erahub.system.controller.SysRoleController.dataScope()', 'PUT', 1, 'admin', '', '/role/dataScope', '127.0.0.1', '', '{\"searchValue\":null,\"createBy\":\"admin\",\"createTime\":\"2022-09-12 16:43:29\",\"updateBy\":\"admin\",\"updateTime\":\"2022-09-12 17:00:39\",\"params\":{},\"roleId\":\"1569245300584591362\",\"roleName\":\"test01\",\"roleKey\":\"test01\",\"roleSort\":3,\"dataScope\":\"2\",\"menuCheckStrictly\":true,\"deptCheckStrictly\":true,\"status\":\"0\",\"delFlag\":\"0\",\"remark\":null,\"flag\":false,\"menuIds\":null,\"deptIds\":[100,101,103,104,105,106,107,102,108,109],\"admin\":false}', '{\"code\":200,\"msg\":\"操作成功\",\"data\":null}', 0, '', '2022-09-12 17:00:39');
INSERT INTO `sys_oper_log` VALUES (1569249681283461121, '角色管理', 2, 'com.erahub.system.controller.SysRoleController.dataScope()', 'PUT', 1, 'admin', '', '/role/dataScope', '127.0.0.1', '', '{\"searchValue\":null,\"createBy\":\"admin\",\"createTime\":\"2022-09-12 16:43:29\",\"updateBy\":\"admin\",\"updateTime\":\"2022-09-12 17:00:53\",\"params\":{},\"roleId\":\"1569245300584591362\",\"roleName\":\"test01\",\"roleKey\":\"test01\",\"roleSort\":3,\"dataScope\":\"2\",\"menuCheckStrictly\":true,\"deptCheckStrictly\":true,\"status\":\"0\",\"delFlag\":\"0\",\"remark\":null,\"flag\":false,\"menuIds\":null,\"deptIds\":[],\"admin\":false}', '{\"code\":200,\"msg\":\"操作成功\",\"data\":null}', 0, '', '2022-09-12 17:00:54');
INSERT INTO `sys_oper_log` VALUES (1569249924012027906, '部门管理', 2, 'com.erahub.system.controller.SysDeptController.edit()', 'PUT', 1, 'admin', '', '/dept', '127.0.0.1', '', '{\"searchValue\":null,\"createBy\":\"admin\",\"createTime\":\"2022-09-10 17:10:48\",\"updateBy\":\"admin\",\"updateTime\":\"2022-09-12 17:01:51\",\"params\":{},\"parentName\":null,\"parentId\":0,\"children\":[],\"deptId\":100,\"deptName\":\"EH科技\",\"orderNum\":0,\"leader\":\"EH\",\"phone\":\"15888888888\",\"email\":\"eh@qq.com\",\"status\":\"0\",\"delFlag\":\"0\",\"ancestors\":\"0\"}', '{\"code\":200,\"msg\":\"操作成功\",\"data\":null}', 0, '', '2022-09-12 17:01:52');
INSERT INTO `sys_oper_log` VALUES (1569250070296768513, '角色管理', 2, 'com.erahub.system.controller.SysRoleController.dataScope()', 'PUT', 1, 'admin', '', '/role/dataScope', '127.0.0.1', '', '{\"searchValue\":null,\"createBy\":\"admin\",\"createTime\":\"2022-09-12 16:43:29\",\"updateBy\":\"admin\",\"updateTime\":\"2022-09-12 17:02:26\",\"params\":{},\"roleId\":\"1569245300584591362\",\"roleName\":\"test01\",\"roleKey\":\"test01\",\"roleSort\":3,\"dataScope\":\"2\",\"menuCheckStrictly\":true,\"deptCheckStrictly\":true,\"status\":\"0\",\"delFlag\":\"0\",\"remark\":null,\"flag\":false,\"menuIds\":null,\"deptIds\":[100,101,103],\"admin\":false}', '{\"code\":200,\"msg\":\"操作成功\",\"data\":null}', 0, '', '2022-09-12 17:02:27');
INSERT INTO `sys_oper_log` VALUES (1569250192736890881, '角色管理', 2, 'com.erahub.system.controller.SysRoleController.dataScope()', 'PUT', 1, 'admin', '', '/role/dataScope', '127.0.0.1', '', '{\"searchValue\":null,\"createBy\":\"admin\",\"createTime\":\"2022-09-12 16:43:29\",\"updateBy\":\"admin\",\"updateTime\":\"2022-09-12 17:02:55\",\"params\":{},\"roleId\":\"1569245300584591362\",\"roleName\":\"test01\",\"roleKey\":\"test01\",\"roleSort\":3,\"dataScope\":\"2\",\"menuCheckStrictly\":true,\"deptCheckStrictly\":true,\"status\":\"0\",\"delFlag\":\"0\",\"remark\":null,\"flag\":false,\"menuIds\":null,\"deptIds\":[100,102,109],\"admin\":false}', '{\"code\":200,\"msg\":\"操作成功\",\"data\":null}', 0, '', '2022-09-12 17:02:56');
INSERT INTO `sys_oper_log` VALUES (1569250240166080514, '角色管理', 4, 'com.erahub.system.controller.SysRoleController.cancelAuthUser()', 'PUT', 1, 'admin', '', '/role/authUser/cancel', '127.0.0.1', '', '{\"userId\":\"1569246527183630337\",\"roleId\":\"1569245300584591362\"}', '{\"code\":200,\"msg\":\"操作成功\",\"data\":null}', 0, '', '2022-09-12 17:03:07');
INSERT INTO `sys_oper_log` VALUES (1569250283728121858, '用户管理', 2, 'com.erahub.system.controller.SysUserController.edit()', 'PUT', 1, 'admin', '', '/user', '127.0.0.1', '', '{\"searchValue\":null,\"createBy\":\"admin\",\"createTime\":\"2022-09-12 16:48:22\",\"updateBy\":\"admin\",\"updateTime\":\"2022-09-12 17:03:17\",\"params\":{},\"userId\":\"1569246527183630337\",\"deptId\":100,\"userName\":\"test02\",\"nickName\":\"test02\",\"userType\":\"sys_user\",\"email\":\"\",\"phonenumber\":\"\",\"sex\":\"0\",\"avatar\":\"\",\"status\":\"0\",\"delFlag\":\"0\",\"loginIp\":\"\",\"loginDate\":null,\"remark\":null,\"dept\":{\"searchValue\":null,\"createBy\":null,\"createTime\":null,\"updateBy\":null,\"updateTime\":null,\"params\":{},\"parentName\":null,\"parentId\":0,\"children\":[],\"deptId\":100,\"deptName\":\"EH科技\",\"orderNum\":0,\"leader\":\"EH\",\"phone\":null,\"email\":null,\"status\":\"0\",\"delFlag\":null,\"ancestors\":\"0\"},\"roles\":[],\"roleIds\":[\"1569245300584591362\"],\"postIds\":[],\"roleId\":null,\"admin\":false}', '{\"code\":200,\"msg\":\"操作成功\",\"data\":null}', 0, '', '2022-09-12 17:03:18');
INSERT INTO `sys_oper_log` VALUES (1569250545150701569, '参数管理', 2, 'com.erahub.system.controller.SysConfigController.updateByKey()', 'PUT', 1, 'admin', '', '/config/updateByKey', '127.0.0.1', '', '{\"searchValue\":null,\"createBy\":null,\"createTime\":null,\"updateBy\":\"admin\",\"updateTime\":\"2022-09-12 17:04:19\",\"params\":{},\"configId\":null,\"configName\":null,\"configKey\":\"sys.oss.previewListResource\",\"configValue\":\"false\",\"configType\":null,\"remark\":null}', '{\"code\":200,\"msg\":\"操作成功\",\"data\":null}', 0, '', '2022-09-12 17:04:20');
INSERT INTO `sys_oper_log` VALUES (1569250558815744001, '参数管理', 2, 'com.erahub.system.controller.SysConfigController.updateByKey()', 'PUT', 1, 'admin', '', '/config/updateByKey', '127.0.0.1', '', '{\"searchValue\":null,\"createBy\":null,\"createTime\":null,\"updateBy\":\"admin\",\"updateTime\":\"2022-09-12 17:04:23\",\"params\":{},\"configId\":null,\"configName\":null,\"configKey\":\"sys.oss.previewListResource\",\"configValue\":\"true\",\"configType\":null,\"remark\":null}', '{\"code\":200,\"msg\":\"操作成功\",\"data\":null}', 0, '', '2022-09-12 17:04:23');
INSERT INTO `sys_oper_log` VALUES (1569250600108666881, '对象存储状态修改', 2, 'com.erahub.resource.controller.SysOssConfigController.changeStatus()', 'PUT', 1, 'admin', '', '/oss/config/changeStatus', '127.0.0.1', '', '{\"searchValue\":null,\"createBy\":null,\"createTime\":null,\"updateBy\":null,\"updateTime\":null,\"params\":{},\"ossConfigId\":2,\"configKey\":\"qiniu\",\"accessKey\":null,\"secretKey\":null,\"bucketName\":null,\"prefix\":null,\"endpoint\":null,\"domain\":null,\"isHttps\":null,\"status\":\"0\",\"region\":null,\"ext1\":null,\"remark\":null}', '{\"code\":200,\"msg\":\"操作成功\",\"data\":null}', 0, '', '2022-09-12 17:04:33');
INSERT INTO `sys_oper_log` VALUES (1569250610011418625, '对象存储状态修改', 2, 'com.erahub.resource.controller.SysOssConfigController.changeStatus()', 'PUT', 1, 'admin', '', '/oss/config/changeStatus', '127.0.0.1', '', '{\"searchValue\":null,\"createBy\":null,\"createTime\":null,\"updateBy\":null,\"updateTime\":null,\"params\":{},\"ossConfigId\":1,\"configKey\":\"minio\",\"accessKey\":null,\"secretKey\":null,\"bucketName\":null,\"prefix\":null,\"endpoint\":null,\"domain\":null,\"isHttps\":null,\"status\":\"0\",\"region\":null,\"ext1\":null,\"remark\":null}', '{\"code\":200,\"msg\":\"操作成功\",\"data\":null}', 0, '', '2022-09-12 17:04:35');
INSERT INTO `sys_oper_log` VALUES (1569254837253287938, '用户管理', 1, 'com.erahub.system.controller.SysUserController.add()', 'POST', 1, 'admin', '', '/user', '127.0.0.1', '', '{\"searchValue\":null,\"createBy\":\"admin\",\"createTime\":\"2022-09-12 17:21:11\",\"updateBy\":\"admin\",\"updateTime\":\"2022-09-12 17:21:11\",\"params\":{},\"userId\":\"1569254790117699586\",\"deptId\":108,\"userName\":\"test03\",\"nickName\":\"test03\",\"userType\":null,\"email\":null,\"phonenumber\":null,\"sex\":null,\"avatar\":null,\"status\":\"0\",\"delFlag\":null,\"loginIp\":null,\"loginDate\":null,\"remark\":null,\"dept\":null,\"roles\":null,\"roleIds\":[],\"postIds\":[],\"roleId\":null,\"admin\":false}', '{\"code\":200,\"msg\":\"操作成功\",\"data\":null}', 0, '', '2022-09-12 17:21:23');
INSERT INTO `sys_oper_log` VALUES (1569258584041828353, '用户管理', 3, 'com.erahub.system.controller.SysUserController.remove()', 'DELETE', 1, 'admin', '', '/user/1569254790117699586', '127.0.0.1', '', '', '{\"code\":200,\"msg\":\"操作成功\",\"data\":null}', 0, '', '2022-09-12 17:36:17');
INSERT INTO `sys_oper_log` VALUES (1569291086718554114, '用户管理', 5, 'com.erahub.system.controller.SysUserController.export()', 'POST', 1, 'admin', '', '/user/export', '127.0.0.1', '', '{\"searchValue\":null,\"createBy\":null,\"createTime\":null,\"updateBy\":null,\"updateTime\":null,\"params\":{},\"userId\":null,\"deptId\":100,\"userName\":null,\"nickName\":null,\"userType\":null,\"email\":null,\"phonenumber\":null,\"sex\":null,\"avatar\":null,\"status\":null,\"delFlag\":null,\"loginIp\":null,\"loginDate\":null,\"remark\":null,\"dept\":null,\"roles\":null,\"roleIds\":null,\"postIds\":null,\"roleId\":null,\"admin\":false}', '', 0, '', '2022-09-12 19:45:26');
INSERT INTO `sys_oper_log` VALUES (1569291940691431425, '用户管理', 5, 'com.erahub.system.controller.SysUserController.export()', 'POST', 1, 'admin', '', '/user/export', '127.0.0.1', '', '{\"searchValue\":null,\"createBy\":null,\"createTime\":null,\"updateBy\":null,\"updateTime\":null,\"params\":{},\"userId\":null,\"deptId\":100,\"userName\":null,\"nickName\":null,\"userType\":null,\"email\":null,\"phonenumber\":null,\"sex\":null,\"avatar\":null,\"status\":null,\"delFlag\":null,\"loginIp\":null,\"loginDate\":null,\"remark\":null,\"dept\":null,\"roles\":null,\"roleIds\":null,\"postIds\":null,\"roleId\":null,\"admin\":false}', '', 0, '', '2022-09-12 19:48:49');
INSERT INTO `sys_oper_log` VALUES (1569292144253587458, '用户管理', 6, 'com.erahub.system.controller.SysUserController.importData()', 'POST', 1, 'admin', '', '/user/importData', '127.0.0.1', '', 'false', '', 1, 'Convert data com.alibaba.excel.metadata.data.ReadCellData@26ac67be to class java.lang.Long error ', '2022-09-12 19:49:38');
INSERT INTO `sys_oper_log` VALUES (1569292962591657985, '用户管理', 6, 'com.erahub.system.controller.SysUserController.importData()', 'POST', 1, 'admin', '', '/user/importData', '127.0.0.1', '', 'false', '', 1, 'Convert data com.alibaba.excel.metadata.data.ReadCellData@411be578 to class java.lang.String error ', '2022-09-12 19:52:53');
INSERT INTO `sys_oper_log` VALUES (1569293243647774721, '用户管理', 6, 'com.erahub.system.controller.SysUserController.importData()', 'POST', 1, 'admin', '', '/user/importData', '127.0.0.1', '', 'false', '', 1, 'Convert data com.alibaba.excel.metadata.data.ReadCellData@b1d1adbb to class java.lang.String error ', '2022-09-12 19:54:00');
INSERT INTO `sys_oper_log` VALUES (1569293307413778433, '用户管理', 6, 'com.erahub.system.controller.SysUserController.importData()', 'POST', 1, 'admin', '', '/user/importData', '127.0.0.1', '', 'false', '', 1, 'Convert data com.alibaba.excel.metadata.data.ReadCellData@411be578 to class java.lang.String error ', '2022-09-12 19:54:15');
INSERT INTO `sys_oper_log` VALUES (1569293460040306689, '用户管理', 6, 'com.erahub.system.controller.SysUserController.importData()', 'POST', 1, 'admin', '', '/user/importData', '127.0.0.1', '', 'false', '', 1, '很抱歉，导入失败！共 2 条数据格式不正确，错误如下：<br/>1、账号 test03 导入失败：\r\n### Error updating database.  Cause: java.sql.SQLIntegrityConstraintViolationException: Duplicate entry \'2\' for key \'sys_user.PRIMARY\'\r\n### The error may exist in com/erahub/system/mapper/SysUserMapper.java (best guess)\r\n### The error may involve com.erahub.system.mapper.SysUserMapper.insert-Inline\r\n### The error occurred while setting parameters\r\n### SQL: INSERT INTO sys_user  ( user_id, dept_id, user_name, nick_name,    sex,  password, status,     create_by, create_time, update_by, update_time )  VALUES  ( ?, ?, ?, ?,    ?,  ?, ?,     ?, ?, ?, ? )\r\n### Cause: java.sql.SQLIntegrityConstraintViolationException: Duplicate entry \'2\' for key \'sys_user.PRIMARY\'\n; Duplicate entry \'2\' for key \'sys_user.PRIMARY\'; nested exception is java.sql.SQLIntegrityConstraintViolationException: Duplicate entry \'2\' for key \'sys_user.PRIMARY\'<br/>2、账号 test04 导入失败：\r\n### Error updating database.  Cause: java.sql.SQLIntegrityConstraintViolationException: Duplicate entry \'3\' for key \'sys_user.PRIMARY\'\r\n### The error may exist in com/erahub/system/mapper/SysUserMapper.java (best guess)\r\n### The error may involve com.erahub.system.mapper.SysUserMapper.insert-Inline\r\n### The error occurred while setting parameters\r\n### SQL: INSERT INTO sys_user  ( user_id, dept_id, user_name, nick_name,    sex,  password, status,     create_by, create_time, update_by, update_time )  VALUES  ( ?, ?, ?, ?,    ?,  ?, ?,     ?, ?, ?, ? )\r\n### Cause: java.sql.SQLIntegrityConstraintViolationException: Duplicate entry \'3\' for key \'sys_user.PRIMARY\'\n; Duplicate entry \'3\' for key \'sys_user.PRIMARY\'; nested exception is java.sql.SQLIntegrityConstraintViolationException: Duplicate entry \'3\' for key \'sys_user.PRIMARY\'', '2022-09-12 19:54:52');
INSERT INTO `sys_oper_log` VALUES (1569293854220996610, '用户管理', 6, 'com.erahub.system.controller.SysUserController.importData()', 'POST', 1, 'admin', '', '/user/importData', '127.0.0.1', '', 'false', '{\"code\":200,\"msg\":\"恭喜您，数据已全部导入成功！共 2 条，数据如下：<br/>1、账号 test03 导入成功<br/>2、账号 test04 导入成功\",\"data\":null}', 0, '', '2022-09-12 19:56:26');
INSERT INTO `sys_oper_log` VALUES (1569293878589902849, '用户管理', 3, 'com.erahub.system.controller.SysUserController.remove()', 'DELETE', 1, 'admin', '', '/user/5', '127.0.0.1', '', '', '{\"code\":200,\"msg\":\"操作成功\",\"data\":null}', 0, '', '2022-09-12 19:56:31');
INSERT INTO `sys_oper_log` VALUES (1569293893001531394, '用户管理', 3, 'com.erahub.system.controller.SysUserController.remove()', 'DELETE', 1, 'admin', '', '/user/6', '127.0.0.1', '', '', '{\"code\":200,\"msg\":\"操作成功\",\"data\":null}', 0, '', '2022-09-12 19:56:35');
INSERT INTO `sys_oper_log` VALUES (1569293980473741313, '用户管理', 2, 'com.erahub.system.controller.SysUserController.resetPwd()', 'PUT', 1, 'admin', '', '/user/resetPwd', '127.0.0.1', '', '{\"searchValue\":null,\"createBy\":null,\"createTime\":null,\"updateBy\":\"admin\",\"updateTime\":\"2022-09-12 19:56:55\",\"params\":{},\"userId\":\"1569245585432358914\",\"deptId\":null,\"userName\":null,\"nickName\":null,\"userType\":null,\"email\":null,\"phonenumber\":null,\"sex\":null,\"avatar\":null,\"status\":null,\"delFlag\":null,\"loginIp\":null,\"loginDate\":null,\"remark\":null,\"dept\":null,\"roles\":null,\"roleIds\":null,\"postIds\":null,\"roleId\":null,\"admin\":false}', '{\"code\":200,\"msg\":\"操作成功\",\"data\":null}', 0, '', '2022-09-12 19:56:56');
INSERT INTO `sys_oper_log` VALUES (1570009902054334465, '菜单管理', 1, 'com.erahub.system.controller.SysMenuController.add()', 'POST', 1, 'admin', '', '/menu', '127.0.0.1', '', '{\"searchValue\":null,\"createBy\":\"admin\",\"createTime\":\"2022-09-14 19:21:44\",\"updateBy\":\"admin\",\"updateTime\":\"2022-09-14 19:21:44\",\"params\":{},\"parentName\":null,\"parentId\":2,\"children\":[],\"menuId\":\"1570009901798481921\",\"menuName\":\"缓存监控\",\"orderNum\":2,\"path\":\"cache\",\"component\":\"monitor/cache/index\",\"queryParam\":null,\"isFrame\":\"1\",\"isCache\":\"0\",\"menuType\":\"C\",\"visible\":\"0\",\"status\":\"0\",\"perms\":\"monitor:cache:list\",\"icon\":\"redis\",\"remark\":null}', '{\"code\":200,\"msg\":\"操作成功\",\"data\":null}', 0, '', '2022-09-14 19:21:45');
INSERT INTO `sys_oper_log` VALUES (1570010110481883138, '菜单管理', 2, 'com.erahub.system.controller.SysMenuController.edit()', 'PUT', 1, 'admin', '', '/menu', '127.0.0.1', '', '{\"searchValue\":null,\"createBy\":\"admin\",\"createTime\":\"2022-09-10 17:10:48\",\"updateBy\":\"admin\",\"updateTime\":\"2022-09-14 19:22:34\",\"params\":{},\"parentName\":null,\"parentId\":2,\"children\":[],\"menuId\":110,\"menuName\":\"XxlJob控制台\",\"orderNum\":5,\"path\":\"http://localhost:9900\",\"component\":\"\",\"queryParam\":\"\",\"isFrame\":\"0\",\"isCache\":\"0\",\"menuType\":\"C\",\"visible\":\"0\",\"status\":\"0\",\"perms\":\"monitor:job:list\",\"icon\":\"job\",\"remark\":\"定时任务菜单\"}', '{\"code\":200,\"msg\":\"操作成功\",\"data\":null}', 0, '', '2022-09-14 19:22:34');
INSERT INTO `sys_oper_log` VALUES (1570010131646341122, '菜单管理', 2, 'com.erahub.system.controller.SysMenuController.edit()', 'PUT', 1, 'admin', '', '/menu', '127.0.0.1', '', '{\"searchValue\":null,\"createBy\":\"admin\",\"createTime\":\"2022-09-10 17:10:48\",\"updateBy\":\"admin\",\"updateTime\":\"2022-09-14 19:22:39\",\"params\":{},\"parentName\":null,\"parentId\":2,\"children\":[],\"menuId\":111,\"menuName\":\"Sentinel控制台\",\"orderNum\":6,\"path\":\"http://localhost:8718\",\"component\":\"\",\"queryParam\":\"\",\"isFrame\":\"0\",\"isCache\":\"0\",\"menuType\":\"C\",\"visible\":\"0\",\"status\":\"0\",\"perms\":\"monitor:sentinel:list\",\"icon\":\"sentinel\",\"remark\":\"流量控制菜单\"}', '{\"code\":200,\"msg\":\"操作成功\",\"data\":null}', 0, '', '2022-09-14 19:22:39');
INSERT INTO `sys_oper_log` VALUES (1570010148582940674, '菜单管理', 2, 'com.erahub.system.controller.SysMenuController.edit()', 'PUT', 1, 'admin', '', '/menu', '127.0.0.1', '', '{\"searchValue\":null,\"createBy\":\"admin\",\"createTime\":\"2022-09-10 17:10:48\",\"updateBy\":\"admin\",\"updateTime\":\"2022-09-14 19:22:43\",\"params\":{},\"parentName\":null,\"parentId\":2,\"children\":[],\"menuId\":112,\"menuName\":\"Nacos控制台\",\"orderNum\":7,\"path\":\"http://localhost:8848/nacos\",\"component\":\"\",\"queryParam\":\"\",\"isFrame\":\"0\",\"isCache\":\"0\",\"menuType\":\"C\",\"visible\":\"0\",\"status\":\"0\",\"perms\":\"monitor:nacos:list\",\"icon\":\"nacos\",\"remark\":\"服务治理菜单\"}', '{\"code\":200,\"msg\":\"操作成功\",\"data\":null}', 0, '', '2022-09-14 19:22:43');
INSERT INTO `sys_oper_log` VALUES (1570010162642247682, '菜单管理', 2, 'com.erahub.system.controller.SysMenuController.edit()', 'PUT', 1, 'admin', '', '/menu', '127.0.0.1', '', '{\"searchValue\":null,\"createBy\":\"admin\",\"createTime\":\"2022-09-10 17:10:48\",\"updateBy\":\"admin\",\"updateTime\":\"2022-09-14 19:22:46\",\"params\":{},\"parentName\":null,\"parentId\":2,\"children\":[],\"menuId\":110,\"menuName\":\"XxlJob控制台\",\"orderNum\":8,\"path\":\"http://localhost:9900\",\"component\":\"\",\"queryParam\":\"\",\"isFrame\":\"0\",\"isCache\":\"0\",\"menuType\":\"C\",\"visible\":\"0\",\"status\":\"0\",\"perms\":\"monitor:job:list\",\"icon\":\"job\",\"remark\":\"定时任务菜单\"}', '{\"code\":200,\"msg\":\"操作成功\",\"data\":null}', 0, '', '2022-09-14 19:22:47');
INSERT INTO `sys_oper_log` VALUES (1570010319861538818, '菜单管理', 1, 'com.erahub.system.controller.SysMenuController.add()', 'POST', 1, 'admin', '', '/menu', '127.0.0.1', '', '{\"searchValue\":null,\"createBy\":\"admin\",\"createTime\":\"2022-09-14 19:23:24\",\"updateBy\":\"admin\",\"updateTime\":\"2022-09-14 19:23:24\",\"params\":{},\"parentName\":null,\"parentId\":2,\"children\":[],\"menuId\":\"1570010319794429953\",\"menuName\":\"缓存列表\",\"orderNum\":3,\"path\":\"cacheList\",\"component\":\"monitor/cache/list\",\"queryParam\":null,\"isFrame\":\"1\",\"isCache\":\"0\",\"menuType\":\"C\",\"visible\":\"0\",\"status\":\"0\",\"perms\":\"monitor:cache:list\",\"icon\":\"redis\",\"remark\":null}', '{\"code\":200,\"msg\":\"操作成功\",\"data\":null}', 0, '', '2022-09-14 19:23:24');
INSERT INTO `sys_oper_log` VALUES (1570012770098438146, '菜单管理', 2, 'com.erahub.system.controller.SysMenuController.edit()', 'PUT', 1, 'admin', '', '/menu', '127.0.0.1', '', '{\"searchValue\":null,\"createBy\":\"admin\",\"createTime\":\"2022-09-10 17:10:48\",\"updateBy\":\"admin\",\"updateTime\":\"2022-09-14 19:33:08\",\"params\":{},\"parentName\":null,\"parentId\":2,\"children\":[],\"menuId\":113,\"menuName\":\"Admin控制台\",\"orderNum\":5,\"path\":\"Admin\",\"component\":\"monitor/admin/index\",\"queryParam\":\"\",\"isFrame\":\"1\",\"isCache\":\"0\",\"menuType\":\"C\",\"visible\":\"0\",\"status\":\"0\",\"perms\":\"monitor:admin:list\",\"icon\":\"server\",\"remark\":\"服务监控菜单\"}', '{\"code\":200,\"msg\":\"操作成功\",\"data\":null}', 0, '', '2022-09-14 19:33:08');
INSERT INTO `sys_oper_log` VALUES (1570013320319819777, '菜单管理', 2, 'com.erahub.system.controller.SysMenuController.edit()', 'PUT', 1, 'admin', '', '/menu', '127.0.0.1', '', '{\"searchValue\":null,\"createBy\":\"admin\",\"createTime\":\"2022-09-10 17:10:48\",\"updateBy\":\"admin\",\"updateTime\":\"2022-09-14 19:35:19\",\"params\":{},\"parentName\":null,\"parentId\":2,\"children\":[],\"menuId\":113,\"menuName\":\"Admin控制台\",\"orderNum\":5,\"path\":\"Admin\",\"component\":\"monitor/admin/index\",\"queryParam\":\"\",\"isFrame\":\"1\",\"isCache\":\"0\",\"menuType\":\"C\",\"visible\":\"0\",\"status\":\"0\",\"perms\":\"monitor:admin:list\",\"icon\":\"server\",\"remark\":\"服务监控菜单\"}', '{\"code\":200,\"msg\":\"操作成功\",\"data\":null}', 0, '', '2022-09-14 19:35:20');
INSERT INTO `sys_oper_log` VALUES (1570014012472254466, '菜单管理', 2, 'com.erahub.system.controller.SysMenuController.edit()', 'PUT', 1, 'admin', '', '/menu', '127.0.0.1', '', '{\"searchValue\":null,\"createBy\":\"admin\",\"createTime\":\"2022-09-10 17:10:48\",\"updateBy\":\"admin\",\"updateTime\":\"2022-09-14 19:38:04\",\"params\":{},\"parentName\":null,\"parentId\":2,\"children\":[],\"menuId\":111,\"menuName\":\"Sentinel控制台\",\"orderNum\":6,\"path\":\"Sentinel\",\"component\":\"monitor/sentinel/index\",\"queryParam\":\"\",\"isFrame\":\"1\",\"isCache\":\"0\",\"menuType\":\"C\",\"visible\":\"0\",\"status\":\"0\",\"perms\":\"monitor:sentinel:list\",\"icon\":\"sentinel\",\"remark\":\"流量控制菜单\"}', '{\"code\":200,\"msg\":\"操作成功\",\"data\":null}', 0, '', '2022-09-14 19:38:05');
INSERT INTO `sys_oper_log` VALUES (1570014809922691074, '菜单管理', 2, 'com.erahub.system.controller.SysMenuController.edit()', 'PUT', 1, 'admin', '', '/menu', '127.0.0.1', '', '{\"searchValue\":null,\"createBy\":\"admin\",\"createTime\":\"2022-09-10 17:10:48\",\"updateBy\":\"admin\",\"updateTime\":\"2022-09-14 19:41:14\",\"params\":{},\"parentName\":null,\"parentId\":2,\"children\":[],\"menuId\":112,\"menuName\":\"Nacos控制台\",\"orderNum\":7,\"path\":\"Nacos\",\"component\":\"monitor/nacos/list\",\"queryParam\":\"\",\"isFrame\":\"1\",\"isCache\":\"0\",\"menuType\":\"C\",\"visible\":\"0\",\"status\":\"0\",\"perms\":\"monitor:nacos:list\",\"icon\":\"nacos\",\"remark\":\"服务治理菜单\"}', '{\"code\":200,\"msg\":\"操作成功\",\"data\":null}', 0, '', '2022-09-14 19:41:15');
INSERT INTO `sys_oper_log` VALUES (1570014883113295874, '菜单管理', 2, 'com.erahub.system.controller.SysMenuController.edit()', 'PUT', 1, 'admin', '', '/menu', '127.0.0.1', '', '{\"searchValue\":null,\"createBy\":\"admin\",\"createTime\":\"2022-09-10 17:10:48\",\"updateBy\":\"admin\",\"updateTime\":\"2022-09-14 19:41:32\",\"params\":{},\"parentName\":null,\"parentId\":2,\"children\":[],\"menuId\":112,\"menuName\":\"Nacos控制台\",\"orderNum\":7,\"path\":\"Nacos\",\"component\":\"monitor/nacos/index\",\"queryParam\":\"\",\"isFrame\":\"1\",\"isCache\":\"0\",\"menuType\":\"C\",\"visible\":\"0\",\"status\":\"0\",\"perms\":\"monitor:nacos:list\",\"icon\":\"nacos\",\"remark\":\"服务治理菜单\"}', '{\"code\":200,\"msg\":\"操作成功\",\"data\":null}', 0, '', '2022-09-14 19:41:32');
INSERT INTO `sys_oper_log` VALUES (1570014988717481985, '菜单管理', 2, 'com.erahub.system.controller.SysMenuController.edit()', 'PUT', 1, 'admin', '', '/menu', '127.0.0.1', '', '{\"searchValue\":null,\"createBy\":\"admin\",\"createTime\":\"2022-09-10 17:10:48\",\"updateBy\":\"admin\",\"updateTime\":\"2022-09-14 19:41:57\",\"params\":{},\"parentName\":null,\"parentId\":2,\"children\":[],\"menuId\":110,\"menuName\":\"XxlJob控制台\",\"orderNum\":8,\"path\":\"Xxljob\",\"component\":\"monitor/job/index\",\"queryParam\":\"\",\"isFrame\":\"1\",\"isCache\":\"0\",\"menuType\":\"C\",\"visible\":\"0\",\"status\":\"0\",\"perms\":\"monitor:job:list\",\"icon\":\"job\",\"remark\":\"定时任务菜单\"}', '{\"code\":200,\"msg\":\"操作成功\",\"data\":null}', 0, '', '2022-09-14 19:41:57');
INSERT INTO `sys_oper_log` VALUES (1570016676702543874, '菜单管理', 2, 'com.erahub.system.controller.SysMenuController.edit()', 'PUT', 1, 'admin', '', '/menu', '127.0.0.1', '', '{\"searchValue\":null,\"createBy\":\"admin\",\"createTime\":\"2022-09-10 17:10:48\",\"updateBy\":\"admin\",\"updateTime\":\"2022-09-14 19:48:39\",\"params\":{},\"parentName\":null,\"parentId\":2,\"children\":[],\"menuId\":110,\"menuName\":\"XxlJob控制台\",\"orderNum\":8,\"path\":\"Xxljob\",\"component\":\"monitor/xxljob/index\",\"queryParam\":\"\",\"isFrame\":\"1\",\"isCache\":\"0\",\"menuType\":\"C\",\"visible\":\"0\",\"status\":\"0\",\"perms\":\"monitor:xxljob:list\",\"icon\":\"job\",\"remark\":\"定时任务菜单\"}', '{\"code\":200,\"msg\":\"操作成功\",\"data\":null}', 0, '', '2022-09-14 19:48:40');
INSERT INTO `sys_oper_log` VALUES (1570017460609572866, '菜单管理', 2, 'com.erahub.system.controller.SysMenuController.edit()', 'PUT', 1, 'admin', '', '/menu', '127.0.0.1', '', '{\"searchValue\":null,\"createBy\":\"admin\",\"createTime\":\"2022-09-10 17:10:48\",\"updateBy\":\"admin\",\"updateTime\":\"2022-09-14 19:51:46\",\"params\":{},\"parentName\":null,\"parentId\":2,\"children\":[],\"menuId\":112,\"menuName\":\"Nacos控制台\",\"orderNum\":7,\"path\":\"Nacos\",\"component\":\"monitor/nacos/index\",\"queryParam\":\"\",\"isFrame\":\"1\",\"isCache\":\"0\",\"menuType\":\"C\",\"visible\":\"0\",\"status\":\"0\",\"perms\":\"monitor:nacos:list\",\"icon\":\"nacos\",\"remark\":\"服务治理菜单\"}', '{\"code\":200,\"msg\":\"操作成功\",\"data\":null}', 0, '', '2022-09-14 19:51:47');
INSERT INTO `sys_oper_log` VALUES (1570020931748454402, '菜单管理', 2, 'com.erahub.system.controller.SysMenuController.edit()', 'PUT', 1, 'admin', '', '/menu', '127.0.0.1', '', '{\"searchValue\":null,\"createBy\":\"admin\",\"createTime\":\"2022-09-10 17:10:48\",\"updateBy\":\"admin\",\"updateTime\":\"2022-09-14 20:05:34\",\"params\":{},\"parentName\":null,\"parentId\":2,\"children\":[],\"menuId\":112,\"menuName\":\"Nacos控制台\",\"orderNum\":7,\"path\":\"http://localhost:8848/nacos\",\"component\":\"\",\"queryParam\":\"\",\"isFrame\":\"0\",\"isCache\":\"0\",\"menuType\":\"C\",\"visible\":\"0\",\"status\":\"0\",\"perms\":\"monitor:nacos:list\",\"icon\":\"nacos\",\"remark\":\"服务治理菜单\"}', '{\"code\":200,\"msg\":\"操作成功\",\"data\":null}', 0, '', '2022-09-14 20:05:34');
INSERT INTO `sys_oper_log` VALUES (1570021218567544833, '菜单管理', 2, 'com.erahub.system.controller.SysMenuController.edit()', 'PUT', 1, 'admin', '', '/menu', '127.0.0.1', '', '{\"searchValue\":null,\"createBy\":\"admin\",\"createTime\":\"2022-09-10 17:10:48\",\"updateBy\":\"admin\",\"updateTime\":\"2022-09-14 20:06:42\",\"params\":{},\"parentName\":null,\"parentId\":2,\"children\":[],\"menuId\":112,\"menuName\":\"Nacos控制台\",\"orderNum\":8,\"path\":\"http://localhost:8848/nacos\",\"component\":\"\",\"queryParam\":\"\",\"isFrame\":\"0\",\"isCache\":\"0\",\"menuType\":\"C\",\"visible\":\"0\",\"status\":\"0\",\"perms\":\"monitor:nacos:list\",\"icon\":\"nacos\",\"remark\":\"服务治理菜单\"}', '{\"code\":200,\"msg\":\"操作成功\",\"data\":null}', 0, '', '2022-09-14 20:06:43');
INSERT INTO `sys_oper_log` VALUES (1570021235713859586, '菜单管理', 2, 'com.erahub.system.controller.SysMenuController.edit()', 'PUT', 1, 'admin', '', '/menu', '127.0.0.1', '', '{\"searchValue\":null,\"createBy\":\"admin\",\"createTime\":\"2022-09-10 17:10:48\",\"updateBy\":\"admin\",\"updateTime\":\"2022-09-14 20:06:46\",\"params\":{},\"parentName\":null,\"parentId\":2,\"children\":[],\"menuId\":110,\"menuName\":\"XxlJob控制台\",\"orderNum\":7,\"path\":\"Xxljob\",\"component\":\"monitor/xxljob/index\",\"queryParam\":\"\",\"isFrame\":\"1\",\"isCache\":\"0\",\"menuType\":\"C\",\"visible\":\"0\",\"status\":\"0\",\"perms\":\"monitor:xxljob:list\",\"icon\":\"job\",\"remark\":\"定时任务菜单\"}', '{\"code\":200,\"msg\":\"操作成功\",\"data\":null}', 0, '', '2022-09-14 20:06:47');
INSERT INTO `sys_oper_log` VALUES (1570022388644143107, '菜单管理', 1, 'com.erahub.system.controller.SysMenuController.add()', 'POST', 1, 'admin', '', '/menu', '127.0.0.1', '', '{\"searchValue\":null,\"createBy\":\"admin\",\"createTime\":\"2022-09-14 20:11:21\",\"updateBy\":\"admin\",\"updateTime\":\"2022-09-14 20:11:21\",\"params\":{},\"parentName\":null,\"parentId\":2,\"children\":[],\"menuId\":\"1570022388644143106\",\"menuName\":\"数据监控\",\"orderNum\":4,\"path\":\"Druid\",\"component\":\"monitor/druid/index\",\"queryParam\":null,\"isFrame\":\"1\",\"isCache\":\"0\",\"menuType\":\"C\",\"visible\":\"0\",\"status\":\"0\",\"perms\":\"monitor:druid:list\",\"icon\":\"druid\",\"remark\":null}', '{\"code\":200,\"msg\":\"操作成功\",\"data\":null}', 0, '', '2022-09-14 20:11:22');
INSERT INTO `sys_oper_log` VALUES (1570028996531019778, '在线用户', 7, 'com.erahub.system.controller.SysUserOnlineController.forceLogout()', 'DELETE', 1, 'admin', '', '/online/eyJ0eXAiOiJKV1QiLCJhbGciOiJIUzI1NiJ9.eyJsb2dpblR5cGUiOiJsb2dpbiIsImxvZ2luSWQiOiJzeXNfdXNlcjoxIiwicm5TdHIiOiJ1T2ZHN0tvUWNOR1JKNDdrVEJiYUxSbms3bTNIUGhnSyJ9._ZHkQvgSRtqlSmufm6JTe6Hg0SZai4cfbj0he55y3zw', '127.0.0.1', '', '', '{\"code\":200,\"msg\":\"操作成功\",\"data\":null}', 0, '', '2022-09-14 20:37:37');
INSERT INTO `sys_oper_log` VALUES (1570361544176029698, '菜单管理', 2, 'com.erahub.system.controller.SysMenuController.edit()', 'PUT', 1, 'admin', '', '/menu', '127.0.0.1', '', '{\"searchValue\":null,\"createBy\":\"admin\",\"createTime\":\"2022-09-14 20:11:22\",\"updateBy\":\"admin\",\"updateTime\":\"2022-09-15 18:39:02\",\"params\":{},\"parentName\":null,\"parentId\":2,\"children\":[],\"menuId\":\"1570022388644143106\",\"menuName\":\"服务监控\",\"orderNum\":4,\"path\":\"server\",\"component\":\"monitor/server/index\",\"queryParam\":null,\"isFrame\":\"1\",\"isCache\":\"0\",\"menuType\":\"C\",\"visible\":\"0\",\"status\":\"0\",\"perms\":\"monitor:server:list\",\"icon\":\"druid\",\"remark\":\"\"}', '{\"code\":200,\"msg\":\"操作成功\",\"data\":null}', 0, '', '2022-09-15 18:39:03');
INSERT INTO `sys_oper_log` VALUES (1570361604989243393, '菜单管理', 2, 'com.erahub.system.controller.SysMenuController.edit()', 'PUT', 1, 'admin', '', '/menu', '127.0.0.1', '', '{\"searchValue\":null,\"createBy\":\"admin\",\"createTime\":\"2022-09-14 20:11:22\",\"updateBy\":\"admin\",\"updateTime\":\"2022-09-15 18:39:17\",\"params\":{},\"parentName\":null,\"parentId\":2,\"children\":[],\"menuId\":\"1570022388644143106\",\"menuName\":\"服务监控\",\"orderNum\":4,\"path\":\"server\",\"component\":\"monitor/server/index\",\"queryParam\":null,\"isFrame\":\"1\",\"isCache\":\"0\",\"menuType\":\"C\",\"visible\":\"0\",\"status\":\"0\",\"perms\":\"monitor:server:list\",\"icon\":\"server\",\"remark\":\"\"}', '{\"code\":200,\"msg\":\"操作成功\",\"data\":null}', 0, '', '2022-09-15 18:39:17');
INSERT INTO `sys_oper_log` VALUES (1570371962537668609, '角色管理', 2, 'com.erahub.system.controller.SysRoleController.dataScope()', 'PUT', 1, 'admin', '', '/role/dataScope', '127.0.0.1', '', '{\"searchValue\":null,\"createBy\":\"admin\",\"createTime\":\"2022-09-12 16:43:29\",\"updateBy\":\"admin\",\"updateTime\":\"2022-09-15 19:20:26\",\"params\":{},\"roleId\":\"1569245300584591362\",\"roleName\":\"test01\",\"roleKey\":\"test01\",\"roleSort\":3,\"dataScope\":\"2\",\"menuCheckStrictly\":true,\"deptCheckStrictly\":true,\"status\":\"0\",\"delFlag\":\"0\",\"remark\":null,\"flag\":false,\"menuIds\":null,\"deptIds\":[100,102,108,109],\"admin\":false}', '{\"code\":200,\"msg\":\"操作成功\",\"data\":null}', 0, '', '2022-09-15 19:20:27');
INSERT INTO `sys_oper_log` VALUES (1570372105395662849, '用户头像', 2, 'com.erahub.system.controller.SysProfileController.avatar()', 'POST', 1, 'admin', '', '/user/profile/avatar', '127.0.0.1', '', '', '{\"code\":500,\"msg\":\"文件格式不正确，请上传[bmp, gif, jpg, jpeg, png]格式\",\"data\":null}', 0, '', '2022-09-15 19:21:01');
INSERT INTO `sys_oper_log` VALUES (1570372117756276738, '用户头像', 2, 'com.erahub.system.controller.SysProfileController.avatar()', 'POST', 1, 'admin', '', '/user/profile/avatar', '127.0.0.1', '', '', '{\"code\":500,\"msg\":\"文件格式不正确，请上传[bmp, gif, jpg, jpeg, png]格式\",\"data\":null}', 0, '', '2022-09-15 19:21:04');
INSERT INTO `sys_oper_log` VALUES (1570372139298222082, '用户头像', 2, 'com.erahub.system.controller.SysProfileController.avatar()', 'POST', 1, 'admin', '', '/user/profile/avatar', '127.0.0.1', '', '', '{\"code\":500,\"msg\":\"文件格式不正确，请上传[bmp, gif, jpg, jpeg, png]格式\",\"data\":null}', 0, '', '2022-09-15 19:21:09');
INSERT INTO `sys_oper_log` VALUES (1570372178607239169, '用户头像', 2, 'com.erahub.system.controller.SysProfileController.avatar()', 'POST', 1, 'admin', '', '/user/profile/avatar', '127.0.0.1', '', '', '{\"code\":500,\"msg\":\"文件格式不正确，请上传[bmp, gif, jpg, jpeg, png]格式\",\"data\":null}', 0, '', '2022-09-15 19:21:18');
INSERT INTO `sys_oper_log` VALUES (1570372348287807489, '用户管理', 2, 'com.erahub.system.controller.SysUserController.resetPwd()', 'PUT', 1, 'admin', '', '/user/resetPwd', '127.0.0.1', '', '{\"searchValue\":null,\"createBy\":null,\"createTime\":null,\"updateBy\":\"admin\",\"updateTime\":\"2022-09-15 19:21:58\",\"params\":{},\"userId\":\"1569245585432358914\",\"deptId\":null,\"userName\":null,\"nickName\":null,\"userType\":null,\"email\":null,\"phonenumber\":null,\"sex\":null,\"avatar\":null,\"status\":null,\"delFlag\":null,\"loginIp\":null,\"loginDate\":null,\"remark\":null,\"dept\":null,\"roles\":null,\"roleIds\":null,\"postIds\":null,\"roleId\":null,\"admin\":false}', '{\"code\":200,\"msg\":\"操作成功\",\"data\":null}', 0, '', '2022-09-15 19:21:59');
INSERT INTO `sys_oper_log` VALUES (1570376110725296129, '用户头像', 2, 'com.erahub.system.controller.SysProfileController.avatar()', 'POST', 1, 'test01', '', '/user/profile/avatar', '127.0.0.1', '', '', '{\"code\":500,\"msg\":\"文件格式不正确，请上传[bmp, gif, jpg, jpeg, png]格式\",\"data\":null}', 0, '', '2022-09-15 19:36:56');
INSERT INTO `sys_oper_log` VALUES (1570376352208154625, '菜单管理', 3, 'com.erahub.system.controller.SysMenuController.remove()', 'DELETE', 1, 'admin', '', '/menu/4', '127.0.0.1', '', '', '{\"code\":500,\"msg\":\"菜单已分配,不允许删除\",\"data\":null}', 0, '', '2022-09-15 19:37:53');
INSERT INTO `sys_oper_log` VALUES (1570376396223180801, '菜单管理', 2, 'com.erahub.system.controller.SysMenuController.edit()', 'PUT', 1, 'admin', '', '/menu', '127.0.0.1', '', '{\"searchValue\":null,\"createBy\":\"admin\",\"createTime\":\"2022-09-10 17:10:48\",\"updateBy\":\"admin\",\"updateTime\":\"2022-09-15 19:38:03\",\"params\":{},\"parentName\":null,\"parentId\":0,\"children\":[],\"menuId\":4,\"menuName\":\"PLUS官网\",\"orderNum\":4,\"path\":\"https://gitee.com/JavaLionLi/RuoYi-Cloud-Plus\",\"component\":null,\"queryParam\":\"\",\"isFrame\":\"0\",\"isCache\":\"0\",\"menuType\":\"C\",\"visible\":\"0\",\"status\":\"0\",\"perms\":\"\",\"icon\":\"guide\",\"remark\":\"若依官网地址\"}', '{\"code\":200,\"msg\":\"操作成功\",\"data\":null}', 0, '', '2022-09-15 19:38:04');
INSERT INTO `sys_oper_log` VALUES (1570376409875640321, '菜单管理', 2, 'com.erahub.system.controller.SysMenuController.edit()', 'PUT', 1, 'admin', '', '/menu', '127.0.0.1', '', '{\"searchValue\":null,\"createBy\":\"admin\",\"createTime\":\"2022-09-10 17:10:48\",\"updateBy\":\"admin\",\"updateTime\":\"2022-09-15 19:38:06\",\"params\":{},\"parentName\":null,\"parentId\":0,\"children\":[],\"menuId\":4,\"menuName\":\"PLUS官网\",\"orderNum\":4,\"path\":\"https://gitee.com/JavaLionLi/RuoYi-Cloud-Plus\",\"component\":null,\"queryParam\":\"\",\"isFrame\":\"0\",\"isCache\":\"0\",\"menuType\":\"C\",\"visible\":\"0\",\"status\":\"0\",\"perms\":\"\",\"icon\":\"guide\",\"remark\":\"若依官网地址\"}', '{\"code\":200,\"msg\":\"操作成功\",\"data\":null}', 0, '', '2022-09-15 19:38:07');
INSERT INTO `sys_oper_log` VALUES (1570376416632664065, '菜单管理', 3, 'com.erahub.system.controller.SysMenuController.remove()', 'DELETE', 1, 'admin', '', '/menu/4', '127.0.0.1', '', '', '{\"code\":500,\"msg\":\"菜单已分配,不允许删除\",\"data\":null}', 0, '', '2022-09-15 19:38:09');
INSERT INTO `sys_oper_log` VALUES (1570376573801623553, '菜单管理', 3, 'com.erahub.system.controller.SysMenuController.remove()', 'DELETE', 1, 'admin', '', '/menu/4', '127.0.0.1', '', '', '{\"code\":500,\"msg\":\"菜单已分配,不允许删除\",\"data\":null}', 0, '', '2022-09-15 19:38:46');
INSERT INTO `sys_oper_log` VALUES (1570376734648987650, '角色管理', 2, 'com.erahub.system.controller.SysRoleController.edit()', 'PUT', 1, 'admin', '', '/role', '127.0.0.1', '', '{\"searchValue\":null,\"createBy\":\"admin\",\"createTime\":\"2022-09-10 17:10:48\",\"updateBy\":\"admin\",\"updateTime\":\"2022-09-15 19:39:24\",\"params\":{},\"roleId\":2,\"roleName\":\"管理员\",\"roleKey\":\"common\",\"roleSort\":2,\"dataScope\":\"2\",\"menuCheckStrictly\":true,\"deptCheckStrictly\":true,\"status\":\"0\",\"delFlag\":\"0\",\"remark\":\"管理员\",\"flag\":false,\"menuIds\":[2,1,100,1001,1002,1003,1004,1005,1006,1007,101,1008,1009,1010,1011,1012,102,1013,1014,1015,1016,103,1017,1018,1019,1020,104,1021,1022,1023,1024,1025,105,1026,1027,1028,1029,1030,106,1031,1032,1033,1034,1035,107,1036,1037,1038,1039,108,500,1040,1041,1042,501,1043,1044,1045,1050,118,1600,1601,1602,1603,1604,1605,109,1046,1047,1048,113,111,110,112,3,114,115,1055,1056,1058,1057,1059,1060,5,1500,1501,1502,1503,1504,1505,1506,1507,1508,1509,1510,1511],\"deptIds\":null,\"admin\":false}', '{\"code\":200,\"msg\":\"操作成功\",\"data\":null}', 0, '', '2022-09-15 19:39:24');
INSERT INTO `sys_oper_log` VALUES (1570376779683229698, '菜单管理', 3, 'com.erahub.system.controller.SysMenuController.remove()', 'DELETE', 1, 'admin', '', '/menu/4', '127.0.0.1', '', '', '{\"code\":200,\"msg\":\"操作成功\",\"data\":null}', 0, '', '2022-09-15 19:39:35');
INSERT INTO `sys_oper_log` VALUES (1570734670872965121, '用户管理', 5, 'com.erahub.system.controller.SysUserController.export()', 'POST', 1, 'admin', '', '/user/export', '192.168.56.1', '', '{\"searchValue\":null,\"createBy\":null,\"createTime\":null,\"updateBy\":null,\"updateTime\":null,\"params\":{},\"userId\":null,\"deptId\":null,\"userName\":null,\"nickName\":null,\"userType\":null,\"email\":null,\"phonenumber\":null,\"sex\":null,\"avatar\":null,\"status\":null,\"delFlag\":null,\"loginIp\":null,\"loginDate\":null,\"remark\":null,\"dept\":null,\"roles\":null,\"roleIds\":null,\"postIds\":null,\"roleId\":null,\"admin\":false}', '', 0, '', '2022-09-16 19:21:43');
INSERT INTO `sys_oper_log` VALUES (1570749077799694338, 'OSS对象存储', 3, 'com.erahub.resource.controller.SysOssController.remove()', 'DELETE', 1, 'admin', '', '/oss/1569156387274727426', '192.168.56.1', '', '', '', 1, '创建Bucket失败, 请核对配置信息:[The Access Key Id you provided does not exist in our records. (Service: Amazon S3; Status Code: 403; Error Code: InvalidAccessKeyId; Request ID: 1715567E41449531; S3 Extended Request ID: 7884da5a-3c57-471f-b72b-be44e5fe726e; Proxy: null)]', '2022-09-16 20:18:58');
INSERT INTO `sys_oper_log` VALUES (1570749585604079617, '用户头像', 2, 'com.erahub.system.controller.SysProfileController.avatar()', 'POST', 1, 'admin', '', '/user/profile/avatar', '192.168.56.1', '', '', '', 1, '上传文件失败', '2022-09-16 20:20:59');
INSERT INTO `sys_oper_log` VALUES (1570750186962415618, '对象存储配置', 2, 'com.erahub.resource.controller.SysOssConfigController.edit()', 'PUT', 1, 'admin', '', '/oss/config', '192.168.56.1', '', '{\"searchValue\":null,\"createBy\":null,\"createTime\":null,\"updateBy\":null,\"updateTime\":null,\"params\":{},\"ossConfigId\":1,\"configKey\":\"minio\",\"accessKey\":\"erahub\",\"secretKey\":\"erahub123\",\"bucketName\":\"erahub\",\"prefix\":\"\",\"endpoint\":\"127.0.0.1:9000\",\"domain\":\"\",\"isHttps\":\"N\",\"status\":\"0\",\"region\":\"\",\"ext1\":\"\",\"remark\":\"\"}', '{\"code\":200,\"msg\":\"操作成功\",\"data\":null}', 0, '', '2022-09-16 20:23:22');
INSERT INTO `sys_oper_log` VALUES (1570750216339320834, '用户头像', 2, 'com.erahub.system.controller.SysProfileController.avatar()', 'POST', 1, 'admin', '', '/user/profile/avatar', '192.168.56.1', '', '', '{\"code\":200,\"msg\":\"操作成功\",\"data\":{\"imgUrl\":\"http://127.0.0.1:9000/erahub/2022/09/16/ca193326dd954694b23ad380a9746a4f.jpg\"}}', 0, '', '2022-09-16 20:23:29');
INSERT INTO `sys_oper_log` VALUES (1570750296635076609, '用户头像', 2, 'com.erahub.system.controller.SysProfileController.avatar()', 'POST', 1, 'admin', '', '/user/profile/avatar', '192.168.56.1', '', '', '{\"code\":200,\"msg\":\"操作成功\",\"data\":{\"imgUrl\":\"http://127.0.0.1:9000/erahub/2022/09/16/1a800eb99f9242e38630b1fc93ae4f07.jpg\"}}', 0, '', '2022-09-16 20:23:49');
INSERT INTO `sys_oper_log` VALUES (1570750512532680705, '对象存储配置', 2, 'com.erahub.resource.controller.SysOssConfigController.edit()', 'PUT', 1, 'admin', '', '/oss/config', '192.168.56.1', '', '{\"searchValue\":null,\"createBy\":null,\"createTime\":null,\"updateBy\":null,\"updateTime\":null,\"params\":{},\"ossConfigId\":1,\"configKey\":\"minio\",\"accessKey\":\"erahub\",\"secretKey\":\"erahub123\",\"bucketName\":\"erahub\",\"prefix\":\"\",\"endpoint\":\"192.168.56.10:9000\",\"domain\":\"\",\"isHttps\":\"N\",\"status\":\"0\",\"region\":\"\",\"ext1\":\"\",\"remark\":\"\"}', '{\"code\":200,\"msg\":\"操作成功\",\"data\":null}', 0, '', '2022-09-16 20:24:40');
INSERT INTO `sys_oper_log` VALUES (1570751929876082689, '对象存储配置', 2, 'com.erahub.resource.controller.SysOssConfigController.edit()', 'PUT', 1, 'admin', '', '/oss/config', '192.168.56.1', '', '{\"searchValue\":null,\"createBy\":null,\"createTime\":null,\"updateBy\":null,\"updateTime\":null,\"params\":{},\"ossConfigId\":1,\"configKey\":\"minio\",\"accessKey\":\"erahub\",\"secretKey\":\"erahub123\",\"bucketName\":\"erahub\",\"prefix\":\"\",\"endpoint\":\"192.168.56.10:9001\",\"domain\":\"\",\"isHttps\":\"N\",\"status\":\"0\",\"region\":\"\",\"ext1\":\"\",\"remark\":\"\"}', '{\"code\":200,\"msg\":\"操作成功\",\"data\":null}', 0, '', '2022-09-16 20:30:18');
INSERT INTO `sys_oper_log` VALUES (1570752557901803522, '对象存储配置', 2, 'com.erahub.resource.controller.SysOssConfigController.edit()', 'PUT', 1, 'admin', '', '/oss/config', '192.168.56.1', '', '{\"searchValue\":null,\"createBy\":null,\"createTime\":null,\"updateBy\":null,\"updateTime\":null,\"params\":{},\"ossConfigId\":1,\"configKey\":\"minio\",\"accessKey\":\"erahub\",\"secretKey\":\"erahub123\",\"bucketName\":\"erahub\",\"prefix\":\"\",\"endpoint\":\"192.168.56.10:9000\",\"domain\":\"\",\"isHttps\":\"N\",\"status\":\"0\",\"region\":\"\",\"ext1\":\"\",\"remark\":\"\"}', '{\"code\":200,\"msg\":\"操作成功\",\"data\":null}', 0, '', '2022-09-16 20:32:48');
INSERT INTO `sys_oper_log` VALUES (1570752575106838530, '参数管理', 2, 'com.erahub.system.controller.SysConfigController.updateByKey()', 'PUT', 1, 'admin', '', '/config/updateByKey', '192.168.56.1', '', '{\"searchValue\":null,\"createBy\":null,\"createTime\":null,\"updateBy\":\"admin\",\"updateTime\":\"2022-09-16 20:32:51\",\"params\":{},\"configId\":null,\"configName\":null,\"configKey\":\"sys.oss.previewListResource\",\"configValue\":\"false\",\"configType\":null,\"remark\":null}', '{\"code\":200,\"msg\":\"操作成功\",\"data\":null}', 0, '', '2022-09-16 20:32:52');
INSERT INTO `sys_oper_log` VALUES (1570752609781149697, '参数管理', 2, 'com.erahub.system.controller.SysConfigController.updateByKey()', 'PUT', 1, 'admin', '', '/config/updateByKey', '192.168.56.1', '', '{\"searchValue\":null,\"createBy\":null,\"createTime\":null,\"updateBy\":\"admin\",\"updateTime\":\"2022-09-16 20:32:59\",\"params\":{},\"configId\":null,\"configName\":null,\"configKey\":\"sys.oss.previewListResource\",\"configValue\":\"true\",\"configType\":null,\"remark\":null}', '{\"code\":200,\"msg\":\"操作成功\",\"data\":null}', 0, '', '2022-09-16 20:33:00');
INSERT INTO `sys_oper_log` VALUES (1570752790228496386, '参数管理', 2, 'com.erahub.system.controller.SysConfigController.updateByKey()', 'PUT', 1, 'admin', '', '/config/updateByKey', '192.168.56.1', '', '{\"searchValue\":null,\"createBy\":null,\"createTime\":null,\"updateBy\":\"admin\",\"updateTime\":\"2022-09-16 20:33:43\",\"params\":{},\"configId\":null,\"configName\":null,\"configKey\":\"sys.oss.previewListResource\",\"configValue\":\"false\",\"configType\":null,\"remark\":null}', '{\"code\":200,\"msg\":\"操作成功\",\"data\":null}', 0, '', '2022-09-16 20:33:43');
INSERT INTO `sys_oper_log` VALUES (1570752813204893697, '参数管理', 2, 'com.erahub.system.controller.SysConfigController.updateByKey()', 'PUT', 1, 'admin', '', '/config/updateByKey', '192.168.56.1', '', '{\"searchValue\":null,\"createBy\":null,\"createTime\":null,\"updateBy\":\"admin\",\"updateTime\":\"2022-09-16 20:33:48\",\"params\":{},\"configId\":null,\"configName\":null,\"configKey\":\"sys.oss.previewListResource\",\"configValue\":\"true\",\"configType\":null,\"remark\":null}', '{\"code\":200,\"msg\":\"操作成功\",\"data\":null}', 0, '', '2022-09-16 20:33:49');
INSERT INTO `sys_oper_log` VALUES (1570753261634711554, '对象存储配置', 2, 'com.erahub.resource.controller.SysOssConfigController.edit()', 'PUT', 1, 'admin', '', '/oss/config', '192.168.56.1', '', '{\"searchValue\":null,\"createBy\":null,\"createTime\":null,\"updateBy\":null,\"updateTime\":null,\"params\":{},\"ossConfigId\":1,\"configKey\":\"minio\",\"accessKey\":\"erahub\",\"secretKey\":\"erahub123\",\"bucketName\":\"erahub\",\"prefix\":\"\",\"endpoint\":\"192.168.56.10:9001\",\"domain\":\"\",\"isHttps\":\"N\",\"status\":\"0\",\"region\":\"\",\"ext1\":\"\",\"remark\":\"\"}', '{\"code\":200,\"msg\":\"操作成功\",\"data\":null}', 0, '', '2022-09-16 20:35:35');
INSERT INTO `sys_oper_log` VALUES (1570756179498758146, '用户头像', 2, 'com.erahub.system.controller.SysProfileController.avatar()', 'POST', 1, 'admin', '', '/user/profile/avatar', '192.168.56.1', '', '', '', 1, '上传文件失败', '2022-09-16 20:47:11');
INSERT INTO `sys_oper_log` VALUES (1570756254052511746, '对象存储配置', 2, 'com.erahub.resource.controller.SysOssConfigController.edit()', 'PUT', 1, 'admin', '', '/oss/config', '192.168.56.1', '', '{\"searchValue\":null,\"createBy\":null,\"createTime\":null,\"updateBy\":null,\"updateTime\":null,\"params\":{},\"ossConfigId\":1,\"configKey\":\"minio\",\"accessKey\":\"erahub\",\"secretKey\":\"erahub123\",\"bucketName\":\"erahub\",\"prefix\":\"\",\"endpoint\":\"192.168.56.10:9000\",\"domain\":\"\",\"isHttps\":\"N\",\"status\":\"0\",\"region\":\"\",\"ext1\":\"\",\"remark\":\"\"}', '{\"code\":200,\"msg\":\"操作成功\",\"data\":null}', 0, '', '2022-09-16 20:47:29');
INSERT INTO `sys_oper_log` VALUES (1570756423556919297, '用户头像', 2, 'com.erahub.system.controller.SysProfileController.avatar()', 'POST', 1, 'admin', '', '/user/profile/avatar', '192.168.56.1', '', '', '{\"code\":200,\"msg\":\"操作成功\",\"data\":{\"imgUrl\":\"http://192.168.56.10:9000/erahub/2022/09/16/cd579c34f22e46aab82a8f2414674cfd.jpg\"}}', 0, '', '2022-09-16 20:48:09');
INSERT INTO `sys_oper_log` VALUES (1570756650506514433, '在线用户', 7, 'com.erahub.system.controller.SysUserOnlineController.forceLogout()', 'DELETE', 1, 'admin', '', '/online/eyJ0eXAiOiJKV1QiLCJhbGciOiJIUzI1NiJ9.eyJsb2dpblR5cGUiOiJsb2dpbiIsImxvZ2luSWQiOiJzeXNfdXNlcjoxIiwicm5TdHIiOiJ0TThFZDAwT0ZZejI5Y1JPNE54d0pjNFpVbWRSbTltTCJ9.zdyFlYx5Tr1HTjaoCuYw06agfvTvSTk3RSQziy14gMs', '192.168.56.1', '', '', '{\"code\":200,\"msg\":\"操作成功\",\"data\":null}', 0, '', '2022-09-16 20:49:03');
INSERT INTO `sys_oper_log` VALUES (1570758202881339393, '菜单管理', 1, 'com.erahub.system.controller.SysMenuController.add()', 'POST', 1, 'admin', '', '/menu', '192.168.56.1', '', '{\"searchValue\":null,\"createBy\":\"admin\",\"createTime\":\"2022-09-16 20:55:13\",\"updateBy\":\"admin\",\"updateTime\":\"2022-09-16 20:55:13\",\"params\":{},\"parentName\":null,\"parentId\":2,\"children\":[],\"menuId\":\"1570758202780676098\",\"menuName\":\"Minio控制台\",\"orderNum\":9,\"path\":\"Minio\",\"component\":\"monitor/minio/index\",\"queryParam\":null,\"isFrame\":\"1\",\"isCache\":\"0\",\"menuType\":\"C\",\"visible\":\"0\",\"status\":\"0\",\"perms\":\"monitor:minio:list\",\"icon\":\"upload\",\"remark\":null}', '{\"code\":200,\"msg\":\"操作成功\",\"data\":null}', 0, '', '2022-09-16 20:55:13');
INSERT INTO `sys_oper_log` VALUES (1570758902126342146, '菜单管理', 2, 'com.erahub.system.controller.SysMenuController.edit()', 'PUT', 1, 'admin', '', '/menu', '192.168.56.1', '', '{\"searchValue\":null,\"createBy\":\"admin\",\"createTime\":\"2022-09-10 17:10:48\",\"updateBy\":\"admin\",\"updateTime\":\"2022-09-16 20:58:00\",\"params\":{},\"parentName\":null,\"parentId\":2,\"children\":[],\"menuId\":112,\"menuName\":\"Nacos控制台\",\"orderNum\":8,\"path\":\"http://127.0.0.1:8848/nacos\",\"component\":\"\",\"queryParam\":\"\",\"isFrame\":\"0\",\"isCache\":\"0\",\"menuType\":\"C\",\"visible\":\"0\",\"status\":\"0\",\"perms\":\"monitor:nacos:list\",\"icon\":\"nacos\",\"remark\":\"服务治理菜单\"}', '{\"code\":200,\"msg\":\"操作成功\",\"data\":null}', 0, '', '2022-09-16 20:58:00');
INSERT INTO `sys_oper_log` VALUES (1570758994883375105, '菜单管理', 2, 'com.erahub.system.controller.SysMenuController.edit()', 'PUT', 1, 'admin', '', '/menu', '192.168.56.1', '', '{\"searchValue\":null,\"createBy\":\"admin\",\"createTime\":\"2022-09-10 17:10:48\",\"updateBy\":\"admin\",\"updateTime\":\"2022-09-16 20:58:22\",\"params\":{},\"parentName\":null,\"parentId\":2,\"children\":[],\"menuId\":112,\"menuName\":\"Nacos控制台\",\"orderNum\":8,\"path\":\"http://192.168.56.10:8848/nacos\",\"component\":\"\",\"queryParam\":\"\",\"isFrame\":\"0\",\"isCache\":\"0\",\"menuType\":\"C\",\"visible\":\"0\",\"status\":\"0\",\"perms\":\"monitor:nacos:list\",\"icon\":\"nacos\",\"remark\":\"服务治理菜单\"}', '{\"code\":200,\"msg\":\"操作成功\",\"data\":null}', 0, '', '2022-09-16 20:58:22');
INSERT INTO `sys_oper_log` VALUES (1570759315567276033, '菜单管理', 2, 'com.erahub.system.controller.SysMenuController.edit()', 'PUT', 1, 'admin', '', '/menu', '192.168.56.1', '', '{\"searchValue\":null,\"createBy\":\"admin\",\"createTime\":\"2022-09-16 20:55:13\",\"updateBy\":\"admin\",\"updateTime\":\"2022-09-16 20:59:38\",\"params\":{},\"parentName\":null,\"parentId\":2,\"children\":[],\"menuId\":\"1570758202780676098\",\"menuName\":\"Minio控制台\",\"orderNum\":9,\"path\":\"http://192.168.56.10:9000\",\"component\":\"\",\"queryParam\":null,\"isFrame\":\"0\",\"isCache\":\"0\",\"menuType\":\"C\",\"visible\":\"0\",\"status\":\"0\",\"perms\":\"monitor:minio:list\",\"icon\":\"upload\",\"remark\":\"\"}', '{\"code\":200,\"msg\":\"操作成功\",\"data\":null}', 0, '', '2022-09-16 20:59:39');
INSERT INTO `sys_oper_log` VALUES (1570954973460508673, '对象存储配置', 2, 'com.erahub.resource.controller.SysOssConfigController.edit()', 'PUT', 1, 'admin', '', '/oss/config', '223.65.41.168', '', '{\"searchValue\":null,\"createBy\":null,\"createTime\":null,\"updateBy\":null,\"updateTime\":null,\"params\":{},\"ossConfigId\":1,\"configKey\":\"minio\",\"accessKey\":\"erahub\",\"secretKey\":\"erahub123\",\"bucketName\":\"erahub\",\"prefix\":\"\",\"endpoint\":\"172.17.228.8:9000\",\"domain\":\"\",\"isHttps\":\"N\",\"status\":\"0\",\"region\":\"\",\"ext1\":\"\",\"remark\":\"\"}', '{\"code\":200,\"msg\":\"操作成功\",\"data\":null}', 0, '', '2022-09-17 09:57:07');
INSERT INTO `sys_oper_log` VALUES (1570955010915643393, 'OSS对象存储', 1, 'com.erahub.resource.controller.SysOssController.upload()', 'POST', 1, 'admin', '', '/oss/upload', '223.65.41.168', '', '', '{\"code\":200,\"msg\":\"操作成功\",\"data\":{\"ossId\":\"1570955010747871233\",\"url\":\"http://172.17.228.8:9000/erahub/2022/09/17/9bbbbb9b3bd94b7ca5eb6dac3db6d382.pdf\",\"fileName\":\"谷粒商城-分布式基础-图.pdf\"}}', 0, '', '2022-09-17 09:57:16');
INSERT INTO `sys_oper_log` VALUES (1570955134467256322, 'OSS对象存储', 3, 'com.erahub.resource.controller.SysOssController.remove()', 'DELETE', 1, 'admin', '', '/oss/1570955010747871233', '223.65.41.168', '', '', '{\"code\":200,\"msg\":\"操作成功\",\"data\":null}', 0, '', '2022-09-17 09:57:46');
INSERT INTO `sys_oper_log` VALUES (1570955523564449794, 'OSS对象存储', 1, 'com.erahub.resource.controller.SysOssController.upload()', 'POST', 1, 'admin', '', '/oss/upload', '223.65.41.168', '', '', '{\"code\":200,\"msg\":\"操作成功\",\"data\":{\"ossId\":\"1570955523421843457\",\"url\":\"http://172.17.228.8:9000/erahub/2022/09/17/867e4b70b52247f2ae64c0e8ee5988b8.pdf\",\"fileName\":\"谷粒商城-分布式基础-图.pdf\"}}', 0, '', '2022-09-17 09:59:18');
INSERT INTO `sys_oper_log` VALUES (1570955537523093506, 'OSS对象存储', 3, 'com.erahub.resource.controller.SysOssController.remove()', 'DELETE', 1, 'admin', '', '/oss/1570955523421843457', '223.65.41.168', '', '', '{\"code\":200,\"msg\":\"操作成功\",\"data\":null}', 0, '', '2022-09-17 09:59:22');
INSERT INTO `sys_oper_log` VALUES (1570955705697906689, '用户头像', 2, 'com.erahub.system.controller.SysProfileController.avatar()', 'POST', 1, 'admin', '', '/user/profile/avatar', '223.65.41.168', '', '', '{\"code\":200,\"msg\":\"操作成功\",\"data\":{\"imgUrl\":\"http://172.17.228.8:9000/erahub/2022/09/17/87978255fd1440b1a77d7a7d9f2cfbde.jpg\"}}', 0, '', '2022-09-17 10:00:02');
INSERT INTO `sys_oper_log` VALUES (1570955956034940930, '对象存储配置', 2, 'com.erahub.resource.controller.SysOssConfigController.edit()', 'PUT', 1, 'admin', '', '/oss/config', '223.65.41.168', '', '{\"searchValue\":null,\"createBy\":null,\"createTime\":null,\"updateBy\":null,\"updateTime\":null,\"params\":{},\"ossConfigId\":1,\"configKey\":\"minio\",\"accessKey\":\"erahub\",\"secretKey\":\"erahub123\",\"bucketName\":\"erahub\",\"prefix\":\"\",\"endpoint\":\"http://47.92.112.236:9000\",\"domain\":\"\",\"isHttps\":\"N\",\"status\":\"0\",\"region\":\"\",\"ext1\":\"\",\"remark\":\"\"}', '{\"code\":200,\"msg\":\"操作成功\",\"data\":null}', 0, '', '2022-09-17 10:01:02');
INSERT INTO `sys_oper_log` VALUES (1570957183338622977, '菜单管理', 2, 'com.erahub.system.controller.SysMenuController.edit()', 'PUT', 1, 'admin', '', '/menu', '223.65.41.168', '', '{\"searchValue\":null,\"createBy\":\"admin\",\"createTime\":\"2022-09-10 17:10:48\",\"updateBy\":\"admin\",\"updateTime\":\"2022-09-17 10:05:54\",\"params\":{},\"parentName\":null,\"parentId\":2,\"children\":[],\"menuId\":112,\"menuName\":\"Nacos控制台\",\"orderNum\":8,\"path\":\"http://47.92.112.236:8848/nacos\",\"component\":\"\",\"queryParam\":\"\",\"isFrame\":\"0\",\"isCache\":\"0\",\"menuType\":\"C\",\"visible\":\"0\",\"status\":\"0\",\"perms\":\"monitor:nacos:list\",\"icon\":\"nacos\",\"remark\":\"服务治理菜单\"}', '{\"code\":200,\"msg\":\"操作成功\",\"data\":null}', 0, '', '2022-09-17 10:05:54');
INSERT INTO `sys_oper_log` VALUES (1570957216037416962, '菜单管理', 2, 'com.erahub.system.controller.SysMenuController.edit()', 'PUT', 1, 'admin', '', '/menu', '223.65.41.168', '', '{\"searchValue\":null,\"createBy\":\"admin\",\"createTime\":\"2022-09-16 20:55:13\",\"updateBy\":\"admin\",\"updateTime\":\"2022-09-17 10:06:01\",\"params\":{},\"parentName\":null,\"parentId\":2,\"children\":[],\"menuId\":\"1570758202780676098\",\"menuName\":\"Minio控制台\",\"orderNum\":9,\"path\":\"http://47.92.112.236:9000\",\"component\":\"\",\"queryParam\":null,\"isFrame\":\"0\",\"isCache\":\"0\",\"menuType\":\"C\",\"visible\":\"0\",\"status\":\"0\",\"perms\":\"monitor:minio:list\",\"icon\":\"upload\",\"remark\":\"\"}', '{\"code\":200,\"msg\":\"操作成功\",\"data\":null}', 0, '', '2022-09-17 10:06:02');
INSERT INTO `sys_oper_log` VALUES (1570961257651974146, '在线用户', 7, 'com.erahub.system.controller.SysUserOnlineController.forceLogout()', 'DELETE', 1, 'admin', '', '/online/eyJ0eXAiOiJKV1QiLCJhbGciOiJIUzI1NiJ9.eyJsb2dpblR5cGUiOiJsb2dpbiIsImxvZ2luSWQiOiJzeXNfdXNlcjoxIiwicm5TdHIiOiJ2ekx6UGRoak9WZ21WQkNlVkhjc0JreklOZHA0QVROayJ9.vdMQPHbvAyHe829c8aGtUyjb5Iw2RPcLAOXhzOwlfjs', '223.65.41.168', '', '', '{\"code\":200,\"msg\":\"操作成功\",\"data\":null}', 0, '', '2022-09-17 10:22:06');
INSERT INTO `sys_oper_log` VALUES (1570961263981178882, '在线用户', 7, 'com.erahub.system.controller.SysUserOnlineController.forceLogout()', 'DELETE', 1, 'admin', '', '/online/eyJ0eXAiOiJKV1QiLCJhbGciOiJIUzI1NiJ9.eyJsb2dpblR5cGUiOiJsb2dpbiIsImxvZ2luSWQiOiJzeXNfdXNlcjoxIiwicm5TdHIiOiJKRjZxcHNFcGdGU0wxWEN4QVZnRVBWZEdQNjZNS3BHWiJ9.l_e1zELHViyELJ3ljcW1op1DRKYXEA90IIhdceK7jls', '223.65.41.168', '', '', '{\"code\":200,\"msg\":\"操作成功\",\"data\":null}', 0, '', '2022-09-17 10:22:07');
INSERT INTO `sys_oper_log` VALUES (1570962128217518082, '部门管理', 2, 'com.erahub.system.controller.SysDeptController.edit()', 'PUT', 1, 'admin', '', '/dept', '223.65.41.168', '', '{\"searchValue\":null,\"createBy\":\"admin\",\"createTime\":\"2022-09-10 17:10:48\",\"updateBy\":\"admin\",\"updateTime\":\"2022-09-17 10:25:33\",\"params\":{},\"parentName\":null,\"parentId\":100,\"children\":[],\"deptId\":101,\"deptName\":\"南京总公司\",\"orderNum\":1,\"leader\":\"erahub\",\"phone\":\"15888888888\",\"email\":\"erahub@qq.com\",\"status\":\"0\",\"delFlag\":\"0\",\"ancestors\":\"0,100\"}', '{\"code\":200,\"msg\":\"操作成功\",\"data\":null}', 0, '', '2022-09-17 10:25:33');
INSERT INTO `sys_oper_log` VALUES (1570962160215863298, '部门管理', 2, 'com.erahub.system.controller.SysDeptController.edit()', 'PUT', 1, 'admin', '', '/dept', '223.65.41.168', '', '{\"searchValue\":null,\"createBy\":\"admin\",\"createTime\":\"2022-09-10 17:10:48\",\"updateBy\":\"admin\",\"updateTime\":\"2022-09-17 10:25:40\",\"params\":{},\"parentName\":null,\"parentId\":101,\"children\":[],\"deptId\":103,\"deptName\":\"研发部门\",\"orderNum\":1,\"leader\":\"erahub\",\"phone\":\"15888888888\",\"email\":\"erahub@qq.com\",\"status\":\"0\",\"delFlag\":\"0\",\"ancestors\":\"0,100,101\"}', '{\"code\":200,\"msg\":\"操作成功\",\"data\":null}', 0, '', '2022-09-17 10:25:41');
INSERT INTO `sys_oper_log` VALUES (1570962178662412290, '部门管理', 2, 'com.erahub.system.controller.SysDeptController.edit()', 'PUT', 1, 'admin', '', '/dept', '223.65.41.168', '', '{\"searchValue\":null,\"createBy\":\"admin\",\"createTime\":\"2022-09-10 17:10:48\",\"updateBy\":\"admin\",\"updateTime\":\"2022-09-17 10:25:45\",\"params\":{},\"parentName\":null,\"parentId\":101,\"children\":[],\"deptId\":104,\"deptName\":\"市场部门\",\"orderNum\":2,\"leader\":\"erahub\",\"phone\":\"15888888888\",\"email\":\"erahub@qq.com\",\"status\":\"0\",\"delFlag\":\"0\",\"ancestors\":\"0,100,101\"}', '{\"code\":200,\"msg\":\"操作成功\",\"data\":null}', 0, '', '2022-09-17 10:25:45');
INSERT INTO `sys_oper_log` VALUES (1570962196395929602, '部门管理', 2, 'com.erahub.system.controller.SysDeptController.edit()', 'PUT', 1, 'admin', '', '/dept', '223.65.41.168', '', '{\"searchValue\":null,\"createBy\":\"admin\",\"createTime\":\"2022-09-10 17:10:48\",\"updateBy\":\"admin\",\"updateTime\":\"2022-09-17 10:25:49\",\"params\":{},\"parentName\":null,\"parentId\":101,\"children\":[],\"deptId\":105,\"deptName\":\"测试部门\",\"orderNum\":3,\"leader\":\"erahub\",\"phone\":\"15888888888\",\"email\":\"erahub@qq.com\",\"status\":\"0\",\"delFlag\":\"0\",\"ancestors\":\"0,100,101\"}', '{\"code\":200,\"msg\":\"操作成功\",\"data\":null}', 0, '', '2022-09-17 10:25:49');
INSERT INTO `sys_oper_log` VALUES (1570962212858572802, '部门管理', 2, 'com.erahub.system.controller.SysDeptController.edit()', 'PUT', 1, 'admin', '', '/dept', '223.65.41.168', '', '{\"searchValue\":null,\"createBy\":\"admin\",\"createTime\":\"2022-09-10 17:10:48\",\"updateBy\":\"admin\",\"updateTime\":\"2022-09-17 10:25:53\",\"params\":{},\"parentName\":null,\"parentId\":101,\"children\":[],\"deptId\":106,\"deptName\":\"财务部门\",\"orderNum\":4,\"leader\":\"erahub\",\"phone\":\"15888888888\",\"email\":\"erahub@qq.com\",\"status\":\"0\",\"delFlag\":\"0\",\"ancestors\":\"0,100,101\"}', '{\"code\":200,\"msg\":\"操作成功\",\"data\":null}', 0, '', '2022-09-17 10:25:53');
INSERT INTO `sys_oper_log` VALUES (1570962236296343554, '部门管理', 2, 'com.erahub.system.controller.SysDeptController.edit()', 'PUT', 1, 'admin', '', '/dept', '223.65.41.168', '', '{\"searchValue\":null,\"createBy\":\"admin\",\"createTime\":\"2022-09-10 17:10:48\",\"updateBy\":\"admin\",\"updateTime\":\"2022-09-17 10:25:58\",\"params\":{},\"parentName\":null,\"parentId\":101,\"children\":[],\"deptId\":107,\"deptName\":\"运维部门\",\"orderNum\":5,\"leader\":\"erahub\",\"phone\":\"15888888888\",\"email\":\"erahub@qq.com\",\"status\":\"0\",\"delFlag\":\"0\",\"ancestors\":\"0,100,101\"}', '{\"code\":200,\"msg\":\"操作成功\",\"data\":null}', 0, '', '2022-09-17 10:25:59');
INSERT INTO `sys_oper_log` VALUES (1570962277991919618, '部门管理', 2, 'com.erahub.system.controller.SysDeptController.edit()', 'PUT', 1, 'admin', '', '/dept', '223.65.41.168', '', '{\"searchValue\":null,\"createBy\":\"admin\",\"createTime\":\"2022-09-10 17:10:48\",\"updateBy\":\"admin\",\"updateTime\":\"2022-09-17 10:26:08\",\"params\":{},\"parentName\":null,\"parentId\":100,\"children\":[],\"deptId\":102,\"deptName\":\"上海分公司\",\"orderNum\":2,\"leader\":\"erahub\",\"phone\":\"15888888888\",\"email\":\"erahub@qq.com\",\"status\":\"0\",\"delFlag\":\"0\",\"ancestors\":\"0,100\"}', '{\"code\":200,\"msg\":\"操作成功\",\"data\":null}', 0, '', '2022-09-17 10:26:09');
INSERT INTO `sys_oper_log` VALUES (1570962297264746498, '部门管理', 2, 'com.erahub.system.controller.SysDeptController.edit()', 'PUT', 1, 'admin', '', '/dept', '223.65.41.168', '', '{\"searchValue\":null,\"createBy\":\"admin\",\"createTime\":\"2022-09-10 17:10:48\",\"updateBy\":\"admin\",\"updateTime\":\"2022-09-17 10:26:13\",\"params\":{},\"parentName\":null,\"parentId\":102,\"children\":[],\"deptId\":108,\"deptName\":\"市场部门\",\"orderNum\":1,\"leader\":\"erahub\",\"phone\":\"15888888888\",\"email\":\"erahub@qq.com\",\"status\":\"0\",\"delFlag\":\"0\",\"ancestors\":\"0,100,102\"}', '{\"code\":200,\"msg\":\"操作成功\",\"data\":null}', 0, '', '2022-09-17 10:26:13');
INSERT INTO `sys_oper_log` VALUES (1570962315593854978, '部门管理', 2, 'com.erahub.system.controller.SysDeptController.edit()', 'PUT', 1, 'admin', '', '/dept', '223.65.41.168', '', '{\"searchValue\":null,\"createBy\":\"admin\",\"createTime\":\"2022-09-10 17:10:48\",\"updateBy\":\"admin\",\"updateTime\":\"2022-09-17 10:26:17\",\"params\":{},\"parentName\":null,\"parentId\":102,\"children\":[],\"deptId\":109,\"deptName\":\"财务部门\",\"orderNum\":2,\"leader\":\"erahub\",\"phone\":\"15888888888\",\"email\":\"erahub@qq.com\",\"status\":\"0\",\"delFlag\":\"0\",\"ancestors\":\"0,100,102\"}', '{\"code\":200,\"msg\":\"操作成功\",\"data\":null}', 0, '', '2022-09-17 10:26:18');
INSERT INTO `sys_oper_log` VALUES (1570962463816364034, '部门管理', 2, 'com.erahub.system.controller.SysDeptController.edit()', 'PUT', 1, 'admin', '', '/dept', '223.65.41.168', '', '{\"searchValue\":null,\"createBy\":\"admin\",\"createTime\":\"2022-09-10 17:10:48\",\"updateBy\":\"admin\",\"updateTime\":\"2022-09-17 10:26:53\",\"params\":{},\"parentName\":null,\"parentId\":101,\"children\":[],\"deptId\":103,\"deptName\":\"研发部门\",\"orderNum\":1,\"leader\":\"erahub\",\"phone\":\"15888888888\",\"email\":\"erahub@qq.com\",\"status\":\"1\",\"delFlag\":\"0\",\"ancestors\":\"0,100,101\"}', '{\"code\":200,\"msg\":\"操作成功\",\"data\":null}', 0, '', '2022-09-17 10:26:53');
INSERT INTO `sys_oper_log` VALUES (1570962492996136962, '部门管理', 2, 'com.erahub.system.controller.SysDeptController.edit()', 'PUT', 1, 'admin', '', '/dept', '223.65.41.168', '', '{\"searchValue\":null,\"createBy\":\"admin\",\"createTime\":\"2022-09-10 17:10:48\",\"updateBy\":\"admin\",\"updateTime\":\"2022-09-17 10:27:00\",\"params\":{},\"parentName\":null,\"parentId\":101,\"children\":[],\"deptId\":103,\"deptName\":\"研发部门\",\"orderNum\":1,\"leader\":\"erahub\",\"phone\":\"15888888888\",\"email\":\"erahub@qq.com\",\"status\":\"0\",\"delFlag\":\"0\",\"ancestors\":\"0,100,101\"}', '{\"code\":200,\"msg\":\"操作成功\",\"data\":null}', 0, '', '2022-09-17 10:27:00');
INSERT INTO `sys_oper_log` VALUES (1570966460837081089, 'OSS对象存储', 1, 'com.erahub.resource.controller.SysOssController.upload()', 'POST', 1, 'admin', '', '/oss/upload', '223.65.41.168', '', '', '{\"code\":200,\"msg\":\"操作成功\",\"data\":{\"ossId\":\"1570966460665114625\",\"url\":\"http://http://47.92.112.236:9000/erahub/2022/09/17/a8c55d91a83943d29fceb925894acefa.jfif\",\"fileName\":\"src=http___nimg.ws.126.net__url=http%3A%2F%2Fdingyue.ws.126.net%2F2021%2F0813%2Ff16129f4p00qxrhf20069c000s400ejc.png&thumbnail=650x2147483647&quality=80&type=jpg&refer=http___nimg.ws.126.jfif\"}}', 0, '', '2022-09-17 10:42:46');
INSERT INTO `sys_oper_log` VALUES (1570966516298362881, 'OSS对象存储', 3, 'com.erahub.resource.controller.SysOssController.remove()', 'DELETE', 1, 'admin', '', '/oss/1570966460665114625', '223.65.41.168', '', '', '{\"code\":200,\"msg\":\"操作成功\",\"data\":null}', 0, '', '2022-09-17 10:42:59');
INSERT INTO `sys_oper_log` VALUES (1570966557406736386, 'OSS对象存储', 1, 'com.erahub.resource.controller.SysOssController.upload()', 'POST', 1, 'admin', '', '/oss/upload', '223.65.41.168', '', '', '{\"code\":200,\"msg\":\"操作成功\",\"data\":{\"ossId\":\"1570966557272518658\",\"url\":\"http://http://47.92.112.236:9000/erahub/2022/09/17/2918312481cb44b48cb4dc27d2d5287a.jpg\",\"fileName\":\"保护伞.jpg\"}}', 0, '', '2022-09-17 10:43:09');
INSERT INTO `sys_oper_log` VALUES (1570966753515614210, 'OSS对象存储', 3, 'com.erahub.resource.controller.SysOssController.remove()', 'DELETE', 1, 'admin', '', '/oss/1570966557272518658', '223.65.41.168', '', '', '{\"code\":200,\"msg\":\"操作成功\",\"data\":null}', 0, '', '2022-09-17 10:43:56');
INSERT INTO `sys_oper_log` VALUES (1570966781462261762, '对象存储配置', 2, 'com.erahub.resource.controller.SysOssConfigController.edit()', 'PUT', 1, 'admin', '', '/oss/config', '223.65.41.168', '', '{\"searchValue\":null,\"createBy\":null,\"createTime\":null,\"updateBy\":null,\"updateTime\":null,\"params\":{},\"ossConfigId\":1,\"configKey\":\"minio\",\"accessKey\":\"erahub\",\"secretKey\":\"erahub123\",\"bucketName\":\"erahub\",\"prefix\":\"\",\"endpoint\":\"47.92.112.236:9000\",\"domain\":\"\",\"isHttps\":\"N\",\"status\":\"0\",\"region\":\"\",\"ext1\":\"\",\"remark\":\"\"}', '{\"code\":200,\"msg\":\"操作成功\",\"data\":null}', 0, '', '2022-09-17 10:44:03');
INSERT INTO `sys_oper_log` VALUES (1570966804937781250, 'OSS对象存储', 1, 'com.erahub.resource.controller.SysOssController.upload()', 'POST', 1, 'admin', '', '/oss/upload', '223.65.41.168', '', '', '{\"code\":200,\"msg\":\"操作成功\",\"data\":{\"ossId\":\"1570966804795174913\",\"url\":\"http://47.92.112.236:9000/erahub/2022/09/17/a90c6726a37e4dfeb5ac919dea3a235e.jpg\",\"fileName\":\"保护伞.jpg\"}}', 0, '', '2022-09-17 10:44:08');
INSERT INTO `sys_oper_log` VALUES (1570967315267137537, '角色管理', 2, 'com.erahub.system.controller.SysRoleController.edit()', 'PUT', 1, 'admin', '', '/role', '223.65.41.168', '', '{\"searchValue\":null,\"createBy\":\"admin\",\"createTime\":\"2022-09-12 16:43:29\",\"updateBy\":\"admin\",\"updateTime\":\"2022-09-17 10:46:09\",\"params\":{},\"roleId\":\"1569245300584591362\",\"roleName\":\"test01\",\"roleKey\":\"test01\",\"roleSort\":3,\"dataScope\":\"2\",\"menuCheckStrictly\":true,\"deptCheckStrictly\":true,\"status\":\"0\",\"delFlag\":\"0\",\"remark\":null,\"flag\":false,\"menuIds\":[1,100,101,102,103,104,105,106,107,108,500,501,118,2,109,3,115,1001,1008,1013,1017,1021,1026,1031,1036,1040,1043,1600,1046,\"1570009901798481921\",\"1570010319794429953\",\"1570022388644143106\",1055,1059],\"deptIds\":null,\"admin\":false}', '{\"code\":200,\"msg\":\"操作成功\",\"data\":null}', 0, '', '2022-09-17 10:46:10');
INSERT INTO `sys_oper_log` VALUES (1570967458758471682, '用户管理', 2, 'com.erahub.system.controller.SysUserController.resetPwd()', 'PUT', 1, 'admin', '', '/user/resetPwd', '223.65.41.168', '', '{\"searchValue\":null,\"createBy\":null,\"createTime\":null,\"updateBy\":\"admin\",\"updateTime\":\"2022-09-17 10:46:43\",\"params\":{},\"userId\":\"1569245585432358914\",\"deptId\":null,\"userName\":null,\"nickName\":null,\"userType\":null,\"email\":null,\"phonenumber\":null,\"sex\":null,\"avatar\":null,\"status\":null,\"delFlag\":null,\"loginIp\":null,\"loginDate\":null,\"remark\":null,\"dept\":null,\"roles\":null,\"roleIds\":null,\"postIds\":null,\"roleId\":null,\"admin\":false}', '{\"code\":200,\"msg\":\"操作成功\",\"data\":null}', 0, '', '2022-09-17 10:46:44');
INSERT INTO `sys_oper_log` VALUES (1570967643974742017, '个人信息', 2, 'com.erahub.system.controller.SysProfileController.updatePwd()', 'PUT', 1, 'admin', '', '/user/profile/updatePwd', '223.65.41.168', '', '\"erahub123\" \"erahub123\"', '{\"code\":500,\"msg\":\"修改密码失败，旧密码错误\",\"data\":null}', 0, '', '2022-09-17 10:47:28');
INSERT INTO `sys_oper_log` VALUES (1570967664514248705, '个人信息', 2, 'com.erahub.system.controller.SysProfileController.updatePwd()', 'PUT', 1, 'admin', '', '/user/profile/updatePwd', '223.65.41.168', '', '\"123456\" \"erahub123\"', '{\"code\":200,\"msg\":\"操作成功\",\"data\":null}', 0, '', '2022-09-17 10:47:33');
INSERT INTO `sys_oper_log` VALUES (1570968671956709377, '用户头像', 2, 'com.erahub.system.controller.SysProfileController.avatar()', 'POST', 1, 'test01', '', '/user/profile/avatar', '223.65.41.168', '', '', '{\"code\":500,\"msg\":\"文件格式不正确，请上传[bmp, gif, jpg, jpeg, png]格式\",\"data\":null}', 0, '', '2022-09-17 10:51:33');
INSERT INTO `sys_oper_log` VALUES (1570968745696768002, '用户头像', 2, 'com.erahub.system.controller.SysProfileController.avatar()', 'POST', 1, 'test01', '', '/user/profile/avatar', '223.65.41.168', '', '', '{\"code\":200,\"msg\":\"操作成功\",\"data\":{\"imgUrl\":\"http://47.92.112.236:9000/erahub/2022/09/17/bf82c9273535485e8501d6f7966d13bd.jpg\"}}', 0, '', '2022-09-17 10:51:51');
INSERT INTO `sys_oper_log` VALUES (1570982974730481665, 'OSS对象存储', 3, 'com.erahub.resource.controller.SysOssController.remove()', 'DELETE', 1, 'admin', '', '/oss/1570966804795174913', '223.65.41.168', '', '', '{\"code\":200,\"msg\":\"操作成功\",\"data\":null}', 0, '', '2022-09-17 11:48:23');
INSERT INTO `sys_oper_log` VALUES (1570982988026425345, '参数管理', 2, 'com.erahub.system.controller.SysConfigController.updateByKey()', 'PUT', 1, 'admin', '', '/config/updateByKey', '223.65.41.168', '', '{\"searchValue\":null,\"createBy\":null,\"createTime\":null,\"updateBy\":\"admin\",\"updateTime\":\"2022-09-17 11:48:26\",\"params\":{},\"configId\":null,\"configName\":null,\"configKey\":\"sys.oss.previewListResource\",\"configValue\":\"false\",\"configType\":null,\"remark\":null}', '{\"code\":200,\"msg\":\"操作成功\",\"data\":null}', 0, '', '2022-09-17 11:48:26');
INSERT INTO `sys_oper_log` VALUES (1570982995492286466, '参数管理', 2, 'com.erahub.system.controller.SysConfigController.updateByKey()', 'PUT', 1, 'admin', '', '/config/updateByKey', '223.65.41.168', '', '{\"searchValue\":null,\"createBy\":null,\"createTime\":null,\"updateBy\":\"admin\",\"updateTime\":\"2022-09-17 11:48:28\",\"params\":{},\"configId\":null,\"configName\":null,\"configKey\":\"sys.oss.previewListResource\",\"configValue\":\"true\",\"configType\":null,\"remark\":null}', '{\"code\":200,\"msg\":\"操作成功\",\"data\":null}', 0, '', '2022-09-17 11:48:28');
INSERT INTO `sys_oper_log` VALUES (1571069951605682177, '字典类型', 5, 'com.erahub.system.controller.SysDictTypeController.export()', 'POST', 1, 'admin', '', '/dict/type/export', '223.65.41.168', '', '{\"searchValue\":null,\"createBy\":null,\"createTime\":null,\"updateBy\":null,\"updateTime\":null,\"params\":{},\"dictId\":null,\"dictName\":null,\"dictType\":null,\"status\":null,\"remark\":null}', '', 0, '', '2022-09-17 17:34:00');
INSERT INTO `sys_oper_log` VALUES (1571077905637650433, '用户管理', 2, 'com.erahub.system.controller.SysUserController.changeStatus()', 'PUT', 1, 'admin', '', '/user/changeStatus', '223.65.41.168', '', '{\"searchValue\":null,\"createBy\":null,\"createTime\":null,\"updateBy\":\"admin\",\"updateTime\":\"2022-09-17 18:05:36\",\"params\":{},\"userId\":\"1569246527183630337\",\"deptId\":null,\"userName\":null,\"nickName\":null,\"userType\":null,\"email\":null,\"phonenumber\":null,\"sex\":null,\"avatar\":null,\"status\":\"1\",\"delFlag\":null,\"loginIp\":null,\"loginDate\":null,\"remark\":null,\"dept\":null,\"roles\":null,\"roleIds\":null,\"postIds\":null,\"roleId\":null,\"admin\":false}', '{\"code\":200,\"msg\":\"操作成功\",\"data\":null}', 0, '', '2022-09-17 18:05:37');
INSERT INTO `sys_oper_log` VALUES (1571077914160476162, '用户管理', 2, 'com.erahub.system.controller.SysUserController.changeStatus()', 'PUT', 1, 'admin', '', '/user/changeStatus', '223.65.41.168', '', '{\"searchValue\":null,\"createBy\":null,\"createTime\":null,\"updateBy\":\"admin\",\"updateTime\":\"2022-09-17 18:05:38\",\"params\":{},\"userId\":\"1569246527183630337\",\"deptId\":null,\"userName\":null,\"nickName\":null,\"userType\":null,\"email\":null,\"phonenumber\":null,\"sex\":null,\"avatar\":null,\"status\":\"0\",\"delFlag\":null,\"loginIp\":null,\"loginDate\":null,\"remark\":null,\"dept\":null,\"roles\":null,\"roleIds\":null,\"postIds\":null,\"roleId\":null,\"admin\":false}', '{\"code\":200,\"msg\":\"操作成功\",\"data\":null}', 0, '', '2022-09-17 18:05:39');
INSERT INTO `sys_oper_log` VALUES (1571078717432606721, '部门管理', 1, 'com.erahub.system.controller.SysDeptController.add()', 'POST', 1, 'admin', '', '/dept', '223.65.41.168', '', '{\"searchValue\":null,\"createBy\":\"admin\",\"createTime\":\"2022-09-17 18:08:50\",\"updateBy\":\"admin\",\"updateTime\":\"2022-09-17 18:08:50\",\"params\":{},\"parentName\":null,\"parentId\":105,\"children\":[],\"deptId\":\"1571078717323554817\",\"deptName\":\"测试部门A\",\"orderNum\":1,\"leader\":null,\"phone\":null,\"email\":null,\"status\":\"0\",\"delFlag\":null,\"ancestors\":\"0,100,101,105\"}', '{\"code\":200,\"msg\":\"操作成功\",\"data\":null}', 0, '', '2022-09-17 18:08:50');
INSERT INTO `sys_oper_log` VALUES (1571078749217042434, '部门管理', 1, 'com.erahub.system.controller.SysDeptController.add()', 'POST', 1, 'admin', '', '/dept', '223.65.41.168', '', '{\"searchValue\":null,\"createBy\":\"admin\",\"createTime\":\"2022-09-17 18:08:57\",\"updateBy\":\"admin\",\"updateTime\":\"2022-09-17 18:08:57\",\"params\":{},\"parentName\":null,\"parentId\":\"1571078717323554817\",\"children\":[],\"deptId\":\"1571078749145739265\",\"deptName\":\"测试部门AA\",\"orderNum\":1,\"leader\":null,\"phone\":null,\"email\":null,\"status\":\"0\",\"delFlag\":null,\"ancestors\":\"0,100,101,105,1571078717323554817\"}', '{\"code\":200,\"msg\":\"操作成功\",\"data\":null}', 0, '', '2022-09-17 18:08:58');
INSERT INTO `sys_oper_log` VALUES (1571078779093069826, '部门管理', 1, 'com.erahub.system.controller.SysDeptController.add()', 'POST', 1, 'admin', '', '/dept', '223.65.41.168', '', '{\"searchValue\":null,\"createBy\":\"admin\",\"createTime\":\"2022-09-17 18:09:04\",\"updateBy\":\"admin\",\"updateTime\":\"2022-09-17 18:09:04\",\"params\":{},\"parentName\":null,\"parentId\":\"1571078749145739265\",\"children\":[],\"deptId\":\"1571078778984017922\",\"deptName\":\"测试部门AAA\",\"orderNum\":1,\"leader\":null,\"phone\":null,\"email\":null,\"status\":\"0\",\"delFlag\":null,\"ancestors\":\"0,100,101,105,1571078717323554817,1571078749145739265\"}', '{\"code\":200,\"msg\":\"操作成功\",\"data\":null}', 0, '', '2022-09-17 18:09:05');
INSERT INTO `sys_oper_log` VALUES (1571080170213683202, '部门管理', 1, 'com.erahub.system.controller.SysDeptController.add()', 'POST', 1, 'admin', '', '/dept', '223.65.41.168', '', '{\"searchValue\":null,\"createBy\":\"admin\",\"createTime\":\"2022-09-17 18:14:36\",\"updateBy\":\"admin\",\"updateTime\":\"2022-09-17 18:14:36\",\"params\":{},\"parentName\":null,\"parentId\":\"1571078778984017922\",\"children\":[],\"deptId\":\"1571080170138185729\",\"deptName\":\"测试部门AAAA\",\"orderNum\":1,\"leader\":null,\"phone\":null,\"email\":null,\"status\":\"0\",\"delFlag\":null,\"ancestors\":\"0,100,101,105,1571078717323554817,1571078749145739265,1571078778984017922\"}', '{\"code\":200,\"msg\":\"操作成功\",\"data\":null}', 0, '', '2022-09-17 18:14:36');
INSERT INTO `sys_oper_log` VALUES (1571080202425937922, '部门管理', 1, 'com.erahub.system.controller.SysDeptController.add()', 'POST', 1, 'admin', '', '/dept', '223.65.41.168', '', '{\"searchValue\":null,\"createBy\":\"admin\",\"createTime\":\"2022-09-17 18:14:44\",\"updateBy\":\"admin\",\"updateTime\":\"2022-09-17 18:14:44\",\"params\":{},\"parentName\":null,\"parentId\":\"1571080170138185729\",\"children\":[],\"deptId\":\"1571080202354634754\",\"deptName\":\"测试部门AAAAA\",\"orderNum\":1,\"leader\":null,\"phone\":null,\"email\":null,\"status\":\"0\",\"delFlag\":null,\"ancestors\":\"0,100,101,105,1571078717323554817,1571078749145739265,1571078778984017922,1571080170138185729\"}', '{\"code\":200,\"msg\":\"操作成功\",\"data\":null}', 0, '', '2022-09-17 18:14:44');
INSERT INTO `sys_oper_log` VALUES (1571080230678769666, '部门管理', 1, 'com.erahub.system.controller.SysDeptController.add()', 'POST', 1, 'admin', '', '/dept', '223.65.41.168', '', '{\"searchValue\":null,\"createBy\":\"admin\",\"createTime\":\"2022-09-17 18:14:50\",\"updateBy\":\"admin\",\"updateTime\":\"2022-09-17 18:14:50\",\"params\":{},\"parentName\":null,\"parentId\":\"1571080202354634754\",\"children\":[],\"deptId\":\"1571080230607466498\",\"deptName\":\"测试部门AAAAAA\",\"orderNum\":1,\"leader\":null,\"phone\":null,\"email\":null,\"status\":\"0\",\"delFlag\":null,\"ancestors\":\"0,100,101,105,1571078717323554817,1571078749145739265,1571078778984017922,1571080170138185729,1571080202354634754\"}', '{\"code\":200,\"msg\":\"操作成功\",\"data\":null}', 0, '', '2022-09-17 18:14:51');
INSERT INTO `sys_oper_log` VALUES (1571081087432470530, '部门管理', 3, 'com.erahub.system.controller.SysDeptController.remove()', 'DELETE', 1, 'admin', '', '/dept/1571078717323554817', '223.65.41.168', '', '', '{\"code\":500,\"msg\":\"存在下级部门,不允许删除\",\"data\":null}', 0, '', '2022-09-17 18:18:15');
INSERT INTO `sys_oper_log` VALUES (1571081103131750402, '部门管理', 3, 'com.erahub.system.controller.SysDeptController.remove()', 'DELETE', 1, 'admin', '', '/dept/1571080230607466498', '223.65.41.168', '', '', '{\"code\":200,\"msg\":\"操作成功\",\"data\":null}', 0, '', '2022-09-17 18:18:19');
INSERT INTO `sys_oper_log` VALUES (1571081110870241282, '部门管理', 3, 'com.erahub.system.controller.SysDeptController.remove()', 'DELETE', 1, 'admin', '', '/dept/1571080202354634754', '223.65.41.168', '', '', '{\"code\":200,\"msg\":\"操作成功\",\"data\":null}', 0, '', '2022-09-17 18:18:21');
INSERT INTO `sys_oper_log` VALUES (1571081117786648577, '部门管理', 3, 'com.erahub.system.controller.SysDeptController.remove()', 'DELETE', 1, 'admin', '', '/dept/1571080170138185729', '223.65.41.168', '', '', '{\"code\":200,\"msg\":\"操作成功\",\"data\":null}', 0, '', '2022-09-17 18:18:22');
INSERT INTO `sys_oper_log` VALUES (1571081128918331393, '部门管理', 3, 'com.erahub.system.controller.SysDeptController.remove()', 'DELETE', 1, 'admin', '', '/dept/1571078778984017922', '223.65.41.168', '', '', '{\"code\":200,\"msg\":\"操作成功\",\"data\":null}', 0, '', '2022-09-17 18:18:25');
INSERT INTO `sys_oper_log` VALUES (1571081137667649537, '部门管理', 3, 'com.erahub.system.controller.SysDeptController.remove()', 'DELETE', 1, 'admin', '', '/dept/1571078749145739265', '223.65.41.168', '', '', '{\"code\":200,\"msg\":\"操作成功\",\"data\":null}', 0, '', '2022-09-17 18:18:27');
INSERT INTO `sys_oper_log` VALUES (1571294511835852802, '通知公告', 3, 'com.erahub.system.controller.SysNoticeController.remove()', 'DELETE', 1, 'admin', '', '/notice/1', '223.65.41.168', '', '', '{\"code\":200,\"msg\":\"操作成功\",\"data\":null}', 0, '', '2022-09-18 08:26:20');
INSERT INTO `sys_oper_log` VALUES (1571294521189150721, '通知公告', 3, 'com.erahub.system.controller.SysNoticeController.remove()', 'DELETE', 1, 'admin', '', '/notice/2', '223.65.41.168', '', '', '{\"code\":200,\"msg\":\"操作成功\",\"data\":null}', 0, '', '2022-09-18 08:26:22');
INSERT INTO `sys_oper_log` VALUES (1571664182179213314, 'OSS对象存储', 1, 'com.erahub.resource.controller.SysOssController.upload()', 'POST', 1, 'admin', '', '/oss/upload', '223.112.3.243', '', '', '{\"code\":200,\"msg\":\"操作成功\",\"data\":{\"ossId\":\"1571664181646536706\",\"url\":\"http://47.92.112.236:9000/erahub/2022/09/19/60a6836f3f8f415ca0724e443653c63a.docx\",\"fileName\":\"授权书交行.docx\"}}', 0, '', '2022-09-19 08:55:16');
INSERT INTO `sys_oper_log` VALUES (1571664329093099522, 'OSS对象存储', 3, 'com.erahub.resource.controller.SysOssController.remove()', 'DELETE', 1, 'admin', '', '/oss/1571664181646536706', '223.112.3.243', '', '', '{\"code\":200,\"msg\":\"操作成功\",\"data\":null}', 0, '', '2022-09-19 08:55:51');
INSERT INTO `sys_oper_log` VALUES (1571664581632143361, '代码生成', 6, 'com.erahub.gen.controller.GenController.importTableSave()', 'POST', 1, 'admin', '', '/gen/importTable', '223.112.3.243', '', '\"sys_user\"', '{\"code\":200,\"msg\":\"操作成功\",\"data\":null}', 0, '', '2022-09-19 08:56:51');
INSERT INTO `sys_oper_log` VALUES (1571664764826759169, '代码生成', 3, 'com.erahub.gen.controller.GenController.remove()', 'DELETE', 1, 'admin', '', '/gen/1571664578129899522', '223.112.3.243', '', '', '{\"code\":200,\"msg\":\"操作成功\",\"data\":null}', 0, '', '2022-09-19 08:57:35');
INSERT INTO `sys_oper_log` VALUES (1571666168882606082, '账户解锁', 0, 'com.erahub.system.controller.SysLogininforController.unlock()', 'GET', 1, 'admin', '', '/logininfor/unlock/test01', '223.112.3.243', '', '', '{\"code\":200,\"msg\":\"操作成功\",\"data\":null}', 0, '', '2022-09-19 09:03:09');
INSERT INTO `sys_oper_log` VALUES (1571666183059353602, '账户解锁', 0, 'com.erahub.system.controller.SysLogininforController.unlock()', 'GET', 1, 'admin', '', '/logininfor/unlock/test01', '223.112.3.243', '', '', '{\"code\":200,\"msg\":\"操作成功\",\"data\":null}', 0, '', '2022-09-19 09:03:13');
INSERT INTO `sys_oper_log` VALUES (1571687512730972162, '参数管理', 2, 'com.erahub.system.controller.SysConfigController.edit()', 'PUT', 1, 'admin', '', '/config', '223.112.3.243', '', '{\"searchValue\":null,\"createBy\":\"admin\",\"createTime\":\"2022-09-10 17:10:48\",\"updateBy\":\"admin\",\"updateTime\":\"2022-09-19 10:27:58\",\"params\":{},\"configId\":4,\"configName\":\"账号自助-是否开启用户注册功能\",\"configKey\":\"sys.account.registerUser\",\"configValue\":\"true\",\"configType\":\"Y\",\"remark\":\"是否开启注册用户功能（true开启，false关闭）\"}', '{\"code\":200,\"msg\":\"操作成功\",\"data\":null}', 0, '', '2022-09-19 10:27:58');
INSERT INTO `sys_oper_log` VALUES (1571687648789999618, '参数管理', 2, 'com.erahub.system.controller.SysConfigController.edit()', 'PUT', 1, 'admin', '', '/config', '223.112.3.243', '', '{\"searchValue\":null,\"createBy\":\"admin\",\"createTime\":\"2022-09-10 17:10:48\",\"updateBy\":\"admin\",\"updateTime\":\"2022-09-19 10:28:30\",\"params\":{},\"configId\":4,\"configName\":\"账号自助-是否开启用户注册功能\",\"configKey\":\"sys.account.registerUser\",\"configValue\":\"false\",\"configType\":\"Y\",\"remark\":\"是否开启注册用户功能（true开启，false关闭）\"}', '{\"code\":200,\"msg\":\"操作成功\",\"data\":null}', 0, '', '2022-09-19 10:28:31');
INSERT INTO `sys_oper_log` VALUES (1571687692654030849, '参数管理', 2, 'com.erahub.system.controller.SysConfigController.edit()', 'PUT', 1, 'admin', '', '/config', '223.112.3.243', '', '{\"searchValue\":null,\"createBy\":\"admin\",\"createTime\":\"2022-09-10 17:10:48\",\"updateBy\":\"admin\",\"updateTime\":\"2022-09-19 10:28:41\",\"params\":{},\"configId\":3,\"configName\":\"主框架页-侧边栏主题\",\"configKey\":\"sys.index.sideTheme\",\"configValue\":\"theme-light\",\"configType\":\"Y\",\"remark\":\"深色主题theme-dark，浅色主题theme-light\"}', '{\"code\":200,\"msg\":\"操作成功\",\"data\":null}', 0, '', '2022-09-19 10:28:41');
INSERT INTO `sys_oper_log` VALUES (1571687788250607617, '参数管理', 2, 'com.erahub.system.controller.SysConfigController.edit()', 'PUT', 1, 'admin', '', '/config', '223.112.3.243', '', '{\"searchValue\":null,\"createBy\":\"admin\",\"createTime\":\"2022-09-10 17:10:48\",\"updateBy\":\"admin\",\"updateTime\":\"2022-09-19 10:29:03\",\"params\":{},\"configId\":3,\"configName\":\"主框架页-侧边栏主题\",\"configKey\":\"sys.index.sideTheme\",\"configValue\":\"theme-dark\",\"configType\":\"Y\",\"remark\":\"深色主题theme-dark，浅色主题theme-light\"}', '{\"code\":200,\"msg\":\"操作成功\",\"data\":null}', 0, '', '2022-09-19 10:29:04');
INSERT INTO `sys_oper_log` VALUES (1571687845960036353, '参数管理', 2, 'com.erahub.system.controller.SysConfigController.edit()', 'PUT', 1, 'admin', '', '/config', '223.112.3.243', '', '{\"searchValue\":null,\"createBy\":\"admin\",\"createTime\":\"2022-09-10 17:10:48\",\"updateBy\":\"admin\",\"updateTime\":\"2022-09-19 10:29:17\",\"params\":{},\"configId\":1,\"configName\":\"主框架页-默认皮肤样式名称\",\"configKey\":\"sys.index.skinName\",\"configValue\":\"skin-green\",\"configType\":\"Y\",\"remark\":\"蓝色 skin-blue、绿色 skin-green、紫色 skin-purple、红色 skin-red、黄色 skin-yellow\"}', '{\"code\":200,\"msg\":\"操作成功\",\"data\":null}', 0, '', '2022-09-19 10:29:18');
INSERT INTO `sys_oper_log` VALUES (1571687964327489537, '参数管理', 2, 'com.erahub.system.controller.SysConfigController.edit()', 'PUT', 1, 'admin', '', '/config', '223.112.3.243', '', '{\"searchValue\":null,\"createBy\":\"admin\",\"createTime\":\"2022-09-10 17:10:48\",\"updateBy\":\"admin\",\"updateTime\":\"2022-09-19 10:29:45\",\"params\":{},\"configId\":1,\"configName\":\"主框架页-默认皮肤样式名称\",\"configKey\":\"sys.index.skinName\",\"configValue\":\"skin-blue\",\"configType\":\"Y\",\"remark\":\"蓝色 skin-blue、绿色 skin-green、紫色 skin-purple、红色 skin-red、黄色 skin-yellow\"}', '{\"code\":200,\"msg\":\"操作成功\",\"data\":null}', 0, '', '2022-09-19 10:29:46');
INSERT INTO `sys_oper_log` VALUES (1571688156455972866, '参数管理', 2, 'com.erahub.system.controller.SysConfigController.edit()', 'PUT', 1, 'admin', '', '/config', '223.112.3.243', '', '{\"searchValue\":null,\"createBy\":\"admin\",\"createTime\":\"2022-09-10 17:10:48\",\"updateBy\":\"admin\",\"updateTime\":\"2022-09-19 10:30:31\",\"params\":{},\"configId\":3,\"configName\":\"主框架页-侧边栏主题\",\"configKey\":\"sys.index.sideTheme\",\"configValue\":\"theme-light\",\"configType\":\"Y\",\"remark\":\"深色主题theme-dark，浅色主题theme-light\"}', '{\"code\":200,\"msg\":\"操作成功\",\"data\":null}', 0, '', '2022-09-19 10:30:32');
INSERT INTO `sys_oper_log` VALUES (1571688163099750402, '参数管理', 9, 'com.erahub.system.controller.SysConfigController.refreshCache()', 'DELETE', 1, 'admin', '', '/config/refreshCache', '223.112.3.243', '', '', '{\"code\":200,\"msg\":\"操作成功\",\"data\":null}', 0, '', '2022-09-19 10:30:33');
INSERT INTO `sys_oper_log` VALUES (1571688325087965185, '参数管理', 9, 'com.erahub.system.controller.SysConfigController.refreshCache()', 'DELETE', 1, 'admin', '', '/config/refreshCache', '223.112.3.243', '', '', '{\"code\":200,\"msg\":\"操作成功\",\"data\":null}', 0, '', '2022-09-19 10:31:12');
INSERT INTO `sys_oper_log` VALUES (1571688364229210114, '参数管理', 9, 'com.erahub.system.controller.SysConfigController.refreshCache()', 'DELETE', 1, 'admin', '', '/config/refreshCache', '223.112.3.243', '', '', '{\"code\":200,\"msg\":\"操作成功\",\"data\":null}', 0, '', '2022-09-19 10:31:21');
INSERT INTO `sys_oper_log` VALUES (1571688433019990018, '参数管理', 2, 'com.erahub.system.controller.SysConfigController.edit()', 'PUT', 1, 'admin', '', '/config', '223.112.3.243', '', '{\"searchValue\":null,\"createBy\":\"admin\",\"createTime\":\"2022-09-10 17:10:48\",\"updateBy\":\"admin\",\"updateTime\":\"2022-09-19 10:31:37\",\"params\":{},\"configId\":3,\"configName\":\"主框架页-侧边栏主题\",\"configKey\":\"sys.index.sideTheme\",\"configValue\":\"theme-dark\",\"configType\":\"Y\",\"remark\":\"深色主题theme-dark，浅色主题theme-light\"}', '{\"code\":200,\"msg\":\"操作成功\",\"data\":null}', 0, '', '2022-09-19 10:31:38');
INSERT INTO `sys_oper_log` VALUES (1572028063707770881, '字典数据', 2, 'com.erahub.system.controller.SysDictDataController.edit()', 'PUT', 1, 'admin', '', '/dict/data', '223.112.3.243', '', '{\"searchValue\":null,\"createBy\":\"admin\",\"createTime\":\"2022-09-10 17:10:48\",\"updateBy\":\"admin\",\"updateTime\":\"2022-09-20 09:01:11\",\"params\":{},\"dictCode\":3,\"dictSort\":3,\"dictLabel\":\"未知\",\"dictValue\":\"10\",\"dictType\":\"sys_user_sex\",\"cssClass\":\"\",\"listClass\":\"\",\"isDefault\":\"N\",\"status\":\"0\",\"remark\":\"性别未知\",\"default\":false}', '{\"code\":200,\"msg\":\"操作成功\",\"data\":null}', 0, '', '2022-09-20 09:01:12');
INSERT INTO `sys_oper_log` VALUES (1572028158528401409, '字典数据', 2, 'com.erahub.system.controller.SysDictDataController.edit()', 'PUT', 1, 'admin', '', '/dict/data', '223.112.3.243', '', '{\"searchValue\":null,\"createBy\":\"admin\",\"createTime\":\"2022-09-10 17:10:48\",\"updateBy\":\"admin\",\"updateTime\":\"2022-09-20 09:01:34\",\"params\":{},\"dictCode\":3,\"dictSort\":3,\"dictLabel\":\"未知\",\"dictValue\":\"2\",\"dictType\":\"sys_user_sex\",\"cssClass\":\"\",\"listClass\":\"\",\"isDefault\":\"N\",\"status\":\"0\",\"remark\":\"性别未知\",\"default\":false}', '{\"code\":200,\"msg\":\"操作成功\",\"data\":null}', 0, '', '2022-09-20 09:01:35');
INSERT INTO `sys_oper_log` VALUES (1572028919572279297, '字典类型', 5, 'com.erahub.system.controller.SysDictTypeController.export()', 'POST', 1, 'admin', '', '/dict/type/export', '223.112.3.243', '', '{\"searchValue\":null,\"createBy\":null,\"createTime\":null,\"updateBy\":null,\"updateTime\":null,\"params\":{},\"dictId\":null,\"dictName\":null,\"dictType\":null,\"status\":null,\"remark\":null}', '', 0, '', '2022-09-20 09:04:36');
INSERT INTO `sys_oper_log` VALUES (1572030136809631745, '字典类型', 1, 'com.erahub.system.controller.SysDictTypeController.add()', 'POST', 1, 'admin', '', '/dict/type', '223.112.3.243', '', '{\"searchValue\":null,\"createBy\":\"admin\",\"createTime\":\"2022-09-20 09:09:26\",\"updateBy\":\"admin\",\"updateTime\":\"2022-09-20 09:09:26\",\"params\":{},\"dictId\":\"1572030136729939970\",\"dictName\":\"test_01\",\"dictType\":\"test_01\",\"status\":\"0\",\"remark\":\"test_01\"}', '{\"code\":200,\"msg\":\"操作成功\",\"data\":null}', 0, '', '2022-09-20 09:09:26');
INSERT INTO `sys_oper_log` VALUES (1572030198470094850, '字典数据', 1, 'com.erahub.system.controller.SysDictDataController.add()', 'POST', 1, 'admin', '', '/dict/data', '223.112.3.243', '', '{\"searchValue\":null,\"createBy\":\"admin\",\"createTime\":\"2022-09-20 09:09:40\",\"updateBy\":\"admin\",\"updateTime\":\"2022-09-20 09:09:40\",\"params\":{},\"dictCode\":\"1572030198369431553\",\"dictSort\":1,\"dictLabel\":\"test_01\",\"dictValue\":\"test_01\",\"dictType\":\"test_01\",\"cssClass\":\"test_01\",\"listClass\":\"default\",\"isDefault\":null,\"status\":\"0\",\"remark\":null,\"default\":false}', '{\"code\":200,\"msg\":\"操作成功\",\"data\":null}', 0, '', '2022-09-20 09:09:41');
INSERT INTO `sys_oper_log` VALUES (1572030233979072513, '字典数据', 1, 'com.erahub.system.controller.SysDictDataController.add()', 'POST', 1, 'admin', '', '/dict/data', '223.112.3.243', '', '{\"searchValue\":null,\"createBy\":\"admin\",\"createTime\":\"2022-09-20 09:09:49\",\"updateBy\":\"admin\",\"updateTime\":\"2022-09-20 09:09:49\",\"params\":{},\"dictCode\":\"1572030233861632001\",\"dictSort\":2,\"dictLabel\":\"test_01\",\"dictValue\":\"test_01\",\"dictType\":\"test_01\",\"cssClass\":\"test_01\",\"listClass\":\"default\",\"isDefault\":null,\"status\":\"0\",\"remark\":\"test_01\",\"default\":false}', '{\"code\":200,\"msg\":\"操作成功\",\"data\":null}', 0, '', '2022-09-20 09:09:49');
INSERT INTO `sys_oper_log` VALUES (1572030384848187394, '字典类型', 3, 'com.erahub.system.controller.SysDictTypeController.remove()', 'DELETE', 1, 'admin', '', '/dict/type/1572030136729939970', '223.112.3.243', '', '', '', 1, 'test_01已分配,不能删除', '2022-09-20 09:10:25');
INSERT INTO `sys_oper_log` VALUES (1572030424639549442, '字典类型', 3, 'com.erahub.system.controller.SysDictDataController.remove()', 'DELETE', 1, 'admin', '', '/dict/data/1572030198369431553,1572030233861632001', '223.112.3.243', '', '', '{\"code\":200,\"msg\":\"操作成功\",\"data\":null}', 0, '', '2022-09-20 09:10:35');
INSERT INTO `sys_oper_log` VALUES (1572030445598486529, '字典类型', 3, 'com.erahub.system.controller.SysDictTypeController.remove()', 'DELETE', 1, 'admin', '', '/dict/type/1572030136729939970', '223.112.3.243', '', '', '{\"code\":200,\"msg\":\"操作成功\",\"data\":null}', 0, '', '2022-09-20 09:10:40');
INSERT INTO `sys_oper_log` VALUES (1572031965861720066, '字典类型', 2, 'com.erahub.system.controller.SysDictTypeController.edit()', 'PUT', 1, 'admin', '', '/dict/type', '223.112.3.243', '', '{\"searchValue\":null,\"createBy\":\"admin\",\"createTime\":\"2022-09-10 17:10:48\",\"updateBy\":\"admin\",\"updateTime\":\"2022-09-20 09:16:42\",\"params\":{},\"dictId\":10,\"dictName\":\"系统状态\",\"dictType\":\"sys_common_status\",\"status\":\"0\",\"remark\":\"登录状态\"}', '{\"code\":200,\"msg\":\"操作成功\",\"data\":null}', 0, '', '2022-09-20 09:16:42');
INSERT INTO `sys_oper_log` VALUES (1572031982580215810, '字典类型', 2, 'com.erahub.system.controller.SysDictTypeController.edit()', 'PUT', 1, 'admin', '', '/dict/type', '223.112.3.243', '', '{\"searchValue\":null,\"createBy\":\"admin\",\"createTime\":\"2022-09-10 17:10:48\",\"updateBy\":\"admin\",\"updateTime\":\"2022-09-20 09:16:46\",\"params\":{},\"dictId\":10,\"dictName\":\"系统状态\",\"dictType\":\"sys_common_status\",\"status\":\"0\",\"remark\":\"登录状态列表\"}', '{\"code\":200,\"msg\":\"操作成功\",\"data\":null}', 0, '', '2022-09-20 09:16:46');
INSERT INTO `sys_oper_log` VALUES (1572033945430601730, '字典类型', 9, 'com.erahub.system.controller.SysDictTypeController.refreshCache()', 'DELETE', 1, 'admin', '', '/dict/type/refreshCache', '223.112.3.243', '', '', '{\"code\":200,\"msg\":\"操作成功\",\"data\":null}', 0, '', '2022-09-20 09:24:34');
INSERT INTO `sys_oper_log` VALUES (1572033949830426626, '字典类型', 9, 'com.erahub.system.controller.SysDictTypeController.refreshCache()', 'DELETE', 1, 'admin', '', '/dict/type/refreshCache', '223.112.3.243', '', '', '{\"code\":200,\"msg\":\"操作成功\",\"data\":null}', 0, '', '2022-09-20 09:24:35');
INSERT INTO `sys_oper_log` VALUES (1572034010673000450, '字典类型', 2, 'com.erahub.system.controller.SysDictTypeController.edit()', 'PUT', 1, 'admin', '', '/dict/type', '223.112.3.243', '', '{\"searchValue\":null,\"createBy\":\"admin\",\"createTime\":\"2022-09-10 17:10:48\",\"updateBy\":\"admin\",\"updateTime\":\"2022-09-20 09:24:49\",\"params\":{},\"dictId\":1,\"dictName\":\"用户性别\",\"dictType\":\"sys_user_sex\",\"status\":\"1\",\"remark\":\"用户性别列表\"}', '{\"code\":200,\"msg\":\"操作成功\",\"data\":null}', 0, '', '2022-09-20 09:24:50');
INSERT INTO `sys_oper_log` VALUES (1572034024430317570, '字典类型', 2, 'com.erahub.system.controller.SysDictTypeController.edit()', 'PUT', 1, 'admin', '', '/dict/type', '223.112.3.243', '', '{\"searchValue\":null,\"createBy\":\"admin\",\"createTime\":\"2022-09-10 17:10:48\",\"updateBy\":\"admin\",\"updateTime\":\"2022-09-20 09:24:53\",\"params\":{},\"dictId\":1,\"dictName\":\"用户性别\",\"dictType\":\"sys_user_sex\",\"status\":\"0\",\"remark\":\"用户性别列表\"}', '{\"code\":200,\"msg\":\"操作成功\",\"data\":null}', 0, '', '2022-09-20 09:24:53');
INSERT INTO `sys_oper_log` VALUES (1572037665509814273, '字典类型', 1, 'com.erahub.system.controller.SysDictTypeController.add()', 'POST', 1, 'admin', '', '/dict/type', '223.112.3.243', '', '{\"searchValue\":null,\"createBy\":\"admin\",\"createTime\":\"2022-09-20 09:39:21\",\"updateBy\":\"admin\",\"updateTime\":\"2022-09-20 09:39:21\",\"params\":{},\"dictId\":\"1572037665451094018\",\"dictName\":\"test_01\",\"dictType\":\"test_01\",\"status\":\"0\",\"remark\":null}', '{\"code\":200,\"msg\":\"操作成功\",\"data\":null}', 0, '', '2022-09-20 09:39:21');
INSERT INTO `sys_oper_log` VALUES (1572040238727901186, '字典数据', 1, 'com.erahub.system.controller.SysDictDataController.add()', 'POST', 1, 'admin', '', '/dict/data', '223.104.4.60', '', '{\"searchValue\":null,\"createBy\":\"admin\",\"createTime\":\"2022-09-20 09:49:34\",\"updateBy\":\"admin\",\"updateTime\":\"2022-09-20 09:49:34\",\"params\":{},\"dictCode\":\"1572040238644015106\",\"dictSort\":1,\"dictLabel\":\"test_01\",\"dictValue\":\"test_01\",\"dictType\":\"test_01\",\"cssClass\":null,\"listClass\":\"default\",\"isDefault\":null,\"status\":\"0\",\"remark\":null,\"default\":false}', '{\"code\":200,\"msg\":\"操作成功\",\"data\":null}', 0, '', '2022-09-20 09:49:35');
INSERT INTO `sys_oper_log` VALUES (1572047599089692673, '字典类型', 2, 'com.erahub.system.controller.SysDictTypeController.edit()', 'PUT', 1, 'admin', '', '/dict/type', '223.112.3.243', '', '{\"searchValue\":null,\"createBy\":\"admin\",\"createTime\":\"2022-09-20 09:39:21\",\"updateBy\":\"admin\",\"updateTime\":\"2022-09-20 10:18:49\",\"params\":{},\"dictId\":\"1572037665451094018\",\"dictName\":\"test_01\",\"dictType\":\"test_01\",\"status\":\"1\",\"remark\":null}', '{\"code\":200,\"msg\":\"操作成功\",\"data\":null}', 0, '', '2022-09-20 10:18:50');
INSERT INTO `sys_oper_log` VALUES (1572047872960966658, '字典类型', 3, 'com.erahub.system.controller.SysDictTypeController.remove()', 'DELETE', 1, 'admin', '', '/dict/type/1572037665451094018', '223.112.3.243', '', '', '', 1, 'test_01已分配,不能删除', '2022-09-20 10:19:55');
INSERT INTO `sys_oper_log` VALUES (1572110335760871426, '参数管理', 2, 'com.erahub.system.controller.SysConfigController.edit()', 'PUT', 1, 'admin', '', '/config', '223.112.3.243', '', '{\"searchValue\":null,\"createBy\":\"admin\",\"createTime\":\"2022-09-10 17:10:48\",\"updateBy\":\"admin\",\"updateTime\":\"2022-09-20 14:28:07\",\"params\":{},\"configId\":11,\"configName\":\"OSS预览列表资源开关\",\"configKey\":\"sys.oss.previewListResource\",\"configValue\":\"false\",\"configType\":\"Y\",\"remark\":\"true:开启, false:关闭\"}', '{\"code\":200,\"msg\":\"操作成功\",\"data\":null}', 0, '', '2022-09-20 14:28:07');
INSERT INTO `sys_oper_log` VALUES (1572110401552723969, '参数管理', 2, 'com.erahub.system.controller.SysConfigController.edit()', 'PUT', 1, 'admin', '', '/config', '223.112.3.243', '', '{\"searchValue\":null,\"createBy\":\"admin\",\"createTime\":\"2022-09-10 17:10:48\",\"updateBy\":\"admin\",\"updateTime\":\"2022-09-20 14:28:22\",\"params\":{},\"configId\":11,\"configName\":\"OSS预览列表资源开关\",\"configKey\":\"sys.oss.previewListResource\",\"configValue\":\"true\",\"configType\":\"Y\",\"remark\":\"true:开启, false:关闭\"}', '{\"code\":200,\"msg\":\"操作成功\",\"data\":null}', 0, '', '2022-09-20 14:28:23');
INSERT INTO `sys_oper_log` VALUES (1572110469584334849, '参数管理', 2, 'com.erahub.system.controller.SysConfigController.edit()', 'PUT', 1, 'admin', '', '/config', '223.112.3.243', '', '{\"searchValue\":null,\"createBy\":\"admin\",\"createTime\":\"2022-09-10 17:10:48\",\"updateBy\":\"admin\",\"updateTime\":\"2022-09-20 14:28:38\",\"params\":{},\"configId\":1,\"configName\":\"主框架页-默认皮肤样式名称\",\"configKey\":\"sys.index.skinName\",\"configValue\":\"skin-red\",\"configType\":\"Y\",\"remark\":\"蓝色 skin-blue、绿色 skin-green、紫色 skin-purple、红色 skin-red、黄色 skin-yellow\"}', '{\"code\":200,\"msg\":\"操作成功\",\"data\":null}', 0, '', '2022-09-20 14:28:39');
INSERT INTO `sys_oper_log` VALUES (1572110728423223297, '参数管理', 2, 'com.erahub.system.controller.SysConfigController.edit()', 'PUT', 1, 'admin', '', '/config', '223.112.3.243', '', '{\"searchValue\":null,\"createBy\":\"admin\",\"createTime\":\"2022-09-10 17:10:48\",\"updateBy\":\"admin\",\"updateTime\":\"2022-09-20 14:29:40\",\"params\":{},\"configId\":3,\"configName\":\"主框架页-侧边栏主题\",\"configKey\":\"sys.index.sideTheme\",\"configValue\":\"theme-light\",\"configType\":\"Y\",\"remark\":\"深色主题theme-dark，浅色主题theme-light\"}', '{\"code\":200,\"msg\":\"操作成功\",\"data\":null}', 0, '', '2022-09-20 14:29:41');
INSERT INTO `sys_oper_log` VALUES (1572110759771451394, '参数管理', 9, 'com.erahub.system.controller.SysConfigController.refreshCache()', 'DELETE', 1, 'admin', '', '/config/refreshCache', '223.112.3.243', '', '', '{\"code\":200,\"msg\":\"操作成功\",\"data\":null}', 0, '', '2022-09-20 14:29:48');
INSERT INTO `sys_oper_log` VALUES (1572112969343381505, '参数管理', 2, 'com.erahub.system.controller.SysConfigController.edit()', 'PUT', 1, 'admin', '', '/config', '223.112.3.243', '', '{\"searchValue\":null,\"createBy\":\"admin\",\"createTime\":\"2022-09-10 17:10:48\",\"updateBy\":\"admin\",\"updateTime\":\"2022-09-20 14:38:34\",\"params\":{},\"configId\":2,\"configName\":\"用户管理-账号初始密码\",\"configKey\":\"sys.user.initPassword\",\"configValue\":\"111111\",\"configType\":\"Y\",\"remark\":\"初始化密码 123456\"}', '{\"code\":200,\"msg\":\"操作成功\",\"data\":null}', 0, '', '2022-09-20 14:38:35');
INSERT INTO `sys_oper_log` VALUES (1572113103577886721, '参数管理', 2, 'com.erahub.system.controller.SysConfigController.edit()', 'PUT', 1, 'admin', '', '/config', '223.112.3.243', '', '{\"searchValue\":null,\"createBy\":\"admin\",\"createTime\":\"2022-09-10 17:10:48\",\"updateBy\":\"admin\",\"updateTime\":\"2022-09-20 14:39:06\",\"params\":{},\"configId\":2,\"configName\":\"用户管理-账号初始密码\",\"configKey\":\"sys.user.initPassword\",\"configValue\":\"123456\",\"configType\":\"Y\",\"remark\":\"初始化密码 123456\"}', '{\"code\":200,\"msg\":\"操作成功\",\"data\":null}', 0, '', '2022-09-20 14:39:07');
INSERT INTO `sys_oper_log` VALUES (1572113131453231106, '参数管理', 2, 'com.erahub.system.controller.SysConfigController.edit()', 'PUT', 1, 'admin', '', '/config', '223.112.3.243', '', '{\"searchValue\":null,\"createBy\":\"admin\",\"createTime\":\"2022-09-10 17:10:48\",\"updateBy\":\"admin\",\"updateTime\":\"2022-09-20 14:39:13\",\"params\":{},\"configId\":3,\"configName\":\"主框架页-侧边栏主题\",\"configKey\":\"sys.index.sideTheme\",\"configValue\":\"theme-light\",\"configType\":\"Y\",\"remark\":\"深色主题theme-dark，浅色主题theme-light\"}', '{\"code\":200,\"msg\":\"操作成功\",\"data\":null}', 0, '', '2022-09-20 14:39:14');
INSERT INTO `sys_oper_log` VALUES (1572113380016074753, '参数管理', 9, 'com.erahub.system.controller.SysConfigController.refreshCache()', 'DELETE', 1, 'admin', '', '/config/refreshCache', '223.112.3.243', '', '', '{\"code\":200,\"msg\":\"操作成功\",\"data\":null}', 0, '', '2022-09-20 14:40:13');
INSERT INTO `sys_oper_log` VALUES (1572122053522173954, '参数管理', 2, 'com.erahub.system.controller.SysConfigController.edit()', 'PUT', 1, 'admin', '', '/config', '223.112.3.243', '', '{\"searchValue\":null,\"createBy\":\"admin\",\"createTime\":\"2022-09-10 17:10:48\",\"updateBy\":\"admin\",\"updateTime\":\"2022-09-20 15:14:40\",\"params\":{},\"configId\":1,\"configName\":\"主框架页-默认皮肤样式名称\",\"configKey\":\"sys.index.skinName\",\"configValue\":\"skin-blue\",\"configType\":\"Y\",\"remark\":\"蓝色 skin-blue、绿色 skin-green、紫色 skin-purple、红色 skin-red、黄色 skin-yellow\"}', '{\"code\":200,\"msg\":\"操作成功\",\"data\":null}', 0, '', '2022-09-20 15:14:41');
INSERT INTO `sys_oper_log` VALUES (1572122083394007042, '参数管理', 2, 'com.erahub.system.controller.SysConfigController.edit()', 'PUT', 1, 'admin', '', '/config', '223.112.3.243', '', '{\"searchValue\":null,\"createBy\":\"admin\",\"createTime\":\"2022-09-10 17:10:48\",\"updateBy\":\"admin\",\"updateTime\":\"2022-09-20 15:14:47\",\"params\":{},\"configId\":3,\"configName\":\"主框架页-侧边栏主题\",\"configKey\":\"sys.index.sideTheme\",\"configValue\":\"theme-dark\",\"configType\":\"Y\",\"remark\":\"深色主题theme-dark，浅色主题theme-light\"}', '{\"code\":200,\"msg\":\"操作成功\",\"data\":null}', 0, '', '2022-09-20 15:14:48');
INSERT INTO `sys_oper_log` VALUES (1572122124095533057, '参数管理', 9, 'com.erahub.system.controller.SysConfigController.refreshCache()', 'DELETE', 1, 'admin', '', '/config/refreshCache', '223.112.3.243', '', '', '{\"code\":200,\"msg\":\"操作成功\",\"data\":null}', 0, '', '2022-09-20 15:14:58');
INSERT INTO `sys_oper_log` VALUES (1572122134388355074, '字典类型', 9, 'com.erahub.system.controller.SysDictTypeController.refreshCache()', 'DELETE', 1, 'admin', '', '/dict/type/refreshCache', '223.112.3.243', '', '', '{\"code\":200,\"msg\":\"操作成功\",\"data\":null}', 0, '', '2022-09-20 15:15:00');
INSERT INTO `sys_oper_log` VALUES (1572123398698381314, '字典类型', 3, 'com.erahub.system.controller.SysDictDataController.remove()', 'DELETE', 1, 'admin', '', '/dict/data/1572040238644015106', '223.112.3.243', '', '', '{\"code\":200,\"msg\":\"操作成功\",\"data\":null}', 0, '', '2022-09-20 15:20:02');
INSERT INTO `sys_oper_log` VALUES (1572123417287536642, '字典类型', 3, 'com.erahub.system.controller.SysDictTypeController.remove()', 'DELETE', 1, 'admin', '', '/dict/type/1572037665451094018', '223.112.3.243', '', '', '{\"code\":200,\"msg\":\"操作成功\",\"data\":null}', 0, '', '2022-09-20 15:20:06');
INSERT INTO `sys_oper_log` VALUES (1572199333724368898, '用户管理', 2, 'com.erahub.system.controller.SysUserController.changeStatus()', 'PUT', 1, 'admin', '', '/user/changeStatus', '223.65.41.168', '', '{\"searchValue\":null,\"createBy\":null,\"createTime\":null,\"updateBy\":null,\"updateTime\":null,\"params\":{},\"userId\":1,\"deptId\":null,\"userName\":null,\"nickName\":null,\"userType\":null,\"email\":null,\"phonenumber\":null,\"sex\":null,\"avatar\":null,\"status\":\"1\",\"delFlag\":null,\"loginIp\":null,\"loginDate\":null,\"remark\":null,\"dept\":null,\"roles\":null,\"roleIds\":null,\"postIds\":null,\"roleId\":null,\"admin\":true}', '', 1, '不允许操作超级管理员用户', '2022-09-20 20:21:46');
INSERT INTO `sys_oper_log` VALUES (1572393750267637761, '菜单管理', 1, 'com.erahub.system.controller.SysMenuController.add()', 'POST', 1, 'admin', '', '/menu', '223.112.3.243', '', '{\"searchValue\":null,\"createBy\":null,\"createTime\":null,\"updateBy\":null,\"updateTime\":null,\"params\":{},\"parentName\":null,\"parentId\":2,\"children\":[],\"menuId\":null,\"menuName\":\"Seata控制台\",\"orderNum\":10,\"path\":\"47.92.112.236::7091\",\"component\":null,\"queryParam\":null,\"isFrame\":\"0\",\"isCache\":\"0\",\"menuType\":\"C\",\"visible\":\"0\",\"status\":\"0\",\"icon\":\"tool\",\"remark\":null}', '{\"code\":500,\"msg\":\"新增菜单\'Seata控制台\'失败，地址必须以http(s)://开头\",\"data\":null}', 0, '', '2022-09-21 09:14:18');
INSERT INTO `sys_oper_log` VALUES (1572393784375717890, '菜单管理', 1, 'com.erahub.system.controller.SysMenuController.add()', 'POST', 1, 'admin', '', '/menu', '223.112.3.243', '', '{\"searchValue\":null,\"createBy\":null,\"createTime\":null,\"updateBy\":null,\"updateTime\":null,\"params\":{},\"parentName\":null,\"parentId\":2,\"children\":[],\"menuId\":null,\"menuName\":\"Seata控制台\",\"orderNum\":10,\"path\":\"http://47.92.112.236::7091\",\"component\":null,\"queryParam\":null,\"isFrame\":\"0\",\"isCache\":\"0\",\"menuType\":\"C\",\"visible\":\"0\",\"status\":\"0\",\"icon\":\"tool\",\"remark\":null}', '{\"code\":500,\"msg\":\"新增菜单\'Seata控制台\'失败，地址必须以http(s)://开头\",\"data\":null}', 0, '', '2022-09-21 09:14:27');
INSERT INTO `sys_oper_log` VALUES (1572393812129427458, '菜单管理', 1, 'com.erahub.system.controller.SysMenuController.add()', 'POST', 1, 'admin', '', '/menu', '223.112.3.243', '', '{\"searchValue\":null,\"createBy\":\"admin\",\"createTime\":\"2022-09-21 09:14:33\",\"updateBy\":\"admin\",\"updateTime\":\"2022-09-21 09:14:33\",\"params\":{},\"parentName\":null,\"parentId\":2,\"children\":[],\"menuId\":\"1572393811995209730\",\"menuName\":\"Seata控制台\",\"orderNum\":10,\"path\":\"http://47.92.112.236:7091\",\"component\":null,\"queryParam\":null,\"isFrame\":\"0\",\"isCache\":\"0\",\"menuType\":\"C\",\"visible\":\"0\",\"status\":\"0\",\"icon\":\"tool\",\"remark\":null}', '{\"code\":200,\"msg\":\"操作成功\",\"data\":null}', 0, '', '2022-09-21 09:14:33');
INSERT INTO `sys_oper_log` VALUES (1572393899614220290, '菜单管理', 2, 'com.erahub.system.controller.SysMenuController.edit()', 'PUT', 1, 'admin', '', '/menu', '223.112.3.243', '', '{\"searchValue\":null,\"createBy\":\"admin\",\"createTime\":\"2022-09-21 09:14:33\",\"updateBy\":\"admin\",\"updateTime\":\"2022-09-21 09:14:53\",\"params\":{},\"parentName\":null,\"parentId\":2,\"children\":[],\"menuId\":\"1572393811995209730\",\"menuName\":\"Seata控制台\",\"orderNum\":10,\"path\":\"http://47.92.112.236:7091\",\"component\":null,\"queryParam\":null,\"isFrame\":\"0\",\"isCache\":\"0\",\"menuType\":\"C\",\"visible\":\"0\",\"status\":\"0\",\"perms\":\"monitor:seata:list\",\"icon\":\"tool\",\"remark\":\"\"}', '{\"code\":200,\"msg\":\"操作成功\",\"data\":null}', 0, '', '2022-09-21 09:14:54');
INSERT INTO `sys_oper_log` VALUES (1572414023461187586, '参数管理', 2, 'com.erahub.system.controller.SysConfigController.edit()', 'PUT', 1, 'admin', '', '/config', '223.112.3.243', '', '{\"searchValue\":null,\"createBy\":\"admin\",\"createTime\":\"2022-09-10 17:10:48\",\"updateBy\":\"admin\",\"updateTime\":\"2022-09-21 10:34:51\",\"params\":{},\"configId\":11,\"configName\":\"OSS预览列表资源开关\",\"configKey\":\"sys.oss.previewListResource\",\"configValue\":\"false\",\"configType\":\"Y\",\"remark\":\"true:开启, false:关闭\"}', '{\"code\":200,\"msg\":\"操作成功\",\"data\":null}', 0, '', '2022-09-21 10:34:52');
INSERT INTO `sys_oper_log` VALUES (1572414058756255746, '参数管理', 2, 'com.erahub.system.controller.SysConfigController.updateByKey()', 'PUT', 1, 'admin', '', '/config/updateByKey', '223.112.3.243', '', '{\"searchValue\":null,\"createBy\":null,\"createTime\":null,\"updateBy\":\"admin\",\"updateTime\":\"2022-09-21 10:35:00\",\"params\":{},\"configId\":null,\"configName\":null,\"configKey\":\"sys.oss.previewListResource\",\"configValue\":\"true\",\"configType\":null,\"remark\":null}', '{\"code\":200,\"msg\":\"操作成功\",\"data\":null}', 0, '', '2022-09-21 10:35:00');
INSERT INTO `sys_oper_log` VALUES (1572414135872729089, '参数管理', 2, 'com.erahub.system.controller.SysConfigController.edit()', 'PUT', 1, 'admin', '', '/config', '223.112.3.243', '', '{\"searchValue\":null,\"createBy\":\"admin\",\"createTime\":\"2022-09-10 17:10:48\",\"updateBy\":\"admin\",\"updateTime\":\"2022-09-21 10:35:18\",\"params\":{},\"configId\":11,\"configName\":\"OSS预览列表资源开关\",\"configKey\":\"sys.oss.previewListResource\",\"configValue\":\"false\",\"configType\":\"Y\",\"remark\":\"true:开启, false:关闭\"}', '{\"code\":200,\"msg\":\"操作成功\",\"data\":null}', 0, '', '2022-09-21 10:35:19');
INSERT INTO `sys_oper_log` VALUES (1572414177207595009, '参数管理', 2, 'com.erahub.system.controller.SysConfigController.updateByKey()', 'PUT', 1, 'admin', '', '/config/updateByKey', '223.112.3.243', '', '{\"searchValue\":null,\"createBy\":null,\"createTime\":null,\"updateBy\":\"admin\",\"updateTime\":\"2022-09-21 10:35:28\",\"params\":{},\"configId\":null,\"configName\":null,\"configKey\":\"sys.oss.previewListResource\",\"configValue\":\"true\",\"configType\":null,\"remark\":null}', '{\"code\":200,\"msg\":\"操作成功\",\"data\":null}', 0, '', '2022-09-21 10:35:29');
INSERT INTO `sys_oper_log` VALUES (1572428341980377090, '登录日志', 5, 'com.erahub.system.controller.SysLogininforController.export()', 'POST', 1, 'admin', '', '/logininfor/export', '223.112.3.243', '', '{\"infoId\":null,\"userName\":null,\"status\":null,\"ipaddr\":null,\"msg\":null,\"accessTime\":null,\"params\":{}}', '', 0, '', '2022-09-21 11:31:46');
INSERT INTO `sys_oper_log` VALUES (1572428587867254785, '操作日志', 5, 'com.erahub.system.controller.SysOperlogController.export()', 'POST', 1, 'admin', '', '/operlog/export', '223.112.3.243', '', '{\"operId\":null,\"title\":null,\"businessType\":null,\"businessTypes\":null,\"method\":null,\"requestMethod\":null,\"operatorType\":null,\"operName\":null,\"deptName\":null,\"operUrl\":null,\"operIp\":null,\"operParam\":null,\"jsonResult\":null,\"status\":null,\"errorMsg\":null,\"operTime\":null,\"params\":{}}', '', 0, '', '2022-09-21 11:32:44');
INSERT INTO `sys_oper_log` VALUES (1572466062627123201, '账户解锁', 0, 'com.erahub.system.controller.SysLogininforController.unlock()', 'GET', 1, 'admin', '', '/logininfor/unlock/test01', '223.112.3.243', '', '', '{\"code\":200,\"msg\":\"操作成功\",\"data\":null}', 0, '', '2022-09-21 14:01:39');
INSERT INTO `sys_oper_log` VALUES (1572466275471273986, '用户管理', 2, 'com.erahub.system.controller.SysUserController.changeStatus()', 'PUT', 1, 'admin', '', '/user/changeStatus', '223.112.3.243', '', '{\"searchValue\":null,\"createBy\":null,\"createTime\":null,\"updateBy\":\"admin\",\"updateTime\":\"2022-09-21 14:02:29\",\"params\":{},\"userId\":\"1569245585432358914\",\"deptId\":null,\"userName\":null,\"nickName\":null,\"userType\":null,\"email\":null,\"phonenumber\":null,\"sex\":null,\"avatar\":null,\"status\":\"1\",\"delFlag\":null,\"loginIp\":null,\"loginDate\":null,\"remark\":null,\"dept\":null,\"roles\":null,\"roleIds\":null,\"postIds\":null,\"roleId\":null,\"admin\":false}', '{\"code\":200,\"msg\":\"操作成功\",\"data\":null}', 0, '', '2022-09-21 14:02:30');
INSERT INTO `sys_oper_log` VALUES (1572466420808101890, '用户管理', 2, 'com.erahub.system.controller.SysUserController.changeStatus()', 'PUT', 1, 'admin', '', '/user/changeStatus', '223.112.3.243', '', '{\"searchValue\":null,\"createBy\":null,\"createTime\":null,\"updateBy\":\"admin\",\"updateTime\":\"2022-09-21 14:03:04\",\"params\":{},\"userId\":\"1569245585432358914\",\"deptId\":null,\"userName\":null,\"nickName\":null,\"userType\":null,\"email\":null,\"phonenumber\":null,\"sex\":null,\"avatar\":null,\"status\":\"0\",\"delFlag\":null,\"loginIp\":null,\"loginDate\":null,\"remark\":null,\"dept\":null,\"roles\":null,\"roleIds\":null,\"postIds\":null,\"roleId\":null,\"admin\":false}', '{\"code\":200,\"msg\":\"操作成功\",\"data\":null}', 0, '', '2022-09-21 14:03:04');
INSERT INTO `sys_oper_log` VALUES (1572846576110350338, '字典类型', 9, 'com.erahub.system.controller.SysDictTypeController.refreshCache()', 'DELETE', 1, 'admin', '', '/dict/type/refreshCache', '223.112.3.243', '', '', '{\"code\":200,\"msg\":\"操作成功\",\"data\":null}', 0, '', '2022-09-22 15:13:40');
INSERT INTO `sys_oper_log` VALUES (1572847043557142529, '参数管理', 2, 'com.erahub.system.controller.SysConfigController.edit()', 'PUT', 1, 'admin', '', '/config', '223.112.3.243', '', '{\"searchValue\":null,\"createBy\":\"admin\",\"createTime\":\"2022-09-10 17:10:48\",\"updateBy\":\"admin\",\"updateTime\":\"2022-09-22 15:15:31\",\"params\":{},\"configId\":11,\"configName\":\"OSS预览列表资源开关\",\"configKey\":\"sys.oss.previewListResource\",\"configValue\":\"true\",\"configType\":\"Y\",\"remark\":\"true:开启, false:关闭\"}', '{\"code\":200,\"msg\":\"操作成功\",\"data\":null}', 0, '', '2022-09-22 15:15:32');
INSERT INTO `sys_oper_log` VALUES (1573113481819795458, '对象存储配置', 2, 'com.erahub.resource.controller.SysOssConfigController.edit()', 'PUT', 1, 'admin', '', '/oss/config', '122.96.105.26', '', '{\"searchValue\":null,\"createBy\":null,\"createTime\":null,\"updateBy\":null,\"updateTime\":null,\"params\":{},\"ossConfigId\":1,\"configKey\":\"minio\",\"accessKey\":\"erahub\",\"secretKey\":\"erahub123\",\"bucketName\":\"erahub\",\"prefix\":\"\",\"endpoint\":\"172.17.228.8:9000\",\"domain\":\"\",\"isHttps\":\"N\",\"status\":\"0\",\"region\":\"\",\"ext1\":\"\",\"remark\":\"\"}', '{\"code\":200,\"msg\":\"操作成功\",\"data\":null}', 0, '', '2022-09-23 08:54:16');
INSERT INTO `sys_oper_log` VALUES (1573113616394039298, 'OSS对象存储', 1, 'com.erahub.resource.controller.SysOssController.upload()', 'POST', 1, 'admin', '', '/oss/upload', '122.96.105.26', '', '', '', 1, '文件存储服务类型无法找到!', '2022-09-23 08:54:48');
INSERT INTO `sys_oper_log` VALUES (1573113640771334146, 'OSS对象存储', 1, 'com.erahub.resource.controller.SysOssController.upload()', 'POST', 1, 'admin', '', '/oss/upload', '122.96.105.26', '', '', '', 1, '文件存储服务类型无法找到!', '2022-09-23 08:54:54');
INSERT INTO `sys_oper_log` VALUES (1573113705283923969, 'OSS对象存储', 1, 'com.erahub.resource.controller.SysOssController.upload()', 'POST', 1, 'admin', '', '/oss/upload', '122.96.105.26', '', '', '', 1, '文件存储服务类型无法找到!', '2022-09-23 08:55:09');
INSERT INTO `sys_oper_log` VALUES (1573113719229984769, 'OSS对象存储', 1, 'com.erahub.resource.controller.SysOssController.upload()', 'POST', 1, 'admin', '', '/oss/upload', '122.96.105.26', '', '', '', 1, '文件存储服务类型无法找到!', '2022-09-23 08:55:12');
INSERT INTO `sys_oper_log` VALUES (1573113846824906753, '对象存储配置', 2, 'com.erahub.resource.controller.SysOssConfigController.edit()', 'PUT', 1, 'admin', '', '/oss/config', '122.96.105.26', '', '{\"searchValue\":null,\"createBy\":null,\"createTime\":null,\"updateBy\":null,\"updateTime\":null,\"params\":{},\"ossConfigId\":1,\"configKey\":\"minio\",\"accessKey\":\"erahub\",\"secretKey\":\"erahub123\",\"bucketName\":\"erahub\",\"prefix\":\"\",\"endpoint\":\"127.0.0.1:9000\",\"domain\":\"\",\"isHttps\":\"N\",\"status\":\"0\",\"region\":\"\",\"ext1\":\"\",\"remark\":\"\"}', '{\"code\":200,\"msg\":\"操作成功\",\"data\":null}', 0, '', '2022-09-23 08:55:43');
INSERT INTO `sys_oper_log` VALUES (1573113874687668226, 'OSS对象存储', 1, 'com.erahub.resource.controller.SysOssController.upload()', 'POST', 1, 'admin', '', '/oss/upload', '122.96.105.26', '', '', '', 1, '文件存储服务类型无法找到!', '2022-09-23 08:55:49');
INSERT INTO `sys_oper_log` VALUES (1573113909789798401, 'OSS对象存储', 1, 'com.erahub.resource.controller.SysOssController.upload()', 'POST', 1, 'admin', '', '/oss/upload', '122.96.105.26', '', '', '', 1, '文件存储服务类型无法找到!', '2022-09-23 08:55:58');
INSERT INTO `sys_oper_log` VALUES (1573114068347072514, '对象存储配置', 2, 'com.erahub.resource.controller.SysOssConfigController.edit()', 'PUT', 1, 'admin', '', '/oss/config', '122.96.105.26', '', '{\"searchValue\":null,\"createBy\":null,\"createTime\":null,\"updateBy\":null,\"updateTime\":null,\"params\":{},\"ossConfigId\":1,\"configKey\":\"minio\",\"accessKey\":\"erahub\",\"secretKey\":\"erahub123\",\"bucketName\":\"erahub\",\"prefix\":\"\",\"endpoint\":\"47.92.112.236:9000\",\"domain\":\"\",\"isHttps\":\"N\",\"status\":\"0\",\"region\":\"\",\"ext1\":\"\",\"remark\":\"\"}', '{\"code\":200,\"msg\":\"操作成功\",\"data\":null}', 0, '', '2022-09-23 08:56:36');
INSERT INTO `sys_oper_log` VALUES (1573114090916622337, 'OSS对象存储', 1, 'com.erahub.resource.controller.SysOssController.upload()', 'POST', 1, 'admin', '', '/oss/upload', '122.96.105.26', '', '', '', 1, '文件存储服务类型无法找到!', '2022-09-23 08:56:41');
INSERT INTO `sys_oper_log` VALUES (1573114270118260738, 'OSS对象存储', 1, 'com.erahub.resource.controller.SysOssController.upload()', 'POST', 1, 'admin', '', '/oss/upload', '122.96.105.26', '', '', '', 1, '文件存储服务类型无法找到!', '2022-09-23 08:57:24');
INSERT INTO `sys_oper_log` VALUES (1573114356927770625, 'OSS对象存储', 1, 'com.erahub.resource.controller.SysOssController.upload()', 'POST', 1, 'admin', '', '/oss/upload', '122.96.105.26', '', '', '', 1, '文件存储服务类型无法找到!', '2022-09-23 08:57:44');
INSERT INTO `sys_oper_log` VALUES (1573114462657785857, '对象存储配置', 2, 'com.erahub.resource.controller.SysOssConfigController.edit()', 'PUT', 1, 'admin', '', '/oss/config', '122.96.105.26', '', '{\"searchValue\":null,\"createBy\":null,\"createTime\":null,\"updateBy\":null,\"updateTime\":null,\"params\":{},\"ossConfigId\":1,\"configKey\":\"minio\",\"accessKey\":\"erahub\",\"secretKey\":\"erahub123\",\"bucketName\":\"erahub\",\"prefix\":\"\",\"endpoint\":\"172.17.228.8:9000\",\"domain\":\"\",\"isHttps\":\"N\",\"status\":\"0\",\"region\":\"\",\"ext1\":\"\",\"remark\":\"\"}', '{\"code\":200,\"msg\":\"操作成功\",\"data\":null}', 0, '', '2022-09-23 08:58:10');
INSERT INTO `sys_oper_log` VALUES (1573114635538608129, '用户头像', 2, 'com.erahub.system.controller.SysProfileController.avatar()', 'POST', 1, 'test01', '', '/user/profile/avatar', '122.96.105.26', '', '', '', 1, '上传文件失败', '2022-09-23 08:58:51');
INSERT INTO `sys_oper_log` VALUES (1573114932528885762, '对象存储配置', 2, 'com.erahub.resource.controller.SysOssConfigController.edit()', 'PUT', 1, 'admin', '', '/oss/config', '122.96.105.26', '', '{\"searchValue\":null,\"createBy\":null,\"createTime\":null,\"updateBy\":null,\"updateTime\":null,\"params\":{},\"ossConfigId\":1,\"configKey\":\"minio\",\"accessKey\":\"erahub\",\"secretKey\":\"erahub123\",\"bucketName\":\"erahub\",\"prefix\":\"\",\"endpoint\":\"172.17.22.8:9000\",\"domain\":\"\",\"isHttps\":\"N\",\"status\":\"0\",\"region\":\"\",\"ext1\":\"\",\"remark\":\"\"}', '{\"code\":200,\"msg\":\"操作成功\",\"data\":null}', 0, '', '2022-09-23 09:00:02');
INSERT INTO `sys_oper_log` VALUES (1573115427641307137, '对象存储配置', 2, 'com.erahub.resource.controller.SysOssConfigController.edit()', 'PUT', 1, 'admin', '', '/oss/config', '122.96.105.26', '', '{\"searchValue\":null,\"createBy\":null,\"createTime\":null,\"updateBy\":null,\"updateTime\":null,\"params\":{},\"ossConfigId\":1,\"configKey\":\"minio\",\"accessKey\":\"erahub\",\"secretKey\":\"erahub123\",\"bucketName\":\"erahub\",\"prefix\":\"\",\"endpoint\":\"47.92.112.236:9000\",\"domain\":\"\",\"isHttps\":\"N\",\"status\":\"0\",\"region\":\"\",\"ext1\":\"\",\"remark\":\"\"}', '{\"code\":200,\"msg\":\"操作成功\",\"data\":null}', 0, '', '2022-09-23 09:02:00');
INSERT INTO `sys_oper_log` VALUES (1573115882740068354, 'OSS对象存储', 1, 'com.erahub.resource.controller.SysOssController.upload()', 'POST', 1, 'admin', '', '/oss/upload', '122.96.105.26', '', '', '', 1, '文件存储服务类型无法找到!', '2022-09-23 09:03:48');
INSERT INTO `sys_oper_log` VALUES (1573115935437303810, 'OSS对象存储', 1, 'com.erahub.resource.controller.SysOssController.upload()', 'POST', 1, 'admin', '', '/oss/upload', '122.96.105.26', '', '', '', 1, '文件存储服务类型无法找到!', '2022-09-23 09:04:01');
INSERT INTO `sys_oper_log` VALUES (1573117692292837378, 'OSS对象存储', 1, 'com.erahub.resource.controller.SysOssController.upload()', 'POST', 1, 'admin', '', '/oss/upload', '122.96.105.26', '', '', '', 1, '文件存储服务类型无法找到!', '2022-09-23 09:11:00');
INSERT INTO `sys_oper_log` VALUES (1573119945070292994, 'OSS对象存储', 1, 'com.erahub.resource.controller.SysOssController.upload()', 'POST', 1, 'admin', '', '/oss/upload', '122.96.105.26', '', '', '{\"code\":200,\"msg\":\"操作成功\",\"data\":{\"ossId\":\"1573119942629208065\",\"url\":\"http://47.92.112.236:9000/erahub/2022/09/23/c34d1ed216ec4840b2506d9cb7e41bed.xlsx\",\"fileName\":\"user_1663299202620.xlsx\"}}', 0, '', '2022-09-23 09:19:57');
INSERT INTO `sys_oper_log` VALUES (1573141131615481858, '菜单管理', 2, 'com.erahub.system.controller.SysMenuController.edit()', 'PUT', 1, 'admin', '', '/menu', '122.96.105.26', '', '{\"searchValue\":null,\"createBy\":\"admin\",\"createTime\":\"2022-09-10 17:10:48\",\"updateBy\":\"admin\",\"updateTime\":\"2022-09-23 10:44:07\",\"params\":{},\"parentName\":null,\"parentId\":2,\"children\":[],\"menuId\":113,\"menuName\":\"Admin\",\"orderNum\":5,\"path\":\"Admin\",\"component\":\"monitor/admin/index\",\"queryParam\":\"\",\"isFrame\":\"1\",\"isCache\":\"0\",\"menuType\":\"C\",\"visible\":\"0\",\"status\":\"0\",\"perms\":\"monitor:admin:list\",\"icon\":\"server\",\"remark\":\"服务监控菜单\"}', '{\"code\":200,\"msg\":\"操作成功\",\"data\":null}', 0, '', '2022-09-23 10:44:08');
INSERT INTO `sys_oper_log` VALUES (1573141160115777538, '菜单管理', 2, 'com.erahub.system.controller.SysMenuController.edit()', 'PUT', 1, 'admin', '', '/menu', '122.96.105.26', '', '{\"searchValue\":null,\"createBy\":\"admin\",\"createTime\":\"2022-09-10 17:10:48\",\"updateBy\":\"admin\",\"updateTime\":\"2022-09-23 10:44:14\",\"params\":{},\"parentName\":null,\"parentId\":2,\"children\":[],\"menuId\":111,\"menuName\":\"Sentinel\",\"orderNum\":6,\"path\":\"Sentinel\",\"component\":\"monitor/sentinel/index\",\"queryParam\":\"\",\"isFrame\":\"1\",\"isCache\":\"0\",\"menuType\":\"C\",\"visible\":\"0\",\"status\":\"0\",\"perms\":\"monitor:sentinel:list\",\"icon\":\"sentinel\",\"remark\":\"流量控制菜单\"}', '{\"code\":200,\"msg\":\"操作成功\",\"data\":null}', 0, '', '2022-09-23 10:44:15');
INSERT INTO `sys_oper_log` VALUES (1573141179837394946, '菜单管理', 2, 'com.erahub.system.controller.SysMenuController.edit()', 'PUT', 1, 'admin', '', '/menu', '122.96.105.26', '', '{\"searchValue\":null,\"createBy\":\"admin\",\"createTime\":\"2022-09-10 17:10:48\",\"updateBy\":\"admin\",\"updateTime\":\"2022-09-23 10:44:19\",\"params\":{},\"parentName\":null,\"parentId\":2,\"children\":[],\"menuId\":110,\"menuName\":\"XxlJob\",\"orderNum\":7,\"path\":\"Xxljob\",\"component\":\"monitor/xxljob/index\",\"queryParam\":\"\",\"isFrame\":\"1\",\"isCache\":\"0\",\"menuType\":\"C\",\"visible\":\"0\",\"status\":\"0\",\"perms\":\"monitor:xxljob:list\",\"icon\":\"job\",\"remark\":\"定时任务菜单\"}', '{\"code\":200,\"msg\":\"操作成功\",\"data\":null}', 0, '', '2022-09-23 10:44:19');
INSERT INTO `sys_oper_log` VALUES (1573141201358368769, '菜单管理', 2, 'com.erahub.system.controller.SysMenuController.edit()', 'PUT', 1, 'admin', '', '/menu', '122.96.105.26', '', '{\"searchValue\":null,\"createBy\":\"admin\",\"createTime\":\"2022-09-10 17:10:48\",\"updateBy\":\"admin\",\"updateTime\":\"2022-09-23 10:44:24\",\"params\":{},\"parentName\":null,\"parentId\":2,\"children\":[],\"menuId\":112,\"menuName\":\"Nacos\",\"orderNum\":8,\"path\":\"http://47.92.112.236:8848/nacos\",\"component\":\"\",\"queryParam\":\"\",\"isFrame\":\"0\",\"isCache\":\"0\",\"menuType\":\"C\",\"visible\":\"0\",\"status\":\"0\",\"perms\":\"monitor:nacos:list\",\"icon\":\"nacos\",\"remark\":\"服务治理菜单\"}', '{\"code\":200,\"msg\":\"操作成功\",\"data\":null}', 0, '', '2022-09-23 10:44:25');
INSERT INTO `sys_oper_log` VALUES (1573141218622124034, '菜单管理', 2, 'com.erahub.system.controller.SysMenuController.edit()', 'PUT', 1, 'admin', '', '/menu', '122.96.105.26', '', '{\"searchValue\":null,\"createBy\":\"admin\",\"createTime\":\"2022-09-16 20:55:13\",\"updateBy\":\"admin\",\"updateTime\":\"2022-09-23 10:44:28\",\"params\":{},\"parentName\":null,\"parentId\":2,\"children\":[],\"menuId\":\"1570758202780676098\",\"menuName\":\"Minio\",\"orderNum\":9,\"path\":\"http://47.92.112.236:9000\",\"component\":\"\",\"queryParam\":null,\"isFrame\":\"0\",\"isCache\":\"0\",\"menuType\":\"C\",\"visible\":\"0\",\"status\":\"0\",\"perms\":\"monitor:minio:list\",\"icon\":\"upload\",\"remark\":\"\"}', '{\"code\":200,\"msg\":\"操作成功\",\"data\":null}', 0, '', '2022-09-23 10:44:29');
INSERT INTO `sys_oper_log` VALUES (1573141239203573761, '菜单管理', 2, 'com.erahub.system.controller.SysMenuController.edit()', 'PUT', 1, 'admin', '', '/menu', '122.96.105.26', '', '{\"searchValue\":null,\"createBy\":\"admin\",\"createTime\":\"2022-09-21 09:14:33\",\"updateBy\":\"admin\",\"updateTime\":\"2022-09-23 10:44:33\",\"params\":{},\"parentName\":null,\"parentId\":2,\"children\":[],\"menuId\":\"1572393811995209730\",\"menuName\":\"Seata\",\"orderNum\":10,\"path\":\"http://47.92.112.236:7091\",\"component\":null,\"queryParam\":null,\"isFrame\":\"0\",\"isCache\":\"0\",\"menuType\":\"C\",\"visible\":\"0\",\"status\":\"0\",\"perms\":\"monitor:seata:list\",\"icon\":\"tool\",\"remark\":\"\"}', '{\"code\":200,\"msg\":\"操作成功\",\"data\":null}', 0, '', '2022-09-23 10:44:34');
INSERT INTO `sys_oper_log` VALUES (1573224482414211073, 'OSS对象存储', 3, 'com.erahub.resource.controller.SysOssController.remove()', 'DELETE', 1, 'admin', '', '/oss/1573119942629208065', '122.96.105.26', '', '', '{\"code\":200,\"msg\":\"操作成功\",\"data\":null}', 0, '', '2022-09-23 16:15:20');
INSERT INTO `sys_oper_log` VALUES (1573224580649005058, 'OSS对象存储', 1, 'com.erahub.resource.controller.SysOssController.upload()', 'POST', 1, 'admin', '', '/oss/upload', '122.96.105.26', '', '', '{\"code\":200,\"msg\":\"操作成功\",\"data\":{\"ossId\":\"1573224580535758849\",\"url\":\"http://47.92.112.236:9000/erahub/2022/09/23/8de751e4fe054aa6a32b88114b54d370.jpg\",\"fileName\":\"fkCpNOiXTb.jpg\"}}', 0, '', '2022-09-23 16:15:44');
INSERT INTO `sys_oper_log` VALUES (1573224651687931906, 'OSS对象存储', 3, 'com.erahub.resource.controller.SysOssController.remove()', 'DELETE', 1, 'admin', '', '/oss/1573224580535758849', '122.96.105.26', '', '', '{\"code\":200,\"msg\":\"操作成功\",\"data\":null}', 0, '', '2022-09-23 16:16:01');
INSERT INTO `sys_oper_log` VALUES (1573225101665447938, 'OSS对象存储', 1, 'com.erahub.resource.controller.SysOssController.upload()', 'POST', 1, 'admin', '', '/oss/upload', '122.96.105.26', '', '', '{\"code\":200,\"msg\":\"操作成功\",\"data\":{\"ossId\":\"1573225101527035905\",\"url\":\"http://47.92.112.236:9000/erahub/2022/09/23/423fd1fe820348ffad669723fa35ae79.xlsx\",\"fileName\":\"user_1663299202620.xlsx\"}}', 0, '', '2022-09-23 16:17:48');
INSERT INTO `sys_oper_log` VALUES (1573225172960227329, 'OSS对象存储', 3, 'com.erahub.resource.controller.SysOssController.remove()', 'DELETE', 1, 'admin', '', '/oss/1573225101527035905', '122.96.105.26', '', '', '{\"code\":200,\"msg\":\"操作成功\",\"data\":null}', 0, '', '2022-09-23 16:18:05');
INSERT INTO `sys_oper_log` VALUES (1573228766031720449, '代码生成', 6, 'com.erahub.gen.controller.GenController.importTableSave()', 'POST', 1, 'admin', '', '/gen/importTable', '122.96.105.26', '', '\"test_demo\"', '{\"code\":200,\"msg\":\"操作成功\",\"data\":null}', 0, '', '2022-09-23 16:32:22');
INSERT INTO `sys_oper_log` VALUES (1573228978620018689, '代码生成', 8, 'com.erahub.gen.controller.GenController.batchGenCode()', 'GET', 1, 'admin', '', '/gen/batchGenCode', '122.96.105.26', '', '', '', 0, '', '2022-09-23 16:33:12');
INSERT INTO `sys_oper_log` VALUES (1573229036019068930, '代码生成', 8, 'com.erahub.gen.controller.GenController.batchGenCode()', 'GET', 1, 'admin', '', '/gen/batchGenCode', '122.96.105.26', '', '', '', 0, '', '2022-09-23 16:33:26');
INSERT INTO `sys_oper_log` VALUES (1573229057712009218, '代码生成', 3, 'com.erahub.gen.controller.GenController.remove()', 'DELETE', 1, 'admin', '', '/gen/1573228762642722818', '122.96.105.26', '', '', '{\"code\":200,\"msg\":\"操作成功\",\"data\":null}', 0, '', '2022-09-23 16:33:31');
INSERT INTO `sys_oper_log` VALUES (1573259188761473026, '菜单管理', 2, 'com.erahub.system.controller.SysMenuController.edit()', 'PUT', 1, 'admin', '', '/menu', '183.209.136.16', '', '{\"searchValue\":null,\"createBy\":\"admin\",\"createTime\":\"2022-09-10 17:10:48\",\"updateBy\":\"admin\",\"updateTime\":\"2022-09-23 18:33:14\",\"params\":{},\"parentName\":null,\"parentId\":2,\"children\":[],\"menuId\":113,\"menuName\":\"SpringBootAdmin\",\"orderNum\":5,\"path\":\"Admin\",\"component\":\"monitor/admin/index\",\"queryParam\":\"\",\"isFrame\":\"1\",\"isCache\":\"0\",\"menuType\":\"C\",\"visible\":\"0\",\"status\":\"0\",\"perms\":\"monitor:admin:list\",\"icon\":\"server\",\"remark\":\"服务监控菜单\"}', '{\"code\":200,\"msg\":\"操作成功\",\"data\":null}', 0, '', '2022-09-23 18:33:15');
INSERT INTO `sys_oper_log` VALUES (1573259241416765441, '菜单管理', 2, 'com.erahub.system.controller.SysMenuController.edit()', 'PUT', 1, 'admin', '', '/menu', '183.209.136.16', '', '{\"searchValue\":null,\"createBy\":\"admin\",\"createTime\":\"2022-09-10 17:10:48\",\"updateBy\":\"admin\",\"updateTime\":\"2022-09-23 18:33:27\",\"params\":{},\"parentName\":null,\"parentId\":2,\"children\":[],\"menuId\":113,\"menuName\":\"Admin\",\"orderNum\":5,\"path\":\"Admin\",\"component\":\"monitor/admin/index\",\"queryParam\":\"\",\"isFrame\":\"1\",\"isCache\":\"0\",\"menuType\":\"C\",\"visible\":\"0\",\"status\":\"0\",\"perms\":\"monitor:admin:list\",\"icon\":\"server\",\"remark\":\"服务监控菜单\"}', '{\"code\":200,\"msg\":\"操作成功\",\"data\":null}', 0, '', '2022-09-23 18:33:28');
INSERT INTO `sys_oper_log` VALUES (1573259579523805185, 'OSS对象存储', 1, 'com.erahub.resource.controller.SysOssController.upload()', 'POST', 1, 'admin', '', '/oss/upload', '183.209.136.16', '', '', '{\"code\":200,\"msg\":\"操作成功\",\"data\":{\"ossId\":\"1573259579267952642\",\"url\":\"http://47.92.112.236:9000/erahub/2022/09/23/c0db24731851424eafa4569346863704.jpg\",\"fileName\":\"login-background.jpg\"}}', 0, '', '2022-09-23 18:34:48');
INSERT INTO `sys_oper_log` VALUES (1573322279826173953, '在线用户', 7, 'com.erahub.system.controller.SysUserOnlineController.forceLogout()', 'DELETE', 1, 'admin', '', '/online/eyJ0eXAiOiJKV1QiLCJhbGciOiJIUzI1NiJ9.eyJsb2dpblR5cGUiOiJsb2dpbiIsImxvZ2luSWQiOiJzeXNfdXNlcjoxIiwicm5TdHIiOiJraXBmVWszT0ljZzZSZG13TDFiR2pmVzJCQjdXMWpnYyJ9.1NmAInbfmFhmXomlIAQXDnhGt3dzOcS7SMyuNLwnHTM', '183.209.136.16', '', '', '{\"code\":200,\"msg\":\"操作成功\",\"data\":null}', 0, '', '2022-09-23 22:43:57');
INSERT INTO `sys_oper_log` VALUES (1573473296563777537, 'OSS对象存储', 1, 'com.erahub.resource.controller.SysOssController.upload()', 'POST', 1, 'admin', '', '/oss/upload', '183.209.136.16', '', '', '{\"code\":200,\"msg\":\"操作成功\",\"data\":{\"ossId\":\"1573473296362450945\",\"url\":\"http://47.92.112.236:9000/erahub/2022/09/24/7c8dfaa58f854f38bb03a49ae4ecd2a8.jpg\",\"fileName\":\"-1c1009017f8b7159.jpg\"}}', 0, '', '2022-09-24 08:44:02');
INSERT INTO `sys_oper_log` VALUES (1573473305518616577, 'OSS对象存储', 3, 'com.erahub.resource.controller.SysOssController.remove()', 'DELETE', 1, 'admin', '', '/oss/1573473296362450945', '183.209.136.16', '', '', '{\"code\":200,\"msg\":\"操作成功\",\"data\":null}', 0, '', '2022-09-24 08:44:04');
INSERT INTO `sys_oper_log` VALUES (1573474188646100994, '对象存储配置', 2, 'com.erahub.resource.controller.SysOssConfigController.edit()', 'PUT', 1, 'admin', '', '/oss/config', '183.209.136.16', '', '{\"searchValue\":null,\"createBy\":null,\"createTime\":null,\"updateBy\":null,\"updateTime\":null,\"params\":{},\"ossConfigId\":1,\"configKey\":\"minio\",\"accessKey\":\"erahub\",\"secretKey\":\"erahub123\",\"bucketName\":\"erahub\",\"prefix\":\"\",\"endpoint\":\"172.17.228.8:9000\",\"domain\":\"\",\"isHttps\":\"N\",\"status\":\"0\",\"region\":\"\",\"ext1\":\"\",\"remark\":\"\"}', '{\"code\":200,\"msg\":\"操作成功\",\"data\":null}', 0, '', '2022-09-24 08:47:35');
INSERT INTO `sys_oper_log` VALUES (1573474265267646466, 'OSS对象存储', 1, 'com.erahub.resource.controller.SysOssController.upload()', 'POST', 1, 'admin', '', '/oss/upload', '183.209.136.16', '', '', '{\"code\":200,\"msg\":\"操作成功\",\"data\":{\"ossId\":\"1573474265175371778\",\"url\":\"http://172.17.228.8:9000/erahub/2022/09/24/e422c89cc04243e08c003c7619a084f0.jpg\",\"fileName\":\"-1c1009017f8b7159.jpg\"}}', 0, '', '2022-09-24 08:47:53');
INSERT INTO `sys_oper_log` VALUES (1573474397644075009, 'OSS对象存储', 3, 'com.erahub.resource.controller.SysOssController.remove()', 'DELETE', 1, 'admin', '', '/oss/1573474265175371778', '183.209.136.16', '', '', '{\"code\":200,\"msg\":\"操作成功\",\"data\":null}', 0, '', '2022-09-24 08:48:25');
INSERT INTO `sys_oper_log` VALUES (1573474450492305409, '对象存储配置', 2, 'com.erahub.resource.controller.SysOssConfigController.edit()', 'PUT', 1, 'admin', '', '/oss/config', '183.209.136.16', '', '{\"searchValue\":null,\"createBy\":null,\"createTime\":null,\"updateBy\":null,\"updateTime\":null,\"params\":{},\"ossConfigId\":1,\"configKey\":\"minio\",\"accessKey\":\"erahub\",\"secretKey\":\"erahub123\",\"bucketName\":\"erahub\",\"prefix\":\"\",\"endpoint\":\"47.92.112.236:9000\",\"domain\":\"\",\"isHttps\":\"N\",\"status\":\"0\",\"region\":\"\",\"ext1\":\"\",\"remark\":\"\"}', '{\"code\":200,\"msg\":\"操作成功\",\"data\":null}', 0, '', '2022-09-24 08:48:37');
INSERT INTO `sys_oper_log` VALUES (1573474492192075777, 'OSS对象存储', 1, 'com.erahub.resource.controller.SysOssController.upload()', 'POST', 1, 'admin', '', '/oss/upload', '183.209.136.16', '', '', '{\"code\":200,\"msg\":\"操作成功\",\"data\":{\"ossId\":\"1573474492108189697\",\"url\":\"http://47.92.112.236:9000/erahub/2022/09/24/1682e6c4907b4a87a63a6dbaa9727b8b.jpg\",\"fileName\":\"-1c1009017f8b7159.jpg\"}}', 0, '', '2022-09-24 08:48:47');
INSERT INTO `sys_oper_log` VALUES (1573474514409304066, 'OSS对象存储', 3, 'com.erahub.resource.controller.SysOssController.remove()', 'DELETE', 1, 'admin', '', '/oss/1573474492108189697', '183.209.136.16', '', '', '{\"code\":200,\"msg\":\"操作成功\",\"data\":null}', 0, '', '2022-09-24 08:48:53');
INSERT INTO `sys_oper_log` VALUES (1573481407949254658, 'OSS对象存储', 1, 'com.erahub.resource.controller.SysOssController.upload()', 'POST', 1, 'admin', '', '/oss/upload', '183.209.136.16', '', '', '{\"code\":200,\"msg\":\"操作成功\",\"data\":{\"ossId\":\"1573481405747245057\",\"url\":\"http://47.92.112.236:9000/erahub/2022/09/24/27dd3f4e417e429a94c394691becbf9d.png\",\"fileName\":\"1111111.png\"}}', 0, '', '2022-09-24 09:16:16');
INSERT INTO `sys_oper_log` VALUES (1573482237280595970, '参数管理', 2, 'com.erahub.system.controller.SysConfigController.updateByKey()', 'PUT', 1, 'admin', '', '/config/updateByKey', '183.209.136.16', '', '{\"searchValue\":null,\"createBy\":null,\"createTime\":null,\"updateBy\":\"admin\",\"updateTime\":\"2022-09-24 09:19:33\",\"params\":{},\"configId\":null,\"configName\":null,\"configKey\":\"sys.oss.previewListResource\",\"configValue\":\"false\",\"configType\":null,\"remark\":null}', '{\"code\":200,\"msg\":\"操作成功\",\"data\":null}', 0, '', '2022-09-24 09:19:34');
INSERT INTO `sys_oper_log` VALUES (1573482245304299522, '参数管理', 2, 'com.erahub.system.controller.SysConfigController.updateByKey()', 'PUT', 1, 'admin', '', '/config/updateByKey', '183.209.136.16', '', '{\"searchValue\":null,\"createBy\":null,\"createTime\":null,\"updateBy\":\"admin\",\"updateTime\":\"2022-09-24 09:19:35\",\"params\":{},\"configId\":null,\"configName\":null,\"configKey\":\"sys.oss.previewListResource\",\"configValue\":\"true\",\"configType\":null,\"remark\":null}', '{\"code\":200,\"msg\":\"操作成功\",\"data\":null}', 0, '', '2022-09-24 09:19:36');
INSERT INTO `sys_oper_log` VALUES (1573517297153159169, '参数管理', 9, 'com.erahub.system.controller.SysConfigController.refreshCache()', 'DELETE', 1, 'admin', '', '/config/refreshCache', '223.104.4.67', '', '', '{\"code\":200,\"msg\":\"操作成功\",\"data\":null}', 0, '', '2022-09-24 11:38:53');
INSERT INTO `sys_oper_log` VALUES (1574206245462552577, '用户管理', 2, 'com.erahub.system.controller.SysUserController.changeStatus()', 'PUT', 1, 'admin', '', '/user/changeStatus', '180.101.128.240', '', '{\"searchValue\":null,\"createBy\":null,\"createTime\":null,\"updateBy\":null,\"updateTime\":null,\"params\":{},\"userId\":1,\"deptId\":null,\"userName\":null,\"nickName\":null,\"userType\":null,\"email\":null,\"phonenumber\":null,\"sex\":null,\"avatar\":null,\"status\":\"1\",\"delFlag\":null,\"loginIp\":null,\"loginDate\":null,\"remark\":null,\"dept\":null,\"roles\":null,\"roleIds\":null,\"postIds\":null,\"roleId\":null,\"admin\":true}', '', 1, '不允许操作超级管理员用户', '2022-09-26 09:16:31');
INSERT INTO `sys_oper_log` VALUES (1574206588955078657, '菜单管理', 1, 'com.erahub.system.controller.SysMenuController.add()', 'POST', 1, 'admin', '', '/menu', '180.101.128.240', '', '{\"searchValue\":null,\"createBy\":\"admin\",\"createTime\":\"2022-09-26 09:17:52\",\"updateBy\":\"admin\",\"updateTime\":\"2022-09-26 09:17:52\",\"params\":{},\"parentName\":null,\"parentId\":5,\"children\":[],\"menuId\":\"1574206588866998274\",\"menuName\":\"测试菜单1\",\"orderNum\":3,\"path\":\"/////\",\"component\":null,\"queryParam\":null,\"isFrame\":\"1\",\"isCache\":\"0\",\"menuType\":\"M\",\"visible\":\"0\",\"status\":\"0\",\"icon\":\"404\",\"remark\":null}', '{\"code\":200,\"msg\":\"操作成功\",\"data\":null}', 0, '', '2022-09-26 09:17:53');
INSERT INTO `sys_oper_log` VALUES (1574206638821158914, '菜单管理', 1, 'com.erahub.system.controller.SysMenuController.add()', 'POST', 1, 'admin', '', '/menu', '180.101.128.240', '', '{\"searchValue\":null,\"createBy\":\"admin\",\"createTime\":\"2022-09-26 09:18:04\",\"updateBy\":\"admin\",\"updateTime\":\"2022-09-26 09:18:04\",\"params\":{},\"parentName\":null,\"parentId\":\"1574206588866998274\",\"children\":[],\"menuId\":\"1574206638720495617\",\"menuName\":\"测试菜单2\",\"orderNum\":1,\"path\":\"测试菜单\",\"component\":null,\"queryParam\":null,\"isFrame\":\"1\",\"isCache\":\"0\",\"menuType\":\"M\",\"visible\":\"0\",\"status\":\"0\",\"icon\":\"bug\",\"remark\":null}', '{\"code\":200,\"msg\":\"操作成功\",\"data\":null}', 0, '', '2022-09-26 09:18:05');
INSERT INTO `sys_oper_log` VALUES (1574206696861937666, '菜单管理', 1, 'com.erahub.system.controller.SysMenuController.add()', 'POST', 1, 'admin', '', '/menu', '180.101.128.240', '', '{\"searchValue\":null,\"createBy\":\"admin\",\"createTime\":\"2022-09-26 09:18:18\",\"updateBy\":\"admin\",\"updateTime\":\"2022-09-26 09:18:18\",\"params\":{},\"parentName\":null,\"parentId\":\"1574206638720495617\",\"children\":[],\"menuId\":\"1574206696736108546\",\"menuName\":\"测试菜单3\",\"orderNum\":1,\"path\":\"测试菜单\",\"component\":null,\"queryParam\":null,\"isFrame\":\"1\",\"isCache\":\"0\",\"menuType\":\"M\",\"visible\":\"0\",\"status\":\"0\",\"icon\":\"cascader\",\"remark\":null}', '{\"code\":200,\"msg\":\"操作成功\",\"data\":null}', 0, '', '2022-09-26 09:18:19');
INSERT INTO `sys_oper_log` VALUES (1574225263879729154, '角色管理', 2, 'com.erahub.system.controller.SysRoleController.dataScope()', 'PUT', 1, 'admin', '', '/role/dataScope', '180.101.128.240', '', '{\"searchValue\":null,\"createBy\":\"admin\",\"createTime\":\"2022-09-12 16:43:29\",\"updateBy\":\"admin\",\"updateTime\":\"2022-09-26 10:32:05\",\"params\":{},\"roleId\":\"1569245300584591362\",\"roleName\":\"test01\",\"roleKey\":\"test01\",\"roleSort\":3,\"dataScope\":\"1\",\"menuCheckStrictly\":true,\"deptCheckStrictly\":true,\"status\":\"0\",\"delFlag\":\"0\",\"remark\":null,\"flag\":false,\"menuIds\":null,\"deptIds\":[],\"admin\":false}', '{\"code\":200,\"msg\":\"操作成功\",\"data\":null}', 0, '', '2022-09-26 10:32:05');
INSERT INTO `sys_oper_log` VALUES (1574225592750911489, '用户头像', 2, 'com.erahub.system.controller.SysProfileController.avatar()', 'POST', 1, 'test01', '', '/user/profile/avatar', '180.101.128.240', '', '', '{\"code\":200,\"msg\":\"操作成功\",\"data\":{\"imgUrl\":\"http://47.92.112.236:9000/erahub/2022/09/26/e1665519b9644241a3213ce373fdc690.jpg\"}}', 0, '', '2022-09-26 10:33:24');
INSERT INTO `sys_oper_log` VALUES (1574226785808101378, '用户头像', 2, 'com.erahub.system.controller.SysProfileController.avatar()', 'POST', 1, 'test01', '', '/user/profile/avatar', '180.101.128.240', '', '', '{\"code\":200,\"msg\":\"操作成功\",\"data\":{\"imgUrl\":\"http://47.92.112.236:9000/erahub/2022/09/26/1f99b455f93f4fd9af4b7cf1ac1d8de8.jpg\"}}', 0, '', '2022-09-26 10:38:08');
INSERT INTO `sys_oper_log` VALUES (1574226948270272514, 'OSS对象存储', 3, 'com.erahub.resource.controller.SysOssController.remove()', 'DELETE', 1, 'admin', '', '/oss/1574225586543341570', '180.101.128.240', '', '', '{\"code\":200,\"msg\":\"操作成功\",\"data\":null}', 0, '', '2022-09-26 10:38:47');
INSERT INTO `sys_oper_log` VALUES (1574227193142128641, '参数管理', 2, 'com.erahub.system.controller.SysConfigController.updateByKey()', 'PUT', 1, 'admin', '', '/config/updateByKey', '180.101.128.240', '', '{\"searchValue\":null,\"createBy\":null,\"createTime\":null,\"updateBy\":\"admin\",\"updateTime\":\"2022-09-26 10:39:45\",\"params\":{},\"configId\":null,\"configName\":null,\"configKey\":\"sys.oss.previewListResource\",\"configValue\":\"false\",\"configType\":null,\"remark\":null}', '{\"code\":200,\"msg\":\"操作成功\",\"data\":null}', 0, '', '2022-09-26 10:39:45');
INSERT INTO `sys_oper_log` VALUES (1574227225027227649, '参数管理', 2, 'com.erahub.system.controller.SysConfigController.updateByKey()', 'PUT', 1, 'admin', '', '/config/updateByKey', '180.101.128.240', '', '{\"searchValue\":null,\"createBy\":null,\"createTime\":null,\"updateBy\":\"admin\",\"updateTime\":\"2022-09-26 10:39:52\",\"params\":{},\"configId\":null,\"configName\":null,\"configKey\":\"sys.oss.previewListResource\",\"configValue\":\"true\",\"configType\":null,\"remark\":null}', '{\"code\":200,\"msg\":\"操作成功\",\"data\":null}', 0, '', '2022-09-26 10:39:53');
INSERT INTO `sys_oper_log` VALUES (1574228638948077569, '代码生成', 6, 'com.erahub.gen.controller.GenController.importTableSave()', 'POST', 1, 'admin', '', '/gen/importTable', '180.101.128.240', '', '\"sys_role\"', '{\"code\":200,\"msg\":\"操作成功\",\"data\":null}', 0, '', '2022-09-26 10:45:30');
INSERT INTO `sys_oper_log` VALUES (1574228654555082753, '代码生成', 8, 'com.erahub.gen.controller.GenController.batchGenCode()', 'GET', 1, 'admin', '', '/gen/batchGenCode', '180.101.128.240', '', '', '', 0, '', '2022-09-26 10:45:34');
INSERT INTO `sys_oper_log` VALUES (1574228681167941633, '代码生成', 3, 'com.erahub.gen.controller.GenController.remove()', 'DELETE', 1, 'admin', '', '/gen/1574228638012747778', '180.101.128.240', '', '', '{\"code\":200,\"msg\":\"操作成功\",\"data\":null}', 0, '', '2022-09-26 10:45:40');
INSERT INTO `sys_oper_log` VALUES (1574229172748759042, '代码生成', 6, 'com.erahub.gen.controller.GenController.importTableSave()', 'POST', 1, 'admin', '', '/gen/importTable', '180.101.128.240', '', '\"sys_user\"', '{\"code\":200,\"msg\":\"操作成功\",\"data\":null}', 0, '', '2022-09-26 10:47:37');
INSERT INTO `sys_oper_log` VALUES (1574229605064060929, '代码生成', 2, 'com.erahub.gen.controller.GenController.editSave()', 'PUT', 1, 'admin', '', '/gen', '180.101.128.240', '', '{\"searchValue\":null,\"createBy\":null,\"createTime\":null,\"updateBy\":\"admin\",\"updateTime\":\"2022-09-26 10:49:20\",\"params\":{\"treeCode\":null,\"treeName\":null,\"treeParentCode\":null,\"parentMenuId\":5},\"tableId\":\"1574229171989590017\",\"tableName\":\"sys_user\",\"tableComment\":\"用户信息表\",\"subTableName\":null,\"subTableFkName\":null,\"className\":\"SysUser\",\"tplCategory\":\"crud\",\"packageName\":\"com.erahub.cr\",\"moduleName\":\"cr\",\"businessName\":\"cr\",\"functionName\":\"财务\",\"functionAuthor\":\"erahub\",\"genType\":\"0\",\"genPath\":\"/\",\"pkColumn\":null,\"subTable\":null,\"columns\":[{\"searchValue\":null,\"createBy\":\"admin\",\"createTime\":\"2022-09-26 10:47:37\",\"updateBy\":\"admin\",\"updateTime\":\"2022-09-26 10:49:20\",\"params\":{},\"columnId\":\"1574229172060893186\",\"tableId\":\"1574229171989590017\",\"columnName\":\"user_id\",\"columnComment\":\"用户ID\",\"columnType\":\"bigint\",\"javaType\":\"Long\",\"javaField\":\"userId\",\"isPk\":\"1\",\"isIncrement\":\"0\",\"isRequired\":\"1\",\"isInsert\":null,\"isEdit\":\"1\",\"isList\":\"1\",\"isQuery\":null,\"queryType\":\"EQ\",\"htmlType\":\"input\",\"dictType\":\"\",\"sort\":1,\"capJavaField\":\"UserId\",\"pk\":true,\"increment\":false,\"required\":true,\"insert\":false,\"edit\":true,\"list\":true,\"query\":false,\"superColumn\":false,\"usableColumn\":false},{\"searchValue\":null,\"createBy\":\"admin\",\"createTime\":\"2022-09-26 10:47:37\",\"updateBy\":\"admin\",\"updateTime\":\"2022-09-26 10:49:20\",\"params\":{},\"columnId\":\"1574229172081864706\",\"tableId\":\"1574229171989590017\",\"columnName\":\"dept_id\",\"columnComment\":\"部门ID\",\"columnType\":\"bigint\",\"javaType\":\"Long\",\"javaField\":\"deptId\",\"isPk\":\"0\",\"isIncrement\":\"0\",\"isRequired\":\"1\",\"isInsert\":\"1\",\"isEdit\":\"1\",\"isList\":\"1\",\"isQuery\":\"1\",\"queryType\":\"EQ\",\"htmlType\":\"input\",\"dictType\":\"\",\"sort\":2,\"capJavaField\":\"DeptId\",\"pk\":false,\"increment\":false,\"required\":true,\"insert\":true,\"edit\":true,\"list\":true,\"query\":true,\"superColumn\":false,\"usableColumn\":false},{\"searchValue\":null,\"createBy\":\"admin\",\"createTime\":\"2022-09-26 10:47:37\",\"updateBy\":\"admin\",\"updateTime\":\"2022-09-26 10:49:20\",\"params\":{},\"columnId\":\"1574229172098641922\",\"tableId\":\"1574229', '{\"code\":200,\"msg\":\"操作成功\",\"data\":null}', 0, '', '2022-09-26 10:49:20');
INSERT INTO `sys_oper_log` VALUES (1574229623971983361, '代码生成', 8, 'com.erahub.gen.controller.GenController.batchGenCode()', 'GET', 1, 'admin', '', '/gen/batchGenCode', '180.101.128.240', '', '', '', 0, '', '2022-09-26 10:49:25');
INSERT INTO `sys_oper_log` VALUES (1574235692186152961, '用户管理', 5, 'com.erahub.system.controller.SysUserController.export()', 'POST', 1, 'admin', '', '/user/export', '180.101.128.240', '', '{\"searchValue\":null,\"createBy\":null,\"createTime\":null,\"updateBy\":null,\"updateTime\":null,\"params\":{},\"userId\":null,\"deptId\":null,\"userName\":null,\"nickName\":null,\"userType\":null,\"email\":null,\"phonenumber\":null,\"sex\":null,\"avatar\":null,\"status\":null,\"delFlag\":null,\"loginIp\":null,\"loginDate\":null,\"remark\":null,\"dept\":null,\"roles\":null,\"roleIds\":null,\"postIds\":null,\"roleId\":null,\"admin\":false}', '', 0, '', '2022-09-26 11:13:32');
INSERT INTO `sys_oper_log` VALUES (1574281979325526018, '个人信息', 2, 'com.erahub.system.controller.SysProfileController.updatePwd()', 'PUT', 1, 'admin', '', '/user/profile/updatePwd', '180.101.128.240', '', '\"sdfsdfdsf\" \"123456\"', '{\"code\":500,\"msg\":\"修改密码失败，旧密码错误\",\"data\":null}', 0, '', '2022-09-26 14:17:27');
INSERT INTO `sys_oper_log` VALUES (1574282127728390145, '用户管理', 2, 'com.erahub.system.controller.SysUserController.edit()', 'PUT', 1, 'admin', '', '/user', '180.101.128.240', '', '{\"searchValue\":null,\"createBy\":\"admin\",\"createTime\":\"2022-09-10 17:10:48\",\"updateBy\":null,\"updateTime\":null,\"params\":{},\"userId\":1,\"deptId\":100,\"userName\":\"admin\",\"nickName\":\"erahub\",\"userType\":\"sys_user\",\"email\":\"123456@163.com\",\"phonenumber\":\"13999999999\",\"sex\":\"0\",\"avatar\":\"http://47.92.112.236:9000/erahub/2022/09/17/87978255fd1440b1a77d7a7d9f2cfbde.jpg\",\"status\":\"0\",\"delFlag\":\"0\",\"loginIp\":\"127.0.0.1\",\"loginDate\":\"2022-09-10 17:10:48\",\"remark\":\"管理员\",\"dept\":{\"searchValue\":null,\"createBy\":null,\"createTime\":null,\"updateBy\":null,\"updateTime\":null,\"params\":{},\"parentName\":null,\"parentId\":101,\"children\":[],\"deptId\":103,\"deptName\":\"研发部门\",\"orderNum\":1,\"leader\":\"erahub\",\"phone\":null,\"email\":null,\"status\":\"0\",\"delFlag\":null,\"ancestors\":\"0,100,101\"},\"roles\":[{\"searchValue\":null,\"createBy\":null,\"createTime\":null,\"updateBy\":null,\"updateTime\":null,\"params\":{},\"roleId\":1,\"roleName\":\"超级管理员\",\"roleKey\":\"admin\",\"roleSort\":1,\"dataScope\":\"1\",\"menuCheckStrictly\":null,\"deptCheckStrictly\":null,\"status\":\"0\",\"delFlag\":null,\"remark\":null,\"flag\":false,\"menuIds\":null,\"deptIds\":null,\"admin\":true}],\"roleIds\":[1],\"postIds\":[1],\"roleId\":null,\"admin\":true}', '', 1, '不允许操作超级管理员用户', '2022-09-26 14:18:03');
INSERT INTO `sys_oper_log` VALUES (1574282183198060546, '用户管理', 3, 'com.erahub.system.controller.SysUserController.remove()', 'DELETE', 1, 'admin', '', '/user/1', '180.101.128.240', '', '', '{\"code\":500,\"msg\":\"当前用户不能删除\",\"data\":null}', 0, '', '2022-09-26 14:18:16');
INSERT INTO `sys_oper_log` VALUES (1574282456289193986, '部门管理', 1, 'com.erahub.system.controller.SysDeptController.add()', 'POST', 1, 'admin', '', '/dept', '180.101.128.240', '', '{\"searchValue\":null,\"createBy\":\"admin\",\"createTime\":\"2022-09-26 14:19:20\",\"updateBy\":\"admin\",\"updateTime\":\"2022-09-26 14:19:20\",\"params\":{},\"parentName\":null,\"parentId\":\"1571078717323554817\",\"children\":[],\"deptId\":\"1574282456201113601\",\"deptName\":\"测试部门B\",\"orderNum\":1,\"leader\":null,\"phone\":null,\"email\":null,\"status\":\"0\",\"delFlag\":null,\"ancestors\":\"0,100,101,105,1571078717323554817\"}', '{\"code\":200,\"msg\":\"操作成功\",\"data\":null}', 0, '', '2022-09-26 14:19:21');
INSERT INTO `sys_oper_log` VALUES (1574282486240718850, '部门管理', 1, 'com.erahub.system.controller.SysDeptController.add()', 'POST', 1, 'admin', '', '/dept', '180.101.128.240', '', '{\"searchValue\":null,\"createBy\":\"admin\",\"createTime\":\"2022-09-26 14:19:28\",\"updateBy\":\"admin\",\"updateTime\":\"2022-09-26 14:19:28\",\"params\":{},\"parentName\":null,\"parentId\":\"1574282456201113601\",\"children\":[],\"deptId\":\"1574282486169415681\",\"deptName\":\"测试部门C\",\"orderNum\":1,\"leader\":null,\"phone\":null,\"email\":null,\"status\":\"0\",\"delFlag\":null,\"ancestors\":\"0,100,101,105,1571078717323554817,1574282456201113601\"}', '{\"code\":200,\"msg\":\"操作成功\",\"data\":null}', 0, '', '2022-09-26 14:19:28');
INSERT INTO `sys_oper_log` VALUES (1574282516523593729, '部门管理', 1, 'com.erahub.system.controller.SysDeptController.add()', 'POST', 1, 'admin', '', '/dept', '180.101.128.240', '', '{\"searchValue\":null,\"createBy\":\"admin\",\"createTime\":\"2022-09-26 14:19:35\",\"updateBy\":\"admin\",\"updateTime\":\"2022-09-26 14:19:35\",\"params\":{},\"parentName\":null,\"parentId\":\"1574282486169415681\",\"children\":[],\"deptId\":\"1574282516406153217\",\"deptName\":\"测试部门D\",\"orderNum\":1,\"leader\":null,\"phone\":null,\"email\":null,\"status\":\"0\",\"delFlag\":null,\"ancestors\":\"0,100,101,105,1571078717323554817,1574282456201113601,1574282486169415681\"}', '{\"code\":200,\"msg\":\"操作成功\",\"data\":null}', 0, '', '2022-09-26 14:19:35');
INSERT INTO `sys_oper_log` VALUES (1574282653627002881, '部门管理', 1, 'com.erahub.system.controller.SysDeptController.add()', 'POST', 1, 'admin', '', '/dept', '180.101.128.240', '', '{\"searchValue\":null,\"createBy\":\"admin\",\"createTime\":\"2022-09-26 14:20:08\",\"updateBy\":\"admin\",\"updateTime\":\"2022-09-26 14:20:08\",\"params\":{},\"parentName\":null,\"parentId\":\"1574282516406153217\",\"children\":[],\"deptId\":\"1574282653543116802\",\"deptName\":\"测试部门E\",\"orderNum\":1,\"leader\":null,\"phone\":null,\"email\":null,\"status\":\"0\",\"delFlag\":null,\"ancestors\":\"0,100,101,105,1571078717323554817,1574282456201113601,1574282486169415681,1574282516406153217\"}', '{\"code\":200,\"msg\":\"操作成功\",\"data\":null}', 0, '', '2022-09-26 14:20:08');
INSERT INTO `sys_oper_log` VALUES (1574282681670119426, '部门管理', 1, 'com.erahub.system.controller.SysDeptController.add()', 'POST', 1, 'admin', '', '/dept', '180.101.128.240', '', '{\"searchValue\":null,\"createBy\":\"admin\",\"createTime\":\"2022-09-26 14:20:14\",\"updateBy\":\"admin\",\"updateTime\":\"2022-09-26 14:20:14\",\"params\":{},\"parentName\":null,\"parentId\":\"1574282653543116802\",\"children\":[],\"deptId\":\"1574282681611399170\",\"deptName\":\"测试部门F\",\"orderNum\":1,\"leader\":null,\"phone\":null,\"email\":null,\"status\":\"0\",\"delFlag\":null,\"ancestors\":\"0,100,101,105,1571078717323554817,1574282456201113601,1574282486169415681,1574282516406153217,1574282653543116802\"}', '{\"code\":200,\"msg\":\"操作成功\",\"data\":null}', 0, '', '2022-09-26 14:20:15');
INSERT INTO `sys_oper_log` VALUES (1574282704520687617, '部门管理', 1, 'com.erahub.system.controller.SysDeptController.add()', 'POST', 1, 'admin', '', '/dept', '180.101.128.240', '', '{\"searchValue\":null,\"createBy\":\"admin\",\"createTime\":\"2022-09-26 14:20:20\",\"updateBy\":\"admin\",\"updateTime\":\"2022-09-26 14:20:20\",\"params\":{},\"parentName\":null,\"parentId\":\"1574282681611399170\",\"children\":[],\"deptId\":\"1574282704453578754\",\"deptName\":\"测试部门G\",\"orderNum\":1,\"leader\":null,\"phone\":null,\"email\":null,\"status\":\"0\",\"delFlag\":null,\"ancestors\":\"0,100,101,105,1571078717323554817,1574282456201113601,1574282486169415681,1574282516406153217,1574282653543116802,1574282681611399170\"}', '{\"code\":200,\"msg\":\"操作成功\",\"data\":null}', 0, '', '2022-09-26 14:20:20');
INSERT INTO `sys_oper_log` VALUES (1574282842928525314, '部门管理', 1, 'com.erahub.system.controller.SysDeptController.add()', 'POST', 1, 'admin', '', '/dept', '180.101.128.240', '', '{\"searchValue\":null,\"createBy\":\"admin\",\"createTime\":\"2022-09-26 14:20:53\",\"updateBy\":\"admin\",\"updateTime\":\"2022-09-26 14:20:53\",\"params\":{},\"parentName\":null,\"parentId\":\"1574282704453578754\",\"children\":[],\"deptId\":\"1574282842853027842\",\"deptName\":\"测试部门H\",\"orderNum\":1,\"leader\":null,\"phone\":null,\"email\":null,\"status\":\"0\",\"delFlag\":null,\"ancestors\":\"0,100,101,105,1571078717323554817,1574282456201113601,1574282486169415681,1574282516406153217,1574282653543116802,1574282681611399170,1574282704453578754\"}', '{\"code\":200,\"msg\":\"操作成功\",\"data\":null}', 0, '', '2022-09-26 14:20:53');
INSERT INTO `sys_oper_log` VALUES (1574282937291976706, '部门管理', 3, 'com.erahub.system.controller.SysDeptController.remove()', 'DELETE', 1, 'admin', '', '/dept/1574282842853027842', '180.101.128.240', '', '', '{\"code\":200,\"msg\":\"操作成功\",\"data\":null}', 0, '', '2022-09-26 14:21:16');
INSERT INTO `sys_oper_log` VALUES (1574291628758085634, '代码生成', 6, 'com.erahub.gen.controller.GenController.importTableSave()', 'POST', 1, 'admin', '', '/gen/importTable', '180.101.128.240', '', '\"sys_dict_type,sys_dict_data\"', '{\"code\":200,\"msg\":\"操作成功\",\"data\":null}', 0, '', '2022-09-26 14:55:48');
INSERT INTO `sys_oper_log` VALUES (1574646658128359425, '在线用户', 7, 'com.erahub.system.controller.SysUserOnlineController.forceLogout()', 'DELETE', 1, 'admin', '', '/online/eyJ0eXAiOiJKV1QiLCJhbGciOiJIUzI1NiJ9.eyJsb2dpblR5cGUiOiJsb2dpbiIsImxvZ2luSWQiOiJzeXNfdXNlcjoxIiwicm5TdHIiOiJHYTNtaDdQUTdzdjVWdWJiY2Y1b3BJM2N6dGRnNXlxMCJ9.M8xYVYAJl7TmFkLgDta8zi0NIWu8p3veHhd9ui5ypp8', '180.101.128.240', '', '', '{\"code\":200,\"msg\":\"操作成功\",\"data\":null}', 0, '', '2022-09-27 14:26:33');
INSERT INTO `sys_oper_log` VALUES (1574646910096977921, '在线用户', 7, 'com.erahub.system.controller.SysUserOnlineController.forceLogout()', 'DELETE', 1, 'admin', '', '/online/eyJ0eXAiOiJKV1QiLCJhbGciOiJIUzI1NiJ9.eyJsb2dpblR5cGUiOiJsb2dpbiIsImxvZ2luSWQiOiJzeXNfdXNlcjoxIiwicm5TdHIiOiJjdm04M3dIRDhvclh5bHN0WjhhQ1pLRERxY3FPWFUyUCJ9.IhvKwrKR3QUqRQ8qRe8Wrt71-qxtOfdK_CtowMfXbAQ', '180.101.128.240', '', '', '{\"code\":200,\"msg\":\"操作成功\",\"data\":null}', 0, '', '2022-09-27 14:27:34');
INSERT INTO `sys_oper_log` VALUES (1574650417885687809, '参数管理', 2, 'com.erahub.system.controller.SysConfigController.updateByKey()', 'PUT', 1, 'admin', '', '/config/updateByKey', '180.101.128.240', '', '{\"searchValue\":null,\"createBy\":null,\"createTime\":null,\"updateBy\":\"admin\",\"updateTime\":\"2022-09-27 14:41:29\",\"params\":{},\"configId\":null,\"configName\":null,\"configKey\":\"sys.oss.previewListResource\",\"configValue\":\"false\",\"configType\":null,\"remark\":null}', '{\"code\":200,\"msg\":\"操作成功\",\"data\":null}', 0, '', '2022-09-27 14:41:30');
INSERT INTO `sys_oper_log` VALUES (1574650440807559169, '参数管理', 2, 'com.erahub.system.controller.SysConfigController.updateByKey()', 'PUT', 1, 'admin', '', '/config/updateByKey', '180.101.128.240', '', '{\"searchValue\":null,\"createBy\":null,\"createTime\":null,\"updateBy\":\"admin\",\"updateTime\":\"2022-09-27 14:41:35\",\"params\":{},\"configId\":null,\"configName\":null,\"configKey\":\"sys.oss.previewListResource\",\"configValue\":\"true\",\"configType\":null,\"remark\":null}', '{\"code\":200,\"msg\":\"操作成功\",\"data\":null}', 0, '', '2022-09-27 14:41:35');
INSERT INTO `sys_oper_log` VALUES (1575426675440238593, '对象存储配置', 2, 'com.erahub.resource.controller.SysOssConfigController.edit()', 'PUT', 1, 'admin', '', '/oss/config', '127.0.0.1', '', '{\"searchValue\":null,\"createBy\":null,\"createTime\":null,\"updateBy\":null,\"updateTime\":null,\"params\":{},\"ossConfigId\":1,\"configKey\":\"minio\",\"accessKey\":\"erahub\",\"secretKey\":\"123456\",\"bucketName\":\"erahub\",\"prefix\":\"\",\"endpoint\":\"127.0.0.1:9000\",\"domain\":\"\",\"isHttps\":\"N\",\"status\":\"0\",\"region\":\"\",\"ext1\":\"\",\"remark\":\"\"}', '{\"code\":200,\"msg\":\"操作成功\",\"data\":null}', 0, '', '2022-09-29 18:06:04');
INSERT INTO `sys_oper_log` VALUES (1575426851714252802, '菜单管理', 2, 'com.erahub.system.controller.SysMenuController.edit()', 'PUT', 1, 'admin', '', '/menu', '127.0.0.1', '', '{\"searchValue\":null,\"createBy\":\"admin\",\"createTime\":\"2022-09-10 17:10:48\",\"updateBy\":\"admin\",\"updateTime\":\"2022-09-29 18:06:46\",\"params\":{},\"parentName\":null,\"parentId\":2,\"children\":[],\"menuId\":112,\"menuName\":\"Nacos\",\"orderNum\":8,\"path\":\"http://127.0.0.1:8848/nacos\",\"component\":\"\",\"queryParam\":\"\",\"isFrame\":\"0\",\"isCache\":\"0\",\"menuType\":\"C\",\"visible\":\"0\",\"status\":\"0\",\"perms\":\"monitor:nacos:list\",\"icon\":\"nacos\",\"remark\":\"服务治理菜单\"}', '{\"code\":200,\"msg\":\"操作成功\",\"data\":null}', 0, '', '2022-09-29 18:06:46');
INSERT INTO `sys_oper_log` VALUES (1575426887797850113, '菜单管理', 2, 'com.erahub.system.controller.SysMenuController.edit()', 'PUT', 1, 'admin', '', '/menu', '127.0.0.1', '', '{\"searchValue\":null,\"createBy\":\"admin\",\"createTime\":\"2022-09-16 20:55:13\",\"updateBy\":\"admin\",\"updateTime\":\"2022-09-29 18:06:54\",\"params\":{},\"parentName\":null,\"parentId\":2,\"children\":[],\"menuId\":\"1570758202780676098\",\"menuName\":\"Minio\",\"orderNum\":9,\"path\":\"http://127.0.0.1:9000\",\"component\":\"\",\"queryParam\":null,\"isFrame\":\"0\",\"isCache\":\"0\",\"menuType\":\"C\",\"visible\":\"0\",\"status\":\"0\",\"perms\":\"monitor:minio:list\",\"icon\":\"upload\",\"remark\":\"\"}', '{\"code\":200,\"msg\":\"操作成功\",\"data\":null}', 0, '', '2022-09-29 18:06:55');
INSERT INTO `sys_oper_log` VALUES (1575426925835993089, '菜单管理', 2, 'com.erahub.system.controller.SysMenuController.edit()', 'PUT', 1, 'admin', '', '/menu', '127.0.0.1', '', '{\"searchValue\":null,\"createBy\":\"admin\",\"createTime\":\"2022-09-21 09:14:33\",\"updateBy\":\"admin\",\"updateTime\":\"2022-09-29 18:07:03\",\"params\":{},\"parentName\":null,\"parentId\":2,\"children\":[],\"menuId\":\"1572393811995209730\",\"menuName\":\"Seata\",\"orderNum\":10,\"path\":\"http://127.0.0.1:7091\",\"component\":null,\"queryParam\":null,\"isFrame\":\"0\",\"isCache\":\"0\",\"menuType\":\"C\",\"visible\":\"0\",\"status\":\"0\",\"perms\":\"monitor:seata:list\",\"icon\":\"tool\",\"remark\":\"\"}', '{\"code\":200,\"msg\":\"操作成功\",\"data\":null}', 0, '', '2022-09-29 18:07:04');
INSERT INTO `sys_oper_log` VALUES (1575427277901676546, '对象存储配置', 2, 'com.erahub.resource.controller.SysOssConfigController.edit()', 'PUT', 1, 'admin', '', '/oss/config', '127.0.0.1', '', '{\"searchValue\":null,\"createBy\":null,\"createTime\":null,\"updateBy\":null,\"updateTime\":null,\"params\":{},\"ossConfigId\":1,\"configKey\":\"minio\",\"accessKey\":\"minioadmin\",\"secretKey\":\"minioadmin\",\"bucketName\":\"erahub\",\"prefix\":\"\",\"endpoint\":\"127.0.0.1:9000\",\"domain\":\"\",\"isHttps\":\"N\",\"status\":\"0\",\"region\":\"\",\"ext1\":\"\",\"remark\":\"\"}', '{\"code\":200,\"msg\":\"操作成功\",\"data\":null}', 0, '', '2022-09-29 18:08:28');
INSERT INTO `sys_oper_log` VALUES (1575427308314574849, 'OSS对象存储', 3, 'com.erahub.resource.controller.SysOssController.remove()', 'DELETE', 1, 'admin', '', '/oss/1574226785137012738', '127.0.0.1', '', '', '{\"code\":200,\"msg\":\"操作成功\",\"data\":null}', 0, '', '2022-09-29 18:08:35');
INSERT INTO `sys_oper_log` VALUES (1575427327285411842, 'OSS对象存储', 3, 'com.erahub.resource.controller.SysOssController.remove()', 'DELETE', 1, 'admin', '', '/oss/1570955696864702465,1570968744979542018,1573259579267952642,1573481405747245057', '127.0.0.1', '', '', '{\"code\":200,\"msg\":\"操作成功\",\"data\":null}', 0, '', '2022-09-29 18:08:40');
INSERT INTO `sys_oper_log` VALUES (1575427406360625153, '用户头像', 2, 'com.erahub.system.controller.SysProfileController.avatar()', 'POST', 1, 'admin', '', '/user/profile/avatar', '127.0.0.1', '', '', '{\"code\":500,\"msg\":\"文件格式不正确，请上传[bmp, gif, jpg, jpeg, png]格式\",\"data\":null}', 0, '', '2022-09-29 18:08:58');
INSERT INTO `sys_oper_log` VALUES (1575427557032607746, '用户头像', 2, 'com.erahub.system.controller.SysProfileController.avatar()', 'POST', 1, 'admin', '', '/user/profile/avatar', '127.0.0.1', '', '', '{\"code\":200,\"msg\":\"操作成功\",\"data\":{\"imgUrl\":\"http://127.0.0.1:9000/erahub/2022/09/29/9c94c43b91f547e4b9289660006043b9.jpg\"}}', 0, '', '2022-09-29 18:09:34');
INSERT INTO `sys_oper_log` VALUES (1575427586577285121, '参数管理', 2, 'com.erahub.system.controller.SysConfigController.updateByKey()', 'PUT', 1, 'admin', '', '/config/updateByKey', '127.0.0.1', '', '{\"searchValue\":null,\"createBy\":null,\"createTime\":null,\"updateBy\":\"admin\",\"updateTime\":\"2022-09-29 18:09:41\",\"params\":{},\"configId\":null,\"configName\":null,\"configKey\":\"sys.oss.previewListResource\",\"configValue\":\"false\",\"configType\":null,\"remark\":null}', '{\"code\":200,\"msg\":\"操作成功\",\"data\":null}', 0, '', '2022-09-29 18:09:41');
INSERT INTO `sys_oper_log` VALUES (1575427592776466434, '参数管理', 2, 'com.erahub.system.controller.SysConfigController.updateByKey()', 'PUT', 1, 'admin', '', '/config/updateByKey', '127.0.0.1', '', '{\"searchValue\":null,\"createBy\":null,\"createTime\":null,\"updateBy\":\"admin\",\"updateTime\":\"2022-09-29 18:09:42\",\"params\":{},\"configId\":null,\"configName\":null,\"configKey\":\"sys.oss.previewListResource\",\"configValue\":\"true\",\"configType\":null,\"remark\":null}', '{\"code\":200,\"msg\":\"操作成功\",\"data\":null}', 0, '', '2022-09-29 18:09:43');
INSERT INTO `sys_oper_log` VALUES (1575810289004949506, 'OSS对象存储', 1, 'com.erahub.resource.controller.SysOssController.upload()', 'POST', 1, 'admin', '', '/oss/upload', '127.0.0.1', '', '', '{\"code\":200,\"msg\":\"操作成功\",\"data\":{\"ossId\":\"1575810288300298241\",\"url\":\"http://127.0.0.1:9000/erahub/2022/09/30/b4be593f13d84d43ae0a83f7d3435d27.jpg\",\"fileName\":\"Screenshot_20181106-093627.jpg\"},\"error\":false,\"success\":true}', 0, '', '2022-09-30 19:30:25');
INSERT INTO `sys_oper_log` VALUES (1575819289033424897, 'OSS对象存储', 1, 'com.erahub.resource.controller.SysOssController.upload()', 'POST', 1, 'admin', '', '/oss/upload', '127.0.0.1', '', '', '{\"code\":200,\"msg\":\"操作成功\",\"data\":{\"ossId\":\"1575819181520818177\",\"url\":\"http://127.0.0.1:9000/erahub/2022/09/30/06863a1e95fa41beb77433e0a9a5a617.png\",\"fileName\":\"2b62583abc3ba593.png\"},\"error\":false,\"success\":true}', 0, '', '2022-09-30 20:06:10');
INSERT INTO `sys_oper_log` VALUES (1575819289033424898, 'OSS对象存储', 1, 'com.erahub.resource.controller.SysOssController.upload()', 'POST', 1, 'admin', '', '/oss/upload', '127.0.0.1', '', '', '{\"code\":200,\"msg\":\"操作成功\",\"data\":{\"ossId\":\"1575819181520818177\",\"url\":\"http://127.0.0.1:9000/erahub/2022/09/30/06863a1e95fa41beb77433e0a9a5a617.png\",\"fileName\":\"2b62583abc3ba593.png\"},\"error\":false,\"success\":true}', 0, '', '2022-09-30 20:06:10');
INSERT INTO `sys_oper_log` VALUES (1575819289054396417, 'OSS对象存储', 1, 'com.erahub.resource.controller.SysOssController.upload()', 'POST', 1, 'admin', '', '/oss/upload', '127.0.0.1', '', '', '{\"code\":200,\"msg\":\"操作成功\",\"data\":{\"ossId\":\"1575819181520818177\",\"url\":\"http://127.0.0.1:9000/erahub/2022/09/30/06863a1e95fa41beb77433e0a9a5a617.png\",\"fileName\":\"2b62583abc3ba593.png\"},\"error\":false,\"success\":true}', 0, '', '2022-09-30 20:06:10');
INSERT INTO `sys_oper_log` VALUES (1575819902639128577, 'OSS对象存储', 3, 'com.erahub.resource.controller.SysOssController.remove()', 'DELETE', 1, 'admin', '', '/oss/1575819181520818177', '127.0.0.1', '', '', '{\"code\":200,\"msg\":\"操作成功\",\"data\":null,\"error\":false,\"success\":true}', 0, '', '2022-09-30 20:08:37');
INSERT INTO `sys_oper_log` VALUES (1575819936407470081, 'OSS对象存储', 3, 'com.erahub.resource.controller.SysOssController.remove()', 'DELETE', 1, 'admin', '', '/oss/1575810288300298241', '127.0.0.1', '', '', '{\"code\":200,\"msg\":\"操作成功\",\"data\":null,\"error\":false,\"success\":true}', 0, '', '2022-09-30 20:08:45');
INSERT INTO `sys_oper_log` VALUES (1575832835582578690, 'OSS对象存储', 1, 'com.erahub.resource.controller.SysOssController.upload()', 'POST', 1, 'admin', '', '/oss/upload', '127.0.0.1', '', '', '{\"code\":200,\"msg\":\"操作成功\",\"data\":{\"ossId\":\"1575832835096027138\",\"url\":\"http://127.0.0.1:9000/erahub/2022/09/30/b3335740b62d4f45807b601817c26799.png\",\"fileName\":\"2b62583abc3ba593.png\"},\"error\":false,\"success\":true}', 0, '', '2022-09-30 21:00:00');
INSERT INTO `sys_oper_log` VALUES (1575838674720632834, '角色管理', 3, 'com.erahub.system.controller.SysRoleController.remove()', 'DELETE', 1, 'admin', '', '/role/1575838078710042626', '127.0.0.1', '', '', '{\"code\":200,\"msg\":\"操作成功\",\"data\":null,\"error\":false,\"success\":true}', 0, '', '2022-09-30 21:23:12');
INSERT INTO `sys_oper_log` VALUES (1575838789405487106, '角色管理', 3, 'com.erahub.system.controller.SysRoleController.remove()', 'DELETE', 1, 'admin', '', '/role/1575836920754982913', '127.0.0.1', '', '', '{\"code\":200,\"msg\":\"操作成功\",\"data\":null,\"error\":false,\"success\":true}', 0, '', '2022-09-30 21:23:40');
INSERT INTO `sys_oper_log` VALUES (1576008218030338050, '角色管理', 2, 'com.erahub.system.controller.SysRoleController.changeStatus()', 'PUT', 1, 'admin', '', '/role/changeStatus', '127.0.0.1', '', '{\"searchValue\":null,\"createBy\":null,\"createTime\":null,\"updateBy\":\"admin\",\"updateTime\":\"2022-10-01 08:36:54\",\"params\":{},\"roleId\":\"1569245300584591362\",\"roleName\":null,\"roleKey\":null,\"roleSort\":null,\"dataScope\":null,\"menuCheckStrictly\":null,\"deptCheckStrictly\":null,\"status\":\"1\",\"delFlag\":null,\"remark\":null,\"flag\":false,\"menuIds\":null,\"deptIds\":null,\"permissions\":null,\"admin\":false}', '{\"code\":200,\"msg\":\"操作成功\",\"data\":null,\"error\":false,\"success\":true}', 0, '', '2022-10-01 08:36:55');
INSERT INTO `sys_oper_log` VALUES (1576008347739189249, '角色管理', 2, 'com.erahub.system.controller.SysRoleController.changeStatus()', 'PUT', 1, 'admin', '', '/role/changeStatus', '127.0.0.1', '', '{\"searchValue\":null,\"createBy\":null,\"createTime\":null,\"updateBy\":\"admin\",\"updateTime\":\"2022-10-01 08:37:25\",\"params\":{},\"roleId\":\"1569245300584591362\",\"roleName\":null,\"roleKey\":null,\"roleSort\":null,\"dataScope\":null,\"menuCheckStrictly\":null,\"deptCheckStrictly\":null,\"status\":\"0\",\"delFlag\":null,\"remark\":null,\"flag\":false,\"menuIds\":null,\"deptIds\":null,\"permissions\":null,\"admin\":false}', '{\"code\":200,\"msg\":\"操作成功\",\"data\":null,\"error\":false,\"success\":true}', 0, '', '2022-10-01 08:37:26');
INSERT INTO `sys_oper_log` VALUES (1576008399446568962, '角色管理', 2, 'com.erahub.system.controller.SysRoleController.changeStatus()', 'PUT', 1, 'admin', '', '/role/changeStatus', '127.0.0.1', '', '{\"searchValue\":null,\"createBy\":null,\"createTime\":null,\"updateBy\":\"admin\",\"updateTime\":\"2022-10-01 08:37:37\",\"params\":{},\"roleId\":\"1569245300584591362\",\"roleName\":null,\"roleKey\":null,\"roleSort\":null,\"dataScope\":null,\"menuCheckStrictly\":null,\"deptCheckStrictly\":null,\"status\":\"1\",\"delFlag\":null,\"remark\":null,\"flag\":false,\"menuIds\":null,\"deptIds\":null,\"permissions\":null,\"admin\":false}', '{\"code\":200,\"msg\":\"操作成功\",\"data\":null,\"error\":false,\"success\":true}', 0, '', '2022-10-01 08:37:38');
INSERT INTO `sys_oper_log` VALUES (1576008413761728514, '角色管理', 2, 'com.erahub.system.controller.SysRoleController.changeStatus()', 'PUT', 1, 'admin', '', '/role/changeStatus', '127.0.0.1', '', '{\"searchValue\":null,\"createBy\":null,\"createTime\":null,\"updateBy\":\"admin\",\"updateTime\":\"2022-10-01 08:37:41\",\"params\":{},\"roleId\":\"1569245300584591362\",\"roleName\":null,\"roleKey\":null,\"roleSort\":null,\"dataScope\":null,\"menuCheckStrictly\":null,\"deptCheckStrictly\":null,\"status\":\"0\",\"delFlag\":null,\"remark\":null,\"flag\":false,\"menuIds\":null,\"deptIds\":null,\"permissions\":null,\"admin\":false}', '{\"code\":200,\"msg\":\"操作成功\",\"data\":null,\"error\":false,\"success\":true}', 0, '', '2022-10-01 08:37:41');
INSERT INTO `sys_oper_log` VALUES (1576008586189565953, 'OSS对象存储', 3, 'com.erahub.resource.controller.SysOssController.remove()', 'DELETE', 1, 'admin', '', '/oss/1575832835096027138', '127.0.0.1', '', '', '{\"code\":200,\"msg\":\"操作成功\",\"data\":null,\"error\":false,\"success\":true}', 0, '', '2022-10-01 08:38:22');
INSERT INTO `sys_oper_log` VALUES (1576011009280942081, 'OSS对象存储', 1, 'com.erahub.resource.controller.SysOssController.upload()', 'POST', 1, 'admin', '', '/oss/upload', '127.0.0.1', '', '', '{\"code\":200,\"msg\":\"操作成功\",\"data\":{\"ossId\":\"1576010023283961857\",\"url\":\"http://127.0.0.1:9000/erahub/2022/10/01/2d51a13b0a1b4362a9580cfa78410c51.png\",\"fileName\":\"2b62583abc3ba593.png\"},\"error\":false,\"success\":true}', 0, '', '2022-10-01 08:48:00');
INSERT INTO `sys_oper_log` VALUES (1576014706626924545, 'OSS对象存储', 1, 'com.erahub.auth.controller.TokenController.login()', 'POST', 1, 'admin', '', '/login', '127.0.0.1', '', '{\"username\":\"admin\"}', '{\"code\":200,\"msg\":\"操作成功\",\"data\":{\"access_token\":\"eyJ0eXAiOiJKV1QiLCJhbGciOiJIUzI1NiJ9.eyJsb2dpblR5cGUiOiJsb2dpbiIsImxvZ2luSWQiOiJzeXNfdXNlcjoxIiwicm5TdHIiOiJTbkFaTHM1ZjkwZ3pHZGtlaGwxcEhVS3JYS1hQc0FhRyJ9.raVSd-BocK7V_1H3jZnIrZX3G3QRG9vmV3omhOc8yuI\"},\"error\":false,\"success\":true}', 0, '', '2022-10-01 09:02:42');
INSERT INTO `sys_oper_log` VALUES (1576016671150845954, 'OSS对象存储', 3, 'com.erahub.resource.controller.SysOssController.remove()', 'DELETE', 1, 'admin', '', '/oss/1576010023283961857', '127.0.0.1', '', '', '{\"code\":200,\"msg\":\"操作成功\",\"data\":null,\"error\":false,\"success\":true}', 0, '', '2022-10-01 09:10:30');
INSERT INTO `sys_oper_log` VALUES (1576017484137091074, '角色管理', 2, 'com.erahub.system.controller.SysRoleController.changeStatus()', 'PUT', 1, 'admin', '', '/role/changeStatus', '127.0.0.1', '', '{\"searchValue\":null,\"createBy\":null,\"createTime\":null,\"updateBy\":\"admin\",\"updateTime\":\"2022-10-01 09:13:43\",\"params\":{},\"roleId\":\"1569245300584591362\",\"roleName\":null,\"roleKey\":null,\"roleSort\":null,\"dataScope\":null,\"menuCheckStrictly\":null,\"deptCheckStrictly\":null,\"status\":\"1\",\"delFlag\":null,\"remark\":null,\"flag\":false,\"menuIds\":null,\"deptIds\":null,\"permissions\":null,\"admin\":false}', '{\"code\":200,\"msg\":\"操作成功\",\"data\":null,\"error\":false,\"success\":true}', 0, '', '2022-10-01 09:13:44');
INSERT INTO `sys_oper_log` VALUES (1576017537572524034, '用户管理', 2, 'com.erahub.system.controller.SysUserController.changeStatus()', 'PUT', 1, 'admin', '', '/user/changeStatus', '127.0.0.1', '', '{\"searchValue\":null,\"createBy\":null,\"createTime\":null,\"updateBy\":\"admin\",\"updateTime\":\"2022-10-01 09:13:56\",\"params\":{},\"userId\":\"1569246527183630337\",\"deptId\":null,\"userName\":null,\"nickName\":null,\"userType\":null,\"email\":null,\"phonenumber\":null,\"sex\":null,\"avatar\":null,\"status\":\"1\",\"delFlag\":null,\"loginIp\":null,\"loginDate\":null,\"remark\":null,\"dept\":null,\"roles\":null,\"roleIds\":null,\"postIds\":null,\"roleId\":null,\"admin\":false}', '{\"code\":200,\"msg\":\"操作成功\",\"data\":null,\"error\":false,\"success\":true}', 0, '', '2022-10-01 09:13:57');
INSERT INTO `sys_oper_log` VALUES (1576017543360663554, '用户管理', 2, 'com.erahub.system.controller.SysUserController.changeStatus()', 'PUT', 1, 'admin', '', '/user/changeStatus', '127.0.0.1', '', '{\"searchValue\":null,\"createBy\":null,\"createTime\":null,\"updateBy\":\"admin\",\"updateTime\":\"2022-10-01 09:13:57\",\"params\":{},\"userId\":\"1569246527183630337\",\"deptId\":null,\"userName\":null,\"nickName\":null,\"userType\":null,\"email\":null,\"phonenumber\":null,\"sex\":null,\"avatar\":null,\"status\":\"0\",\"delFlag\":null,\"loginIp\":null,\"loginDate\":null,\"remark\":null,\"dept\":null,\"roles\":null,\"roleIds\":null,\"postIds\":null,\"roleId\":null,\"admin\":false}', '{\"code\":200,\"msg\":\"操作成功\",\"data\":null,\"error\":false,\"success\":true}', 0, '', '2022-10-01 09:13:58');
INSERT INTO `sys_oper_log` VALUES (1576017609077018626, '用户管理', 5, 'com.erahub.system.controller.SysUserController.export()', 'POST', 1, 'admin', '', '/user/export', '127.0.0.1', '', '{\"searchValue\":null,\"createBy\":null,\"createTime\":null,\"updateBy\":null,\"updateTime\":null,\"params\":{},\"userId\":null,\"deptId\":null,\"userName\":null,\"nickName\":null,\"userType\":null,\"email\":null,\"phonenumber\":null,\"sex\":null,\"avatar\":null,\"status\":null,\"delFlag\":null,\"loginIp\":null,\"loginDate\":null,\"remark\":null,\"dept\":null,\"roles\":null,\"roleIds\":null,\"postIds\":null,\"roleId\":null,\"admin\":false}', '', 0, '', '2022-10-01 09:14:14');
INSERT INTO `sys_oper_log` VALUES (1576018028478058497, '字典数据', 1, 'com.erahub.system.controller.SysDictDataController.add()', 'POST', 1, 'admin', '', '/dict/data', '127.0.0.1', '', '{\"searchValue\":null,\"createBy\":\"admin\",\"createTime\":\"2022-10-01 09:15:53\",\"updateBy\":\"admin\",\"updateTime\":\"2022-10-01 09:15:53\",\"params\":{},\"dictCode\":\"1576018028402561025\",\"dictSort\":22,\"dictLabel\":\"zz\",\"dictValue\":\"zz\",\"dictType\":\"sys_common_status\",\"cssClass\":\"zz\",\"listClass\":\"info\",\"isDefault\":null,\"status\":\"0\",\"remark\":null,\"default\":false}', '{\"code\":200,\"msg\":\"操作成功\",\"data\":null,\"error\":false,\"success\":true}', 0, '', '2022-10-01 09:15:54');
INSERT INTO `sys_oper_log` VALUES (1576018042763857922, '字典数据', 2, 'com.erahub.system.controller.SysDictDataController.edit()', 'PUT', 1, 'admin', '', '/dict/data', '127.0.0.1', '', '{\"searchValue\":null,\"createBy\":\"admin\",\"createTime\":\"2022-10-01 09:15:54\",\"updateBy\":\"admin\",\"updateTime\":\"2022-10-01 09:15:57\",\"params\":{},\"dictCode\":\"1576018028402561025\",\"dictSort\":22,\"dictLabel\":\"zz\",\"dictValue\":\"zz\",\"dictType\":\"sys_common_status\",\"cssClass\":\"zz\",\"listClass\":\"info\",\"isDefault\":\"N\",\"status\":\"1\",\"remark\":null,\"default\":false}', '{\"code\":200,\"msg\":\"操作成功\",\"data\":null,\"error\":false,\"success\":true}', 0, '', '2022-10-01 09:15:57');
INSERT INTO `sys_oper_log` VALUES (1576018209655214082, '字典类型', 3, 'com.erahub.system.controller.SysDictDataController.remove()', 'DELETE', 1, 'admin', '', '/dict/data/1576018028402561025', '127.0.0.1', '', '', '{\"code\":200,\"msg\":\"操作成功\",\"data\":null,\"error\":false,\"success\":true}', 0, '', '2022-10-01 09:16:37');
INSERT INTO `sys_oper_log` VALUES (1576018665001439233, '代码生成', 6, 'com.erahub.gen.controller.GenController.importTableSave()', 'POST', 1, 'admin', '', '/gen/importTable', '127.0.0.1', '', '\"sys_oss\"', '{\"code\":200,\"msg\":\"操作成功\",\"data\":null,\"error\":false,\"success\":true}', 0, '', '2022-10-01 09:18:25');
INSERT INTO `sys_oper_log` VALUES (1576028103309492226, '字典类型', 9, 'com.erahub.system.controller.SysDictTypeController.refreshCache()', 'DELETE', 1, 'admin', '', '/dict/type/refreshCache', '127.0.0.1', '', '', '{\"code\":200,\"msg\":\"操作成功\",\"data\":null,\"error\":false,\"success\":true}', 0, '', '2022-10-01 09:55:56');
INSERT INTO `sys_oper_log` VALUES (1576028150126313474, '字典类型', 1, 'com.erahub.system.controller.SysDictTypeController.add()', 'POST', 1, 'admin', '', '/dict/type', '127.0.0.1', '', '{\"searchValue\":null,\"createBy\":\"admin\",\"createTime\":\"2022-10-01 09:56:06\",\"updateBy\":\"admin\",\"updateTime\":\"2022-10-01 09:56:06\",\"params\":{},\"dictId\":\"1576028150105341954\",\"dictName\":\"zz\",\"dictType\":\"zz\",\"status\":\"0\",\"remark\":null}', '{\"code\":200,\"msg\":\"操作成功\",\"data\":null,\"error\":false,\"success\":true}', 0, '', '2022-10-01 09:56:07');
INSERT INTO `sys_oper_log` VALUES (1576028214940893186, '字典类型', 3, 'com.erahub.system.controller.SysDictTypeController.remove()', 'DELETE', 1, 'admin', '', '/dict/type/1576028150105341954', '127.0.0.1', '', '', '{\"code\":200,\"msg\":\"操作成功\",\"data\":null,\"error\":false,\"success\":true}', 0, '', '2022-10-01 09:56:22');
INSERT INTO `sys_oper_log` VALUES (1576028967067680769, '字典类型', 1, 'com.erahub.system.controller.SysDictTypeController.add()', 'POST', 1, 'admin', '', '/dict/type', '127.0.0.1', '', '{\"searchValue\":null,\"createBy\":\"admin\",\"createTime\":\"2022-10-01 09:59:21\",\"updateBy\":\"admin\",\"updateTime\":\"2022-10-01 09:59:21\",\"params\":{},\"dictId\":\"1576028967000571906\",\"dictName\":\"zz\",\"dictType\":\"zz\",\"status\":\"0\",\"remark\":null}', '{\"code\":200,\"msg\":\"操作成功\",\"data\":null,\"error\":false,\"success\":true}', 0, '', '2022-10-01 09:59:22');
INSERT INTO `sys_oper_log` VALUES (1576036052438335489, '字典类型', 3, 'com.erahub.system.controller.SysDictTypeController.remove()', 'DELETE', 1, 'admin', '', '/dict/type/1576028967000571906', '127.0.0.1', '', '', '{\"code\":200,\"msg\":\"操作成功\",\"data\":null,\"error\":false,\"success\":true}', 0, '', '2022-10-01 10:27:31');
INSERT INTO `sys_oper_log` VALUES (1576371705055211521, '用户管理', 5, 'com.erahub.system.controller.SysUserController.export()', 'POST', 1, 'admin', '', '/user/export', '127.0.0.1', '', '{\"searchValue\":null,\"createBy\":null,\"createTime\":null,\"updateBy\":null,\"updateTime\":null,\"params\":{},\"userId\":null,\"deptId\":null,\"userName\":null,\"nickName\":null,\"userType\":null,\"email\":null,\"phonenumber\":null,\"sex\":null,\"avatar\":null,\"status\":null,\"delFlag\":null,\"loginIp\":null,\"loginDate\":null,\"remark\":null,\"dept\":null,\"roles\":null,\"roleIds\":null,\"postIds\":null,\"roleId\":null,\"admin\":false}', '', 0, '', '2022-10-02 08:41:17');
INSERT INTO `sys_oper_log` VALUES (1576379826418880514, '角色管理', 2, 'com.erahub.system.controller.SysRoleController.changeStatus()', 'PUT', 1, 'admin', '', '/role/changeStatus', '127.0.0.1', '', '{\"searchValue\":null,\"createBy\":null,\"createTime\":null,\"updateBy\":\"admin\",\"updateTime\":\"2022-10-02 09:13:32\",\"params\":{},\"roleId\":\"1569245300584591362\",\"roleName\":null,\"roleKey\":null,\"roleSort\":null,\"dataScope\":null,\"menuCheckStrictly\":null,\"deptCheckStrictly\":null,\"status\":\"0\",\"delFlag\":null,\"remark\":null,\"flag\":false,\"menuIds\":null,\"deptIds\":null,\"permissions\":null,\"admin\":false}', '{\"code\":200,\"msg\":\"操作成功\",\"data\":null,\"error\":false,\"success\":true}', 0, '', '2022-10-02 09:13:33');
INSERT INTO `sys_oper_log` VALUES (1576427443618267138, '代码生成', 6, 'com.erahub.base.gen.controller.GenController.importTableSave()', 'POST', 1, 'admin', '', '/gen/importTable', '127.0.0.1', '', '\"sys_oss_config\"', '{\"code\":200,\"msg\":\"操作成功\",\"data\":null,\"error\":false,\"success\":true}', 0, '', '2022-10-02 12:22:46');
INSERT INTO `sys_oper_log` VALUES (1576427541345550338, 'OSS对象存储', 1, 'com.erahub.base.resource.controller.SysOssController.upload()', 'POST', 1, 'admin', '', '/oss/upload', '127.0.0.1', '', '', '{\"code\":200,\"msg\":\"操作成功\",\"data\":{\"ossId\":\"1576427541278441473\",\"url\":\"http://127.0.0.1:9000/erahub/2022/10/02/423bc9fab24b4cef9623e667575de068.pdf\",\"fileName\":\"RuoYi-Cloud-Plus.pdf\"},\"error\":false,\"success\":true}', 0, '', '2022-10-02 12:23:09');
INSERT INTO `sys_oper_log` VALUES (1576429904017932289, '角色管理', 2, 'com.erahub.base.system.controller.SysRoleController.changeStatus()', 'PUT', 1, 'admin', '', '/role/changeStatus', '127.0.0.1', '', '{\"searchValue\":null,\"createBy\":null,\"createTime\":null,\"updateBy\":\"admin\",\"updateTime\":\"2022-10-02 12:32:32\",\"params\":{},\"roleId\":\"1569245300584591362\",\"roleName\":null,\"roleKey\":null,\"roleSort\":null,\"dataScope\":null,\"menuCheckStrictly\":null,\"deptCheckStrictly\":null,\"status\":\"1\",\"delFlag\":null,\"remark\":null,\"flag\":false,\"menuIds\":null,\"deptIds\":null,\"permissions\":null,\"admin\":false}', '{\"code\":200,\"msg\":\"操作成功\",\"data\":null,\"error\":false,\"success\":true}', 0, '', '2022-10-02 12:32:32');
INSERT INTO `sys_oper_log` VALUES (1576429909403418625, '角色管理', 2, 'com.erahub.base.system.controller.SysRoleController.changeStatus()', 'PUT', 1, 'admin', '', '/role/changeStatus', '127.0.0.1', '', '{\"searchValue\":null,\"createBy\":null,\"createTime\":null,\"updateBy\":\"admin\",\"updateTime\":\"2022-10-02 12:32:33\",\"params\":{},\"roleId\":\"1569245300584591362\",\"roleName\":null,\"roleKey\":null,\"roleSort\":null,\"dataScope\":null,\"menuCheckStrictly\":null,\"deptCheckStrictly\":null,\"status\":\"0\",\"delFlag\":null,\"remark\":null,\"flag\":false,\"menuIds\":null,\"deptIds\":null,\"permissions\":null,\"admin\":false}', '{\"code\":200,\"msg\":\"操作成功\",\"data\":null,\"error\":false,\"success\":true}', 0, '', '2022-10-02 12:32:34');
INSERT INTO `sys_oper_log` VALUES (1576784111115943937, '用户管理', 5, 'com.erahub.base.system.controller.SysUserController.export()', 'POST', 1, 'admin', '', '/user/export', '127.0.0.1', '', '{\"searchValue\":null,\"createBy\":null,\"createTime\":null,\"updateBy\":null,\"updateTime\":null,\"params\":{},\"userId\":null,\"deptId\":null,\"userName\":null,\"nickName\":null,\"userType\":null,\"email\":null,\"phonenumber\":null,\"sex\":null,\"avatar\":null,\"status\":null,\"delFlag\":null,\"loginIp\":null,\"loginDate\":null,\"remark\":null,\"dept\":null,\"roles\":null,\"roleIds\":null,\"postIds\":null,\"roleId\":null,\"admin\":false}', '', 0, '', '2022-10-03 12:00:02');
INSERT INTO `sys_oper_log` VALUES (1576784224324403201, 'OSS对象存储', 3, 'com.erahub.base.resource.controller.SysOssController.remove()', 'DELETE', 1, 'admin', '', '/oss/1576427541278441473', '127.0.0.1', '', '', '{\"code\":200,\"msg\":\"操作成功\",\"data\":null,\"error\":false,\"success\":true}', 0, '', '2022-10-03 12:00:29');
INSERT INTO `sys_oper_log` VALUES (1576784240904486913, 'OSS对象存储', 1, 'com.erahub.base.resource.controller.SysOssController.upload()', 'POST', 1, 'admin', '', '/oss/upload', '127.0.0.1', '', '', '{\"code\":200,\"msg\":\"操作成功\",\"data\":{\"ossId\":\"1576784240849960961\",\"url\":\"http://127.0.0.1:9000/erahub/2022/10/03/cf41f499af19415b8096726d9bdf59af.pdf\",\"fileName\":\"RuoYi-Cloud-Plus.pdf\"},\"error\":false,\"success\":true}', 0, '', '2022-10-03 12:00:33');
INSERT INTO `sys_oper_log` VALUES (1576784760096407553, '代码生成', 3, 'com.erahub.base.gen.controller.GenController.remove()', 'DELETE', 1, 'admin', '', '/gen/1576427442758434818', '127.0.0.1', '', '', '{\"code\":200,\"msg\":\"操作成功\",\"data\":null,\"error\":false,\"success\":true}', 0, '', '2022-10-03 12:02:37');
INSERT INTO `sys_oper_log` VALUES (1576797595618758657, '角色管理', 2, 'com.erahub.base.system.controller.SysRoleController.changeStatus()', 'PUT', 1, 'admin', '', '/role/changeStatus', '127.0.0.1', '', '{\"searchValue\":null,\"createBy\":null,\"createTime\":null,\"updateBy\":\"admin\",\"updateTime\":\"2022-10-03 12:53:36\",\"params\":{},\"roleId\":\"1569245300584591362\",\"roleName\":null,\"roleKey\":null,\"roleSort\":null,\"dataScope\":null,\"menuCheckStrictly\":null,\"deptCheckStrictly\":null,\"status\":\"1\",\"delFlag\":null,\"remark\":null,\"flag\":false,\"menuIds\":null,\"deptIds\":null,\"permissions\":null,\"admin\":false}', '{\"code\":200,\"msg\":\"操作成功\",\"data\":null,\"error\":false,\"success\":true}', 0, '', '2022-10-03 12:53:37');
INSERT INTO `sys_oper_log` VALUES (1576797599834034177, '角色管理', 2, 'com.erahub.base.system.controller.SysRoleController.changeStatus()', 'PUT', 1, 'admin', '', '/role/changeStatus', '127.0.0.1', '', '{\"searchValue\":null,\"createBy\":null,\"createTime\":null,\"updateBy\":\"admin\",\"updateTime\":\"2022-10-03 12:53:37\",\"params\":{},\"roleId\":\"1569245300584591362\",\"roleName\":null,\"roleKey\":null,\"roleSort\":null,\"dataScope\":null,\"menuCheckStrictly\":null,\"deptCheckStrictly\":null,\"status\":\"0\",\"delFlag\":null,\"remark\":null,\"flag\":false,\"menuIds\":null,\"deptIds\":null,\"permissions\":null,\"admin\":false}', '{\"code\":200,\"msg\":\"操作成功\",\"data\":null,\"error\":false,\"success\":true}', 0, '', '2022-10-03 12:53:38');
INSERT INTO `sys_oper_log` VALUES (1576797652652904449, 'OSS对象存储', 3, 'com.erahub.base.resource.controller.SysOssController.remove()', 'DELETE', 1, 'admin', '', '/oss/1576784240849960961', '127.0.0.1', '', '', '{\"code\":200,\"msg\":\"操作成功\",\"data\":null,\"error\":false,\"success\":true}', 0, '', '2022-10-03 12:53:51');
INSERT INTO `sys_oper_log` VALUES (1576797733124820993, 'OSS对象存储', 1, 'com.erahub.base.resource.controller.SysOssController.upload()', 'POST', 1, 'admin', '', '/oss/upload', '127.0.0.1', '', '', '{\"code\":200,\"msg\":\"操作成功\",\"data\":{\"ossId\":\"1576797733099655169\",\"url\":\"http://127.0.0.1:9000/erahub/2022/10/03/7633f91242d4468cb31dd1274085d22f.png\",\"fileName\":\"1111111.png\"},\"error\":false,\"success\":true}', 0, '', '2022-10-03 12:54:10');
INSERT INTO `sys_oper_log` VALUES (1578548814418751490, '用户管理', 2, 'com.erahub.base.system.controller.SysUserController.changeStatus()', 'PUT', 1, 'admin', '', '/user/changeStatus', '127.0.0.1', '', '{\"searchValue\":null,\"createBy\":null,\"createTime\":null,\"updateBy\":\"admin\",\"updateTime\":\"2022-10-08 08:52:19\",\"params\":{},\"userId\":\"1569246527183630337\",\"deptId\":null,\"userName\":null,\"nickName\":null,\"userType\":null,\"email\":null,\"phonenumber\":null,\"sex\":null,\"avatar\":null,\"status\":\"1\",\"delFlag\":null,\"loginIp\":null,\"loginDate\":null,\"remark\":null,\"dept\":null,\"roles\":null,\"roleIds\":null,\"postIds\":null,\"roleId\":null,\"admin\":false}', '{\"code\":200,\"msg\":\"操作成功\",\"data\":null,\"error\":false,\"success\":true}', 0, '', '2022-10-08 08:52:20');
INSERT INTO `sys_oper_log` VALUES (1578548820265611266, '用户管理', 2, 'com.erahub.base.system.controller.SysUserController.changeStatus()', 'PUT', 1, 'admin', '', '/user/changeStatus', '127.0.0.1', '', '{\"searchValue\":null,\"createBy\":null,\"createTime\":null,\"updateBy\":\"admin\",\"updateTime\":\"2022-10-08 08:52:21\",\"params\":{},\"userId\":\"1569246527183630337\",\"deptId\":null,\"userName\":null,\"nickName\":null,\"userType\":null,\"email\":null,\"phonenumber\":null,\"sex\":null,\"avatar\":null,\"status\":\"0\",\"delFlag\":null,\"loginIp\":null,\"loginDate\":null,\"remark\":null,\"dept\":null,\"roles\":null,\"roleIds\":null,\"postIds\":null,\"roleId\":null,\"admin\":false}', '{\"code\":200,\"msg\":\"操作成功\",\"data\":null,\"error\":false,\"success\":true}', 0, '', '2022-10-08 08:52:21');
INSERT INTO `sys_oper_log` VALUES (1578548885327654914, '字典数据', 5, 'com.erahub.base.system.controller.SysDictDataController.export()', 'POST', 1, 'admin', '', '/dict/data/export', '127.0.0.1', '', '{\"searchValue\":null,\"createBy\":null,\"createTime\":null,\"updateBy\":null,\"updateTime\":null,\"params\":{},\"dictCode\":null,\"dictSort\":null,\"dictLabel\":null,\"dictValue\":null,\"dictType\":\"sys_normal_disable\",\"cssClass\":null,\"listClass\":null,\"isDefault\":null,\"status\":null,\"remark\":null,\"default\":false}', '', 0, '', '2022-10-08 08:52:37');
INSERT INTO `sys_oper_log` VALUES (1580862844936368129, '部门管理', 3, 'com.erahub.base.system.controller.SysDeptController.remove()', 'DELETE', 1, 'admin', '', '/dept/1574282704453578754', '127.0.0.1', '', '', '{\"code\":200,\"msg\":\"操作成功\",\"data\":null,\"error\":false,\"success\":true}', 0, '', '2022-10-14 18:07:28');
INSERT INTO `sys_oper_log` VALUES (1580862888334831618, '部门管理', 1, 'com.erahub.base.system.controller.SysDeptController.add()', 'POST', 1, 'admin', '', '/dept', '127.0.0.1', '', '{\"searchValue\":null,\"createBy\":\"admin\",\"createTime\":\"2022-10-14 18:07:38\",\"updateBy\":\"admin\",\"updateTime\":\"2022-10-14 18:07:38\",\"params\":{},\"parentName\":null,\"parentId\":\"1574282681611399170\",\"children\":[],\"deptId\":\"1580862888259334146\",\"deptName\":\"测试部门V\",\"orderNum\":0,\"leader\":null,\"phone\":null,\"email\":null,\"status\":\"0\",\"delFlag\":null,\"ancestors\":\"0,100,101,105,1571078717323554817,1574282456201113601,1574282486169415681,1574282516406153217,1574282653543116802,1574282681611399170\"}', '{\"code\":200,\"msg\":\"操作成功\",\"data\":null,\"error\":false,\"success\":true}', 0, '', '2022-10-14 18:07:38');
INSERT INTO `sys_oper_log` VALUES (1580862905493729281, '部门管理', 3, 'com.erahub.base.system.controller.SysDeptController.remove()', 'DELETE', 1, 'admin', '', '/dept/1580862888259334146', '127.0.0.1', '', '', '{\"code\":200,\"msg\":\"操作成功\",\"data\":null,\"error\":false,\"success\":true}', 0, '', '2022-10-14 18:07:42');
INSERT INTO `sys_oper_log` VALUES (1580862916222758914, '部门管理', 3, 'com.erahub.base.system.controller.SysDeptController.remove()', 'DELETE', 1, 'admin', '', '/dept/1574282681611399170', '127.0.0.1', '', '', '{\"code\":200,\"msg\":\"操作成功\",\"data\":null,\"error\":false,\"success\":true}', 0, '', '2022-10-14 18:07:45');
INSERT INTO `sys_oper_log` VALUES (1580862923562790913, '部门管理', 3, 'com.erahub.base.system.controller.SysDeptController.remove()', 'DELETE', 1, 'admin', '', '/dept/1574282653543116802', '127.0.0.1', '', '', '{\"code\":200,\"msg\":\"操作成功\",\"data\":null,\"error\":false,\"success\":true}', 0, '', '2022-10-14 18:07:47');
INSERT INTO `sys_oper_log` VALUES (1580862933859807233, '部门管理', 3, 'com.erahub.base.system.controller.SysDeptController.remove()', 'DELETE', 1, 'admin', '', '/dept/1574282516406153217', '127.0.0.1', '', '', '{\"code\":200,\"msg\":\"操作成功\",\"data\":null,\"error\":false,\"success\":true}', 0, '', '2022-10-14 18:07:49');
INSERT INTO `sys_oper_log` VALUES (1580862941237587969, '部门管理', 3, 'com.erahub.base.system.controller.SysDeptController.remove()', 'DELETE', 1, 'admin', '', '/dept/1574282486169415681', '127.0.0.1', '', '', '{\"code\":200,\"msg\":\"操作成功\",\"data\":null,\"error\":false,\"success\":true}', 0, '', '2022-10-14 18:07:51');
INSERT INTO `sys_oper_log` VALUES (1587239682444632065, '对象存储状态修改', 2, 'com.erahub.base.resource.controller.SysOssConfigController.changeStatus()', 'PUT', 1, 'admin', '', '/oss/config/changeStatus', '127.0.0.1', '', '{\"searchValue\":null,\"createBy\":null,\"createTime\":null,\"updateBy\":null,\"updateTime\":null,\"params\":{},\"ossConfigId\":1,\"configKey\":\"minio\",\"accessKey\":null,\"secretKey\":null,\"bucketName\":null,\"prefix\":null,\"endpoint\":null,\"domain\":null,\"isHttps\":null,\"status\":\"1\",\"region\":null,\"ext1\":null,\"remark\":null}', '{\"code\":200,\"msg\":\"操作成功\",\"data\":null,\"error\":false,\"success\":true}', 0, '', '2022-11-01 08:26:44');
INSERT INTO `sys_oper_log` VALUES (1587239715449610241, '对象存储状态修改', 2, 'com.erahub.base.resource.controller.SysOssConfigController.changeStatus()', 'PUT', 1, 'admin', '', '/oss/config/changeStatus', '127.0.0.1', '', '{\"searchValue\":null,\"createBy\":null,\"createTime\":null,\"updateBy\":null,\"updateTime\":null,\"params\":{},\"ossConfigId\":1,\"configKey\":\"minio\",\"accessKey\":null,\"secretKey\":null,\"bucketName\":null,\"prefix\":null,\"endpoint\":null,\"domain\":null,\"isHttps\":null,\"status\":\"0\",\"region\":null,\"ext1\":null,\"remark\":null}', '{\"code\":200,\"msg\":\"操作成功\",\"data\":null,\"error\":false,\"success\":true}', 0, '', '2022-11-01 08:26:52');
INSERT INTO `sys_oper_log` VALUES (1587241157837201410, '菜单管理', 2, 'com.erahub.base.system.controller.SysMenuController.edit()', 'PUT', 1, 'admin', '', '/menu', '127.0.0.1', '', '{\"searchValue\":null,\"createBy\":\"admin\",\"createTime\":\"2022-09-10 17:10:48\",\"updateBy\":\"admin\",\"updateTime\":\"2022-11-01 08:32:36\",\"params\":{},\"parentName\":null,\"parentId\":3,\"children\":[],\"menuId\":114,\"menuName\":\"表单构建\",\"orderNum\":1,\"path\":\"build\",\"component\":\"tool/build/index\",\"queryParam\":\"\",\"isFrame\":\"1\",\"isCache\":\"0\",\"menuType\":\"C\",\"visible\":\"0\",\"status\":\"1\",\"perms\":\"tool:build:list\",\"icon\":\"build\",\"remark\":\"表单构建菜单\"}', '{\"code\":200,\"msg\":\"操作成功\",\"data\":null,\"error\":false,\"success\":true}', 0, '', '2022-11-01 08:32:36');
INSERT INTO `sys_oper_log` VALUES (1587668280611827713, '用户管理', 4, 'com.erahub.base.system.controller.SysUserController.insertAuthRole()', 'PUT', 1, 'admin', '', '/user/authRole', '127.0.0.1', '', '\"1569245585432358914\" [\"1569245300584591362\"]', '{\"code\":200,\"msg\":\"操作成功\",\"data\":null,\"error\":false,\"success\":true}', 0, '', '2022-11-02 12:49:50');
INSERT INTO `sys_oper_log` VALUES (1587668299897237505, '用户管理', 4, 'com.erahub.base.system.controller.SysUserController.insertAuthRole()', 'PUT', 1, 'admin', '', '/user/authRole', '127.0.0.1', '', '\"1569246527183630337\" [\"1569245300584591362\"]', '{\"code\":200,\"msg\":\"操作成功\",\"data\":null,\"error\":false,\"success\":true}', 0, '', '2022-11-02 12:49:55');
INSERT INTO `sys_oper_log` VALUES (1587678343875284994, '用户头像', 2, 'com.erahub.base.system.controller.SysProfileController.avatar()', 'POST', 1, 'admin', '', '/user/profile/avatar', '127.0.0.1', '', '', '{\"code\":200,\"msg\":\"操作成功\",\"data\":{\"imgUrl\":\"http://127.0.0.1:9000/erahub/2022/11/02/d15efa2b93de47b9bdc2e1545c13a6db.jpg\"},\"error\":false,\"success\":true}', 0, '', '2022-11-02 13:29:49');
INSERT INTO `sys_oper_log` VALUES (1587681848614735874, 'OSS对象存储', 3, 'com.erahub.base.resource.controller.SysOssController.remove()', 'DELETE', 1, 'admin', '', '/oss/1575427555329826817', '127.0.0.1', '', '', '{\"code\":200,\"msg\":\"操作成功\",\"data\":null,\"error\":false,\"success\":true}', 0, '', '2022-11-02 13:43:45');
INSERT INTO `sys_oper_log` VALUES (1587681864540508162, 'OSS对象存储', 3, 'com.erahub.base.resource.controller.SysOssController.remove()', 'DELETE', 1, 'admin', '', '/oss/1587678342654742529', '127.0.0.1', '', '', '{\"code\":200,\"msg\":\"操作成功\",\"data\":null,\"error\":false,\"success\":true}', 0, '', '2022-11-02 13:43:49');
INSERT INTO `sys_oper_log` VALUES (1587681969934979073, '用户头像', 2, 'com.erahub.base.system.controller.SysProfileController.avatar()', 'POST', 1, 'admin', '', '/user/profile/avatar', '127.0.0.1', '', '', '{\"code\":200,\"msg\":\"操作成功\",\"data\":{\"imgUrl\":\"http://127.0.0.1:9000/erahub/2022/11/02/c4348b47ef0b45f7aabaefc10943d20e.jpg\"},\"error\":false,\"success\":true}', 0, '', '2022-11-02 13:44:14');
INSERT INTO `sys_oper_log` VALUES (1587718932113149953, '用户头像', 2, 'com.erahub.base.system.controller.SysProfileController.avatar()', 'POST', 1, 'admin', '', '/user/profile/avatar', '127.0.0.1', '', '', '{\"code\":200,\"msg\":\"操作成功\",\"data\":{\"imgUrl\":\"http://127.0.0.1:9000/erahub/2022/11/02/602dc2c2c4604ffa907ee0fdf2eb6584.jpg\"},\"error\":false,\"success\":true}', 0, '', '2022-11-02 16:11:06');
INSERT INTO `sys_oper_log` VALUES (1587965703397588993, '用户头像', 2, 'com.erahub.base.system.controller.SysProfileController.avatar()', 'POST', 1, 'admin', '', '/user/profile/avatar', '127.0.0.1', '', '', '{\"code\":200,\"msg\":\"操作成功\",\"data\":{\"imgUrl\":\"http://127.0.0.1:9000/erahub/2022/11/03/537236bb2f154989937c01397fbd74e9.jpg\"},\"error\":false,\"success\":true}', 0, '', '2022-11-03 08:31:41');
INSERT INTO `sys_oper_log` VALUES (1587967632878092289, '个人信息', 2, 'com.erahub.base.system.controller.SysProfileController.updatePwd()', 'PUT', 1, 'admin', '', '/user/profile/updatePwd', '127.0.0.1', '', '\"erahub123\" \"erahub123\"', '{\"code\":500,\"msg\":\"新密码不能与旧密码相同\",\"data\":null,\"error\":true,\"success\":false}', 0, '', '2022-11-03 08:39:21');
INSERT INTO `sys_oper_log` VALUES (1587967688255488001, '个人信息', 2, 'com.erahub.base.system.controller.SysProfileController.updatePwd()', 'PUT', 1, 'admin', '', '/user/profile/updatePwd', '127.0.0.1', '', '\"erahub123\" \"erahub\"', '{\"code\":200,\"msg\":\"操作成功\",\"data\":null,\"error\":false,\"success\":true}', 0, '', '2022-11-03 08:39:35');
INSERT INTO `sys_oper_log` VALUES (1587967843738337282, '个人信息', 2, 'com.erahub.base.system.controller.SysProfileController.updatePwd()', 'PUT', 1, 'admin', '', '/user/profile/updatePwd', '127.0.0.1', '', '\"erahub\" \"erahub123\"', '{\"code\":200,\"msg\":\"操作成功\",\"data\":null,\"error\":false,\"success\":true}', 0, '', '2022-11-03 08:40:12');
INSERT INTO `sys_oper_log` VALUES (1588077119328759809, '菜单管理', 1, 'com.erahub.base.system.controller.SysMenuController.add()', 'POST', 1, 'admin', '', '/menu', '127.0.0.1', '', '{\"searchValue\":null,\"createBy\":\"admin\",\"createTime\":\"2022-11-03 15:54:24\",\"updateBy\":\"admin\",\"updateTime\":\"2022-11-03 15:54:24\",\"params\":{},\"parentName\":null,\"parentId\":2,\"children\":[],\"menuId\":\"1588077119135821826\",\"menuName\":\"数据库文档\",\"orderNum\":2,\"path\":\"/m\",\"component\":null,\"queryParam\":null,\"isFrame\":\"1\",\"isCache\":\"0\",\"menuType\":\"C\",\"visible\":\"0\",\"status\":\"0\",\"perms\":\"system:database:doc:list\",\"icon\":\"date-range\",\"remark\":null}', '{\"code\":200,\"msg\":\"操作成功\",\"data\":null,\"error\":false,\"success\":true}', 0, '', '2022-11-03 15:54:25');
INSERT INTO `sys_oper_log` VALUES (1588077251038294017, '菜单管理', 2, 'com.erahub.base.system.controller.SysMenuController.edit()', 'PUT', 1, 'admin', '', '/menu', '127.0.0.1', '', '{\"searchValue\":null,\"createBy\":\"admin\",\"createTime\":\"2022-11-03 15:54:25\",\"updateBy\":\"admin\",\"updateTime\":\"2022-11-03 15:54:56\",\"params\":{},\"parentName\":null,\"parentId\":2,\"children\":[],\"menuId\":\"1588077119135821826\",\"menuName\":\"数据库文档\",\"orderNum\":2,\"path\":\"dbDoc\",\"component\":\"monitor/dbDoc/index\",\"queryParam\":null,\"isFrame\":\"1\",\"isCache\":\"0\",\"menuType\":\"C\",\"visible\":\"0\",\"status\":\"0\",\"perms\":\"system:database:doc:list\",\"icon\":\"date-range\",\"remark\":\"\"}', '{\"code\":200,\"msg\":\"操作成功\",\"data\":null,\"error\":false,\"success\":true}', 0, '', '2022-11-03 15:54:56');
INSERT INTO `sys_oper_log` VALUES (1588092487187369985, '菜单管理', 1, 'com.erahub.base.system.controller.SysMenuController.add()', 'POST', 1, 'admin', '', '/menu', '127.0.0.1', '', '{\"searchValue\":null,\"createBy\":\"admin\",\"createTime\":\"2022-11-03 16:55:28\",\"updateBy\":\"admin\",\"updateTime\":\"2022-11-03 16:55:28\",\"params\":{},\"parentName\":null,\"parentId\":\"1588077119135821826\",\"children\":[],\"menuId\":\"1588092486994432002\",\"menuName\":\"数据库文档导出\",\"orderNum\":1,\"path\":null,\"component\":null,\"queryParam\":null,\"isFrame\":\"1\",\"isCache\":\"0\",\"menuType\":\"F\",\"visible\":\"0\",\"status\":\"0\",\"perms\":\"system:database:doc:export\",\"icon\":null,\"remark\":null}', '{\"code\":200,\"msg\":\"操作成功\",\"data\":null,\"error\":false,\"success\":true}', 0, '', '2022-11-03 16:55:29');
INSERT INTO `sys_oper_log` VALUES (1588094024831799297, '角色管理', 2, 'com.erahub.base.system.controller.SysRoleController.edit()', 'PUT', 1, 'admin', '', '/role', '127.0.0.1', '', '{\"searchValue\":null,\"createBy\":\"admin\",\"createTime\":\"2022-09-10 17:10:48\",\"updateBy\":\"admin\",\"updateTime\":\"2022-11-03 17:01:35\",\"params\":{},\"roleId\":2,\"roleName\":\"管理员\",\"roleKey\":\"common\",\"roleSort\":2,\"dataScope\":\"2\",\"menuCheckStrictly\":true,\"deptCheckStrictly\":true,\"status\":\"0\",\"delFlag\":\"0\",\"remark\":\"管理员\",\"flag\":false,\"menuIds\":[1,100,1001,1002,1003,1004,1005,1006,1007,101,1008,1009,1010,1011,1012,102,1013,1014,1015,1016,103,1017,1018,1019,1020,104,1021,1022,1023,1024,1025,105,1026,1027,1028,1029,1030,106,1031,1032,1033,1034,1035,107,1036,1037,1038,1039,108,500,1040,1041,1042,501,1043,1044,1045,1050,118,1600,1601,1602,1603,1604,1605,2,109,1046,1047,1048,\"1588077119135821826\",\"1588092486994432002\",\"1570009901798481921\",\"1570010319794429953\",\"1570022388644143106\",113,111,110,112,\"1570758202780676098\",\"1572393811995209730\",3,114,115,1055,1056,1058,1057,1059,1060,5,1500,1501,1502,1503,1504,1505,1506,1507,1508,1509,1510,1511,\"1574206588866998274\",\"1574206638720495617\",\"1574206696736108546\"],\"deptIds\":null,\"permissions\":null,\"admin\":false}', '{\"code\":200,\"msg\":\"操作成功\",\"data\":null,\"error\":false,\"success\":true}', 0, '', '2022-11-03 17:01:36');
INSERT INTO `sys_oper_log` VALUES (1588094055555076098, '用户管理', 2, 'com.erahub.base.system.controller.SysUserController.edit()', 'PUT', 1, 'admin', '', '/user', '127.0.0.1', '', '{\"searchValue\":null,\"createBy\":\"admin\",\"createTime\":\"2022-09-12 16:44:37\",\"updateBy\":\"admin\",\"updateTime\":\"2022-11-03 17:01:42\",\"params\":{},\"userId\":\"1569245585432358914\",\"deptId\":109,\"userName\":\"test01\",\"nickName\":\"test01\",\"userType\":\"sys_user\",\"email\":\"\",\"phonenumber\":\"\",\"sex\":\"0\",\"avatar\":\"http://47.92.112.236:9000/erahub/2022/09/26/1f99b455f93f4fd9af4b7cf1ac1d8de8.jpg\",\"status\":\"0\",\"delFlag\":\"0\",\"loginIp\":\"\",\"loginDate\":null,\"remark\":null,\"dept\":{\"searchValue\":null,\"createBy\":null,\"createTime\":null,\"updateBy\":null,\"updateTime\":null,\"params\":{},\"parentName\":null,\"parentId\":102,\"children\":[],\"deptId\":109,\"deptName\":\"财务部门\",\"orderNum\":2,\"leader\":\"erahub\",\"phone\":null,\"email\":null,\"status\":\"0\",\"delFlag\":null,\"ancestors\":\"0,100,102\"},\"roles\":[{\"searchValue\":null,\"createBy\":null,\"createTime\":null,\"updateBy\":null,\"updateTime\":null,\"params\":{},\"roleId\":\"1569245300584591362\",\"roleName\":\"test01\",\"roleKey\":\"test01\",\"roleSort\":3,\"dataScope\":\"1\",\"menuCheckStrictly\":null,\"deptCheckStrictly\":null,\"status\":\"0\",\"delFlag\":null,\"remark\":null,\"flag\":false,\"menuIds\":null,\"deptIds\":null,\"permissions\":null,\"admin\":false}],\"roleIds\":[2],\"postIds\":[],\"roleId\":null,\"admin\":false}', '{\"code\":200,\"msg\":\"操作成功\",\"data\":null,\"error\":false,\"success\":true}', 0, '', '2022-11-03 17:01:43');
INSERT INTO `sys_oper_log` VALUES (1588094245720625154, '用户头像', 2, 'com.erahub.base.system.controller.SysProfileController.avatar()', 'POST', 1, 'test01', '', '/user/profile/avatar', '127.0.0.1', '', '', '{\"code\":200,\"msg\":\"操作成功\",\"data\":{\"imgUrl\":\"http://127.0.0.1:9000/erahub/2022/11/03/f7b4be827e554cb0ac4ac31fb16b0c33.jpg\"},\"error\":false,\"success\":true}', 0, '', '2022-11-03 17:02:28');
INSERT INTO `sys_oper_log` VALUES (1588132071443050498, '数据库文档', 5, 'com.erahub.base.system.controller.SysDatabaseDocController.exportHtml()', 'GET', 1, 'test01', '', '/db-doc/export-html', '127.0.0.1', '', '', '', 0, '', '2022-11-03 19:32:47');
INSERT INTO `sys_oper_log` VALUES (1588132072290299906, '数据库文档', 5, 'com.erahub.base.system.controller.SysDatabaseDocController.exportHtml()', 'GET', 1, 'test01', '', '/db-doc/export-html', '127.0.0.1', '', '', '', 0, '', '2022-11-03 19:32:47');
INSERT INTO `sys_oper_log` VALUES (1588317286476136450, '数据库文档', 5, 'com.erahub.base.system.controller.SysDatabaseDocController.exportHtml()', 'GET', 1, 'test01', '', '/db-doc/export-html', '127.0.0.1', '', '', '', 0, '', '2022-11-04 07:48:45');
INSERT INTO `sys_oper_log` VALUES (1588317383054180354, '数据库文档', 5, 'com.erahub.base.system.controller.SysDatabaseDocController.exportHtml()', 'GET', 1, 'test01', '', '/db-doc/export-html', '127.0.0.1', '', '', '', 0, '', '2022-11-04 07:49:08');
INSERT INTO `sys_oper_log` VALUES (1588317428407189506, '数据库文档', 5, 'com.erahub.base.system.controller.SysDatabaseDocController.exportHtml()', 'GET', 1, 'test01', '', '/db-doc/export-html', '127.0.0.1', '', '', '', 0, '', '2022-11-04 07:49:19');
INSERT INTO `sys_oper_log` VALUES (1588317435151630338, '数据库文档', 5, 'com.erahub.base.system.controller.SysDatabaseDocController.exportHtml()', 'GET', 1, 'test01', '', '/db-doc/export-html', '127.0.0.1', '', '', '', 0, '', '2022-11-04 07:49:21');
INSERT INTO `sys_oper_log` VALUES (1588317454348959746, '数据库文档', 5, 'com.erahub.base.system.controller.SysDatabaseDocController.exportHtml()', 'GET', 1, 'test01', '', '/db-doc/export-html', '127.0.0.1', '', '', '', 0, '', '2022-11-04 07:49:25');
INSERT INTO `sys_oper_log` VALUES (1588321822909501442, '参数管理', 2, 'com.erahub.base.system.controller.SysConfigController.updateByKey()', 'PUT', 1, 'test01', '', '/config/updateByKey', '127.0.0.1', '', '{\"searchValue\":null,\"createBy\":null,\"createTime\":null,\"updateBy\":\"test01\",\"updateTime\":\"2022-11-04 08:06:46\",\"params\":{},\"configId\":null,\"configName\":null,\"configKey\":\"sys.oss.previewListResource\",\"configValue\":\"false\",\"configType\":null,\"remark\":null}', '{\"code\":200,\"msg\":\"操作成功\",\"data\":null,\"error\":false,\"success\":true}', 0, '', '2022-11-04 08:06:47');
INSERT INTO `sys_oper_log` VALUES (1588321829393895426, '参数管理', 2, 'com.erahub.base.system.controller.SysConfigController.updateByKey()', 'PUT', 1, 'test01', '', '/config/updateByKey', '127.0.0.1', '', '{\"searchValue\":null,\"createBy\":null,\"createTime\":null,\"updateBy\":\"test01\",\"updateTime\":\"2022-11-04 08:06:48\",\"params\":{},\"configId\":null,\"configName\":null,\"configKey\":\"sys.oss.previewListResource\",\"configValue\":\"true\",\"configType\":null,\"remark\":null}', '{\"code\":200,\"msg\":\"操作成功\",\"data\":null,\"error\":false,\"success\":true}', 0, '', '2022-11-04 08:06:48');
INSERT INTO `sys_oper_log` VALUES (1588321854563913729, '用户管理', 5, 'com.erahub.base.system.controller.SysUserController.export()', 'POST', 1, 'test01', '', '/user/export', '127.0.0.1', '', '{\"searchValue\":null,\"createBy\":null,\"createTime\":null,\"updateBy\":null,\"updateTime\":null,\"params\":{},\"userId\":null,\"deptId\":null,\"userName\":null,\"nickName\":null,\"userType\":null,\"email\":null,\"phonenumber\":null,\"sex\":null,\"avatar\":null,\"status\":null,\"delFlag\":null,\"loginIp\":null,\"loginDate\":null,\"remark\":null,\"dept\":null,\"roles\":null,\"roleIds\":null,\"postIds\":null,\"roleId\":null,\"admin\":false}', '', 0, '', '2022-11-04 08:06:54');
INSERT INTO `sys_oper_log` VALUES (1588321867599810562, '数据库文档', 5, 'com.erahub.base.system.controller.SysDatabaseDocController.exportHtml()', 'GET', 1, 'test01', '', '/db-doc/export-html', '127.0.0.1', '', '', '', 0, '', '2022-11-04 08:06:57');
INSERT INTO `sys_oper_log` VALUES (1588321959773835265, '菜单管理', 2, 'com.erahub.base.system.controller.SysMenuController.edit()', 'PUT', 1, 'test01', '', '/menu', '127.0.0.1', '', '{\"searchValue\":null,\"createBy\":\"admin\",\"createTime\":\"2022-09-14 19:21:45\",\"updateBy\":\"test01\",\"updateTime\":\"2022-11-04 08:07:19\",\"params\":{},\"parentName\":null,\"parentId\":2,\"children\":[],\"menuId\":\"1570009901798481921\",\"menuName\":\"缓存监控\",\"orderNum\":3,\"path\":\"cache\",\"component\":\"monitor/cache/index\",\"queryParam\":null,\"isFrame\":\"1\",\"isCache\":\"0\",\"menuType\":\"C\",\"visible\":\"0\",\"status\":\"0\",\"perms\":\"monitor:cache:list\",\"icon\":\"redis\",\"remark\":\"\"}', '{\"code\":200,\"msg\":\"操作成功\",\"data\":null,\"error\":false,\"success\":true}', 0, '', '2022-11-04 08:07:19');
INSERT INTO `sys_oper_log` VALUES (1588322258014015490, '数据库文档', 5, 'com.erahub.base.system.controller.SysDatabaseDocController.exportHtml()', 'GET', 1, 'admin', '', '/db-doc/export-html', '127.0.0.1', '', '', '', 0, '', '2022-11-04 08:08:31');
INSERT INTO `sys_oper_log` VALUES (1588324565451546625, '数据库文档', 5, 'com.erahub.base.system.controller.SysDatabaseDocController.exportHtml()', 'GET', 1, 'admin', '', '/db-doc/export-html', '127.0.0.1', '', '', '', 0, '', '2022-11-04 08:17:41');
INSERT INTO `sys_oper_log` VALUES (1588731412033589250, '在线用户', 7, 'com.erahub.base.system.controller.SysUserOnlineController.forceLogout()', 'DELETE', 1, 'admin', '', '/online/eyJ0eXAiOiJKV1QiLCJhbGciOiJIUzI1NiJ9.eyJsb2dpblR5cGUiOiJsb2dpbiIsImxvZ2luSWQiOiJzeXNfdXNlcjoxIiwicm5TdHIiOiJYMkg1WTh0bGpTc3h1bnNManNZV1VEbzhLalV0eFpjbCJ9.ms7djCqqmxZosftNsGIv4GPa3d_kQENrsSNohKo39Mw', '127.0.0.1', '', '', '{\"code\":200,\"msg\":\"操作成功\",\"data\":null,\"error\":false,\"success\":true}', 0, '', '2022-11-05 11:14:20');
INSERT INTO `sys_oper_log` VALUES (1588732302941507585, '数据库文档', 5, 'com.erahub.base.system.controller.SysDatabaseDocController.exportHtml()', 'GET', 1, 'admin', '', '/db-doc/export-html', '127.0.0.1', '', '', '', 0, '', '2022-11-05 11:17:53');
INSERT INTO `sys_oper_log` VALUES (1588732308746424322, '数据库文档', 5, 'com.erahub.base.system.controller.SysDatabaseDocController.exportHtml()', 'GET', 1, 'admin', '', '/db-doc/export-html', '127.0.0.1', '', '', '', 0, '', '2022-11-05 11:17:54');
INSERT INTO `sys_oper_log` VALUES (1588732371501600770, '菜单管理', 2, 'com.erahub.base.system.controller.SysMenuController.edit()', 'PUT', 1, 'admin', '', '/menu', '127.0.0.1', '', '{\"searchValue\":null,\"createBy\":\"admin\",\"createTime\":\"2022-09-14 19:21:45\",\"updateBy\":\"admin\",\"updateTime\":\"2022-11-05 11:18:09\",\"params\":{},\"parentName\":null,\"parentId\":2,\"children\":[],\"menuId\":\"1570009901798481921\",\"menuName\":\"缓存监控\",\"orderNum\":2,\"path\":\"cache\",\"component\":\"monitor/cache/index\",\"queryParam\":null,\"isFrame\":\"1\",\"isCache\":\"0\",\"menuType\":\"C\",\"visible\":\"0\",\"status\":\"0\",\"perms\":\"monitor:cache:list\",\"icon\":\"redis\",\"remark\":\"\"}', '{\"code\":200,\"msg\":\"操作成功\",\"data\":null,\"error\":false,\"success\":true}', 0, '', '2022-11-05 11:18:09');
INSERT INTO `sys_oper_log` VALUES (1588732396721950721, '菜单管理', 2, 'com.erahub.base.system.controller.SysMenuController.edit()', 'PUT', 1, 'admin', '', '/menu', '127.0.0.1', '', '{\"searchValue\":null,\"createBy\":\"admin\",\"createTime\":\"2022-11-03 15:54:25\",\"updateBy\":\"admin\",\"updateTime\":\"2022-11-05 11:18:15\",\"params\":{},\"parentName\":null,\"parentId\":3,\"children\":[],\"menuId\":\"1588077119135821826\",\"menuName\":\"数据库文档\",\"orderNum\":2,\"path\":\"dbDoc\",\"component\":\"monitor/dbDoc/index\",\"queryParam\":null,\"isFrame\":\"1\",\"isCache\":\"0\",\"menuType\":\"C\",\"visible\":\"0\",\"status\":\"0\",\"perms\":\"system:database:doc:list\",\"icon\":\"date-range\",\"remark\":\"\"}', '{\"code\":200,\"msg\":\"操作成功\",\"data\":null,\"error\":false,\"success\":true}', 0, '', '2022-11-05 11:18:15');
INSERT INTO `sys_oper_log` VALUES (1588732417655721986, '数据库文档', 5, 'com.erahub.base.system.controller.SysDatabaseDocController.exportHtml()', 'GET', 1, 'admin', '', '/db-doc/export-html', '127.0.0.1', '', '', '', 0, '', '2022-11-05 11:18:20');
INSERT INTO `sys_oper_log` VALUES (1588732443379388418, '数据库文档', 5, 'com.erahub.base.system.controller.SysDatabaseDocController.exportHtml()', 'GET', 1, 'admin', '', '/db-doc/export-html', '127.0.0.1', '', '', '', 0, '', '2022-11-05 11:18:26');
INSERT INTO `sys_oper_log` VALUES (1588740012139470849, '菜单管理', 2, 'com.erahub.base.system.controller.SysMenuController.edit()', 'PUT', 1, 'admin', '', '/menu', '127.0.0.1', '', '{\"searchValue\":null,\"createBy\":\"admin\",\"createTime\":\"2022-11-03 15:54:25\",\"updateBy\":\"admin\",\"updateTime\":\"2022-11-05 11:48:30\",\"params\":{},\"parentName\":null,\"parentId\":3,\"children\":[],\"menuId\":\"1588077119135821826\",\"menuName\":\"数据库文档\",\"orderNum\":2,\"path\":\"dbDoc\",\"component\":\"tool/dbDoc/index\",\"queryParam\":null,\"isFrame\":\"1\",\"isCache\":\"0\",\"menuType\":\"C\",\"visible\":\"0\",\"status\":\"0\",\"perms\":\"system:database:doc:list\",\"icon\":\"date-range\",\"remark\":\"\"}', '{\"code\":200,\"msg\":\"操作成功\",\"data\":null,\"error\":false,\"success\":true}', 0, '', '2022-11-05 11:48:31');
INSERT INTO `sys_oper_log` VALUES (1588740038173515777, '数据库文档', 5, 'com.erahub.base.system.controller.SysDatabaseDocController.exportHtml()', 'GET', 1, 'admin', '', '/db-doc/export-html', '127.0.0.1', '', '', '', 0, '', '2022-11-05 11:48:37');
INSERT INTO `sys_oper_log` VALUES (1588740721706655747, '菜单管理', 1, 'com.erahub.base.system.controller.SysMenuController.add()', 'POST', 1, 'admin', '', '/menu', '127.0.0.1', '', '{\"searchValue\":null,\"createBy\":\"admin\",\"createTime\":\"2022-11-05 11:51:20\",\"updateBy\":\"admin\",\"updateTime\":\"2022-11-05 11:51:20\",\"params\":{},\"parentName\":null,\"parentId\":0,\"children\":[],\"menuId\":\"1588740721706655746\",\"menuName\":\"基础服务\",\"orderNum\":4,\"path\":\"baseService\",\"component\":null,\"queryParam\":null,\"isFrame\":\"1\",\"isCache\":\"0\",\"menuType\":\"M\",\"visible\":\"0\",\"status\":\"0\",\"icon\":\"server\",\"remark\":null}', '{\"code\":200,\"msg\":\"操作成功\",\"data\":null,\"error\":false,\"success\":true}', 0, '', '2022-11-05 11:51:20');
INSERT INTO `sys_oper_log` VALUES (1588741343906488322, '菜单管理', 3, 'com.erahub.base.system.controller.SysMenuController.remove()', 'DELETE', 1, 'admin', '', '/menu/1588740721706655746', '127.0.0.1', '', '', '{\"code\":200,\"msg\":\"操作成功\",\"data\":null,\"error\":false,\"success\":true}', 0, '', '2022-11-05 11:53:48');
INSERT INTO `sys_oper_log` VALUES (1588741531060527106, '菜单管理', 2, 'com.erahub.base.system.controller.SysMenuController.edit()', 'PUT', 1, 'admin', '', '/menu', '127.0.0.1', '', '{\"searchValue\":null,\"createBy\":\"admin\",\"createTime\":\"2022-11-03 15:54:25\",\"updateBy\":\"admin\",\"updateTime\":\"2022-11-05 11:54:33\",\"params\":{},\"parentName\":null,\"parentId\":3,\"children\":[],\"menuId\":\"1588077119135821826\",\"menuName\":\"数据库文档\",\"orderNum\":2,\"path\":\"dbDoc\",\"component\":\"tool/dbDoc/index\",\"queryParam\":null,\"isFrame\":\"1\",\"isCache\":\"0\",\"menuType\":\"C\",\"visible\":\"0\",\"status\":\"0\",\"perms\":\"tool:database:doc:list\",\"icon\":\"date-range\",\"remark\":\"\"}', '{\"code\":200,\"msg\":\"操作成功\",\"data\":null,\"error\":false,\"success\":true}', 0, '', '2022-11-05 11:54:33');
INSERT INTO `sys_oper_log` VALUES (1588742925465280514, '菜单管理', 1, 'com.erahub.base.system.controller.SysMenuController.add()', 'POST', 1, 'admin', '', '/menu', '127.0.0.1', '', '{\"searchValue\":null,\"createBy\":\"admin\",\"createTime\":\"2022-11-05 12:00:05\",\"updateBy\":\"admin\",\"updateTime\":\"2022-11-05 12:00:05\",\"params\":{},\"parentName\":null,\"parentId\":0,\"children\":[],\"menuId\":\"1588742925398171649\",\"menuName\":\"基础服务\",\"orderNum\":4,\"path\":\"basicservice\",\"component\":null,\"queryParam\":null,\"isFrame\":\"1\",\"isCache\":\"0\",\"menuType\":\"M\",\"visible\":\"0\",\"status\":\"0\",\"icon\":\"server\",\"remark\":null}', '{\"code\":200,\"msg\":\"操作成功\",\"data\":null,\"error\":false,\"success\":true}', 0, '', '2022-11-05 12:00:06');
INSERT INTO `sys_oper_log` VALUES (1588743128662532098, '菜单管理', 2, 'com.erahub.base.system.controller.SysMenuController.edit()', 'PUT', 1, 'admin', '', '/menu', '127.0.0.1', '', '{\"searchValue\":null,\"createBy\":\"admin\",\"createTime\":\"2022-09-10 17:10:48\",\"updateBy\":\"admin\",\"updateTime\":\"2022-11-05 12:00:53\",\"params\":{},\"parentName\":null,\"parentId\":\"1588742925398171649\",\"children\":[],\"menuId\":118,\"menuName\":\"文件管理\",\"orderNum\":2,\"path\":\"oss\",\"component\":\"basicservice/oss/index\",\"queryParam\":\"\",\"isFrame\":\"1\",\"isCache\":\"0\",\"menuType\":\"C\",\"visible\":\"0\",\"status\":\"0\",\"perms\":\"basicservice:oss:list\",\"icon\":\"upload\",\"remark\":\"文件管理菜单\"}', '{\"code\":200,\"msg\":\"操作成功\",\"data\":null,\"error\":false,\"success\":true}', 0, '', '2022-11-05 12:00:54');
INSERT INTO `sys_oper_log` VALUES (1588743208517885954, '菜单管理', 2, 'com.erahub.base.system.controller.SysMenuController.edit()', 'PUT', 1, 'admin', '', '/menu', '127.0.0.1', '', '{\"searchValue\":null,\"createBy\":\"admin\",\"createTime\":\"2022-09-10 17:10:48\",\"updateBy\":\"admin\",\"updateTime\":\"2022-11-05 12:01:12\",\"params\":{},\"parentName\":null,\"parentId\":\"1588742925398171649\",\"children\":[],\"menuId\":107,\"menuName\":\"通知公告\",\"orderNum\":1,\"path\":\"notice\",\"component\":\"basicservice/notice/index\",\"queryParam\":\"\",\"isFrame\":\"1\",\"isCache\":\"0\",\"menuType\":\"C\",\"visible\":\"0\",\"status\":\"0\",\"perms\":\"basicservice:notice:list\",\"icon\":\"message\",\"remark\":\"通知公告菜单\"}', '{\"code\":200,\"msg\":\"操作成功\",\"data\":null,\"error\":false,\"success\":true}', 0, '', '2022-11-05 12:01:13');
INSERT INTO `sys_oper_log` VALUES (1588823459512434689, '用户头像', 2, 'com.erahub.base.system.controller.SysProfileController.avatar()', 'POST', 1, 'admin', '', '/user/profile/avatar', '127.0.0.1', '', '', '{\"code\":200,\"msg\":\"操作成功\",\"data\":{\"imgUrl\":\"http://127.0.0.1:9000/erahub/2022/11/05/d57d668077674536b839436271b2fb12.jpg\"},\"error\":false,\"success\":true}', 0, '', '2022-11-05 17:20:06');
INSERT INTO `sys_oper_log` VALUES (1588823604891205634, '菜单管理', 2, 'com.erahub.base.system.controller.SysMenuController.edit()', 'PUT', 1, 'admin', '', '/menu', '127.0.0.1', '', '{\"searchValue\":null,\"createBy\":\"admin\",\"createTime\":\"2022-11-03 15:54:25\",\"updateBy\":\"admin\",\"updateTime\":\"2022-11-05 17:20:40\",\"params\":{},\"parentName\":null,\"parentId\":3,\"children\":[],\"menuId\":\"1588077119135821826\",\"menuName\":\"数据库文档\",\"orderNum\":2,\"path\":\"dbDoc\",\"component\":\"tool/dbDoc/index\",\"queryParam\":null,\"isFrame\":\"1\",\"isCache\":\"0\",\"menuType\":\"C\",\"visible\":\"0\",\"status\":\"0\",\"perms\":\"tool:database:doc:list\",\"icon\":\"date-range\",\"remark\":\"\"}', '{\"code\":200,\"msg\":\"操作成功\",\"data\":null,\"error\":false,\"success\":true}', 0, '', '2022-11-05 17:20:41');
INSERT INTO `sys_oper_log` VALUES (1588823955304333313, '数据库文档', 5, 'com.erahub.base.tool.controller.ToDatabaseDocController.exportHtml()', 'GET', 1, 'admin', '', '/db-doc/export-html', '127.0.0.1', '', '', '', 0, '', '2022-11-05 17:22:05');
INSERT INTO `sys_oper_log` VALUES (1588828960090472449, '菜单管理', 2, 'com.erahub.base.system.controller.SysMenuController.edit()', 'PUT', 1, 'admin', '', '/menu', '127.0.0.1', '', '{\"searchValue\":null,\"createBy\":\"admin\",\"createTime\":\"2022-11-03 16:55:29\",\"updateBy\":\"admin\",\"updateTime\":\"2022-11-05 17:41:57\",\"params\":{},\"parentName\":null,\"parentId\":\"1588077119135821826\",\"children\":[],\"menuId\":\"1588092486994432002\",\"menuName\":\"数据库文档导出\",\"orderNum\":1,\"path\":\"\",\"component\":null,\"queryParam\":null,\"isFrame\":\"1\",\"isCache\":\"0\",\"menuType\":\"F\",\"visible\":\"0\",\"status\":\"0\",\"perms\":\"tool:database:doc:export\",\"icon\":\"#\",\"remark\":\"\"}', '{\"code\":200,\"msg\":\"操作成功\",\"data\":null,\"error\":false,\"success\":true}', 0, '', '2022-11-05 17:41:58');
INSERT INTO `sys_oper_log` VALUES (1588829122909159425, '菜单管理', 2, 'com.erahub.base.system.controller.SysMenuController.edit()', 'PUT', 1, 'admin', '', '/menu', '127.0.0.1', '', '{\"searchValue\":null,\"createBy\":\"admin\",\"createTime\":\"2022-09-10 17:10:48\",\"updateBy\":\"admin\",\"updateTime\":\"2022-11-05 17:42:36\",\"params\":{},\"parentName\":null,\"parentId\":107,\"children\":[],\"menuId\":1036,\"menuName\":\"公告查询\",\"orderNum\":1,\"path\":\"#\",\"component\":\"\",\"queryParam\":\"\",\"isFrame\":\"1\",\"isCache\":\"0\",\"menuType\":\"F\",\"visible\":\"0\",\"status\":\"0\",\"perms\":\"basicservice:notice:query\",\"icon\":\"#\",\"remark\":\"\"}', '{\"code\":200,\"msg\":\"操作成功\",\"data\":null,\"error\":false,\"success\":true}', 0, '', '2022-11-05 17:42:37');
INSERT INTO `sys_oper_log` VALUES (1588829145008947201, '菜单管理', 2, 'com.erahub.base.system.controller.SysMenuController.edit()', 'PUT', 1, 'admin', '', '/menu', '127.0.0.1', '', '{\"searchValue\":null,\"createBy\":\"admin\",\"createTime\":\"2022-09-10 17:10:48\",\"updateBy\":\"admin\",\"updateTime\":\"2022-11-05 17:42:41\",\"params\":{},\"parentName\":null,\"parentId\":107,\"children\":[],\"menuId\":1037,\"menuName\":\"公告新增\",\"orderNum\":2,\"path\":\"#\",\"component\":\"\",\"queryParam\":\"\",\"isFrame\":\"1\",\"isCache\":\"0\",\"menuType\":\"F\",\"visible\":\"0\",\"status\":\"0\",\"perms\":\"basicservice:notice:add\",\"icon\":\"#\",\"remark\":\"\"}', '{\"code\":200,\"msg\":\"操作成功\",\"data\":null,\"error\":false,\"success\":true}', 0, '', '2022-11-05 17:42:42');
INSERT INTO `sys_oper_log` VALUES (1588829166999683073, '菜单管理', 2, 'com.erahub.base.system.controller.SysMenuController.edit()', 'PUT', 1, 'admin', '', '/menu', '127.0.0.1', '', '{\"searchValue\":null,\"createBy\":\"admin\",\"createTime\":\"2022-09-10 17:10:48\",\"updateBy\":\"admin\",\"updateTime\":\"2022-11-05 17:42:47\",\"params\":{},\"parentName\":null,\"parentId\":107,\"children\":[],\"menuId\":1038,\"menuName\":\"公告修改\",\"orderNum\":3,\"path\":\"#\",\"component\":\"\",\"queryParam\":\"\",\"isFrame\":\"1\",\"isCache\":\"0\",\"menuType\":\"F\",\"visible\":\"0\",\"status\":\"0\",\"perms\":\"basicservice:notice:edit\",\"icon\":\"#\",\"remark\":\"\"}', '{\"code\":200,\"msg\":\"操作成功\",\"data\":null,\"error\":false,\"success\":true}', 0, '', '2022-11-05 17:42:47');
INSERT INTO `sys_oper_log` VALUES (1588829188482908161, '菜单管理', 2, 'com.erahub.base.system.controller.SysMenuController.edit()', 'PUT', 1, 'admin', '', '/menu', '127.0.0.1', '', '{\"searchValue\":null,\"createBy\":\"admin\",\"createTime\":\"2022-09-10 17:10:48\",\"updateBy\":\"admin\",\"updateTime\":\"2022-11-05 17:42:52\",\"params\":{},\"parentName\":null,\"parentId\":107,\"children\":[],\"menuId\":1039,\"menuName\":\"公告删除\",\"orderNum\":4,\"path\":\"#\",\"component\":\"\",\"queryParam\":\"\",\"isFrame\":\"1\",\"isCache\":\"0\",\"menuType\":\"F\",\"visible\":\"0\",\"status\":\"0\",\"perms\":\"basicservice:notice:remove\",\"icon\":\"#\",\"remark\":\"\"}', '{\"code\":200,\"msg\":\"操作成功\",\"data\":null,\"error\":false,\"success\":true}', 0, '', '2022-11-05 17:42:52');
INSERT INTO `sys_oper_log` VALUES (1588829235425558529, '菜单管理', 2, 'com.erahub.base.system.controller.SysMenuController.edit()', 'PUT', 1, 'admin', '', '/menu', '127.0.0.1', '', '{\"searchValue\":null,\"createBy\":\"admin\",\"createTime\":\"2022-09-10 17:10:48\",\"updateBy\":\"admin\",\"updateTime\":\"2022-11-05 17:43:03\",\"params\":{},\"parentName\":null,\"parentId\":118,\"children\":[],\"menuId\":1600,\"menuName\":\"文件查询\",\"orderNum\":1,\"path\":\"#\",\"component\":\"\",\"queryParam\":\"\",\"isFrame\":\"1\",\"isCache\":\"0\",\"menuType\":\"F\",\"visible\":\"0\",\"status\":\"0\",\"perms\":\"basicservice:oss:query\",\"icon\":\"#\",\"remark\":\"\"}', '{\"code\":200,\"msg\":\"操作成功\",\"data\":null,\"error\":false,\"success\":true}', 0, '', '2022-11-05 17:43:03');
INSERT INTO `sys_oper_log` VALUES (1588829252286660609, '菜单管理', 2, 'com.erahub.base.system.controller.SysMenuController.edit()', 'PUT', 1, 'admin', '', '/menu', '127.0.0.1', '', '{\"searchValue\":null,\"createBy\":\"admin\",\"createTime\":\"2022-09-10 17:10:48\",\"updateBy\":\"admin\",\"updateTime\":\"2022-11-05 17:43:07\",\"params\":{},\"parentName\":null,\"parentId\":118,\"children\":[],\"menuId\":1601,\"menuName\":\"文件上传\",\"orderNum\":2,\"path\":\"#\",\"component\":\"\",\"queryParam\":\"\",\"isFrame\":\"1\",\"isCache\":\"0\",\"menuType\":\"F\",\"visible\":\"0\",\"status\":\"0\",\"perms\":\"basicservice:oss:upload\",\"icon\":\"#\",\"remark\":\"\"}', '{\"code\":200,\"msg\":\"操作成功\",\"data\":null,\"error\":false,\"success\":true}', 0, '', '2022-11-05 17:43:07');
INSERT INTO `sys_oper_log` VALUES (1588829284301783042, '菜单管理', 2, 'com.erahub.base.system.controller.SysMenuController.edit()', 'PUT', 1, 'admin', '', '/menu', '127.0.0.1', '', '{\"searchValue\":null,\"createBy\":\"admin\",\"createTime\":\"2022-09-10 17:10:48\",\"updateBy\":\"admin\",\"updateTime\":\"2022-11-05 17:43:15\",\"params\":{},\"parentName\":null,\"parentId\":118,\"children\":[],\"menuId\":1602,\"menuName\":\"文件下载\",\"orderNum\":3,\"path\":\"#\",\"component\":\"\",\"queryParam\":\"\",\"isFrame\":\"1\",\"isCache\":\"0\",\"menuType\":\"F\",\"visible\":\"0\",\"status\":\"0\",\"perms\":\"basicservice:oss:download\",\"icon\":\"#\",\"remark\":\"\"}', '{\"code\":200,\"msg\":\"操作成功\",\"data\":null,\"error\":false,\"success\":true}', 0, '', '2022-11-05 17:43:15');
INSERT INTO `sys_oper_log` VALUES (1588829306095386625, '菜单管理', 2, 'com.erahub.base.system.controller.SysMenuController.edit()', 'PUT', 1, 'admin', '', '/menu', '127.0.0.1', '', '{\"searchValue\":null,\"createBy\":\"admin\",\"createTime\":\"2022-09-10 17:10:48\",\"updateBy\":\"admin\",\"updateTime\":\"2022-11-05 17:43:20\",\"params\":{},\"parentName\":null,\"parentId\":118,\"children\":[],\"menuId\":1603,\"menuName\":\"文件删除\",\"orderNum\":4,\"path\":\"#\",\"component\":\"\",\"queryParam\":\"\",\"isFrame\":\"1\",\"isCache\":\"0\",\"menuType\":\"F\",\"visible\":\"0\",\"status\":\"0\",\"perms\":\"basicservice:oss:remove\",\"icon\":\"#\",\"remark\":\"\"}', '{\"code\":200,\"msg\":\"操作成功\",\"data\":null,\"error\":false,\"success\":true}', 0, '', '2022-11-05 17:43:20');
INSERT INTO `sys_oper_log` VALUES (1588829324546129921, '菜单管理', 2, 'com.erahub.base.system.controller.SysMenuController.edit()', 'PUT', 1, 'admin', '', '/menu', '127.0.0.1', '', '{\"searchValue\":null,\"createBy\":\"admin\",\"createTime\":\"2022-09-10 17:10:48\",\"updateBy\":\"admin\",\"updateTime\":\"2022-11-05 17:43:24\",\"params\":{},\"parentName\":null,\"parentId\":118,\"children\":[],\"menuId\":1604,\"menuName\":\"配置添加\",\"orderNum\":5,\"path\":\"#\",\"component\":\"\",\"queryParam\":\"\",\"isFrame\":\"1\",\"isCache\":\"0\",\"menuType\":\"F\",\"visible\":\"0\",\"status\":\"0\",\"perms\":\"basicservice:oss:add\",\"icon\":\"#\",\"remark\":\"\"}', '{\"code\":200,\"msg\":\"操作成功\",\"data\":null,\"error\":false,\"success\":true}', 0, '', '2022-11-05 17:43:25');
INSERT INTO `sys_oper_log` VALUES (1588829341071687681, '菜单管理', 2, 'com.erahub.base.system.controller.SysMenuController.edit()', 'PUT', 1, 'admin', '', '/menu', '127.0.0.1', '', '{\"searchValue\":null,\"createBy\":\"admin\",\"createTime\":\"2022-09-10 17:10:48\",\"updateBy\":\"admin\",\"updateTime\":\"2022-11-05 17:43:28\",\"params\":{},\"parentName\":null,\"parentId\":118,\"children\":[],\"menuId\":1605,\"menuName\":\"配置编辑\",\"orderNum\":6,\"path\":\"#\",\"component\":\"\",\"queryParam\":\"\",\"isFrame\":\"1\",\"isCache\":\"0\",\"menuType\":\"F\",\"visible\":\"0\",\"status\":\"0\",\"perms\":\"basicservice:oss:edit\",\"icon\":\"#\",\"remark\":\"\"}', '{\"code\":200,\"msg\":\"操作成功\",\"data\":null,\"error\":false,\"success\":true}', 0, '', '2022-11-05 17:43:29');
INSERT INTO `sys_oper_log` VALUES (1588830734125821953, '数据库文档', 5, 'com.erahub.base.tool.controller.ToDatabaseDocController.exportHtml()', 'GET', 1, 'admin', '', '/db-doc/export-html', '127.0.0.1', '', '', '', 0, '', '2022-11-05 17:49:01');
INSERT INTO `sys_oper_log` VALUES (1588830846516391938, '代码生成', 2, 'com.erahub.base.tool.controller.ToGenController.editSave()', 'PUT', 1, 'admin', '', '/gen', '127.0.0.1', '', '{\"searchValue\":null,\"createBy\":null,\"createTime\":null,\"updateBy\":\"admin\",\"updateTime\":\"2022-11-05 17:49:27\",\"params\":{\"treeCode\":null,\"treeName\":null,\"treeParentCode\":null,\"parentMenuId\":\"5\"},\"tableId\":\"1574229171989590017\",\"tableName\":\"sys_user\",\"tableComment\":\"用户信息表\",\"subTableName\":null,\"subTableFkName\":null,\"className\":\"SysUser\",\"tplCategory\":\"crud\",\"packageName\":\"com.erahub.cr\",\"moduleName\":\"cr\",\"businessName\":\"cr\",\"functionName\":\"财务\",\"functionAuthor\":\"erahub\",\"genType\":\"0\",\"genPath\":\"/\",\"pkColumn\":null,\"subTable\":null,\"columns\":[{\"searchValue\":null,\"createBy\":\"admin\",\"createTime\":\"2022-09-26 10:47:37\",\"updateBy\":\"admin\",\"updateTime\":\"2022-11-05 17:49:27\",\"params\":{},\"columnId\":\"1574229172060893186\",\"tableId\":\"1574229171989590017\",\"columnName\":\"user_id\",\"columnComment\":\"用户ID\",\"columnType\":\"bigint\",\"javaType\":\"Long\",\"javaField\":\"userId\",\"isPk\":\"1\",\"isIncrement\":\"0\",\"isRequired\":\"1\",\"isInsert\":null,\"isEdit\":\"1\",\"isList\":\"1\",\"isQuery\":null,\"queryType\":\"EQ\",\"htmlType\":\"input\",\"dictType\":\"\",\"sort\":1,\"required\":true,\"insert\":false,\"edit\":true,\"usableColumn\":false,\"superColumn\":false,\"pk\":true,\"list\":true,\"increment\":false,\"capJavaField\":\"UserId\",\"query\":false},{\"searchValue\":null,\"createBy\":\"admin\",\"createTime\":\"2022-09-26 10:47:37\",\"updateBy\":\"admin\",\"updateTime\":\"2022-11-05 17:49:27\",\"params\":{},\"columnId\":\"1574229172081864706\",\"tableId\":\"1574229171989590017\",\"columnName\":\"dept_id\",\"columnComment\":\"部门ID\",\"columnType\":\"bigint\",\"javaType\":\"Long\",\"javaField\":\"deptId\",\"isPk\":\"0\",\"isIncrement\":\"0\",\"isRequired\":\"1\",\"isInsert\":\"1\",\"isEdit\":\"1\",\"isList\":\"1\",\"isQuery\":\"1\",\"queryType\":\"EQ\",\"htmlType\":\"input\",\"dictType\":\"\",\"sort\":2,\"required\":true,\"insert\":true,\"edit\":true,\"usableColumn\":false,\"superColumn\":false,\"pk\":false,\"list\":true,\"increment\":false,\"capJavaField\":\"DeptId\",\"query\":true},{\"searchValue\":null,\"createBy\":\"admin\",\"createTime\":\"2022-09-26 10:47:37\",\"updateBy\":\"admin\",\"updateTime\":\"2022-11-05 17:49:27\",\"params\":{},\"columnId\":\"1574229172098641922\",\"tableId\":\"15742', '{\"code\":200,\"msg\":\"操作成功\",\"data\":null,\"error\":false,\"success\":true}', 0, '', '2022-11-05 17:49:28');
INSERT INTO `sys_oper_log` VALUES (1588830931673346050, '数据库文档', 5, 'com.erahub.base.tool.controller.ToDatabaseDocController.exportHtml()', 'GET', 1, 'admin', '', '/db-doc/export-html', '127.0.0.1', '', '', '', 0, '', '2022-11-05 17:49:48');
INSERT INTO `sys_oper_log` VALUES (1588830957279571970, '代码生成', 6, 'com.erahub.base.tool.controller.ToGenController.importTableSave()', 'POST', 1, 'admin', '', '/gen/importTable', '127.0.0.1', '', '\"sys_logininfor\"', '', 1, '导入失败：null', '2022-11-05 17:49:54');
INSERT INTO `sys_oper_log` VALUES (1588830989827371010, '代码生成', 6, 'com.erahub.base.tool.controller.ToGenController.importTableSave()', 'POST', 1, 'admin', '', '/gen/importTable', '127.0.0.1', '', '\"sys_logininfor\"', '', 1, '导入失败：null', '2022-11-05 17:50:02');
INSERT INTO `sys_oper_log` VALUES (1588831055879270401, '数据库文档', 5, 'com.erahub.base.tool.controller.ToDatabaseDocController.exportHtml()', 'GET', 1, 'admin', '', '/db-doc/export-html', '127.0.0.1', '', '', '', 0, '', '2022-11-05 17:50:17');
INSERT INTO `sys_oper_log` VALUES (1588831059641561089, '数据库文档', 5, 'com.erahub.base.tool.controller.ToDatabaseDocController.exportHtml()', 'GET', 1, 'admin', '', '/db-doc/export-html', '127.0.0.1', '', '', '', 0, '', '2022-11-05 17:50:18');
INSERT INTO `sys_oper_log` VALUES (1588831170215997441, '代码生成', 6, 'com.erahub.base.tool.controller.ToGenController.importTableSave()', 'POST', 1, 'admin', '', '/gen/importTable', '127.0.0.1', '', '\"sys_logininfor\"', '', 1, '导入失败：null', '2022-11-05 17:50:45');
INSERT INTO `sys_oper_log` VALUES (1588831388747624449, '代码生成', 6, 'com.erahub.base.tool.controller.ToGenController.importTableSave()', 'POST', 1, 'admin', '', '/gen/importTable', '127.0.0.1', '', '\"sys_logininfor\"', '', 1, '导入失败：null', '2022-11-05 17:51:37');
INSERT INTO `sys_oper_log` VALUES (1588831411354923009, '代码生成', 6, 'com.erahub.base.tool.controller.ToGenController.importTableSave()', 'POST', 1, 'admin', '', '/gen/importTable', '127.0.0.1', '', '\"sys_logininfor\"', '', 1, '导入失败：null', '2022-11-05 17:51:42');
INSERT INTO `sys_oper_log` VALUES (1588831430531280898, '代码生成', 6, 'com.erahub.base.tool.controller.ToGenController.importTableSave()', 'POST', 1, 'admin', '', '/gen/importTable', '127.0.0.1', '', '\"sys_logininfor\"', '', 1, '导入失败：null', '2022-11-05 17:51:47');
INSERT INTO `sys_oper_log` VALUES (1588831462286356482, '代码生成', 6, 'com.erahub.base.tool.controller.ToGenController.importTableSave()', 'POST', 1, 'admin', '', '/gen/importTable', '127.0.0.1', '', '\"sys_logininfor\"', '', 1, '导入失败：null', '2022-11-05 17:51:54');
INSERT INTO `sys_oper_log` VALUES (1588831634336706562, '代码生成', 6, 'com.erahub.base.tool.controller.ToGenController.importTableSave()', 'POST', 1, 'admin', '', '/gen/importTable', '127.0.0.1', '', '\"sys_logininfor\"', '', 1, '导入失败：null', '2022-11-05 17:52:35');
INSERT INTO `sys_oper_log` VALUES (1588831661532573697, '代码生成', 6, 'com.erahub.base.tool.controller.ToGenController.importTableSave()', 'POST', 1, 'admin', '', '/gen/importTable', '127.0.0.1', '', '\"sys_logininfor\"', '', 1, '导入失败：null', '2022-11-05 17:52:42');
INSERT INTO `sys_oper_log` VALUES (1588831727714496514, '代码生成', 6, 'com.erahub.base.tool.controller.ToGenController.importTableSave()', 'POST', 1, 'admin', '', '/gen/importTable', '127.0.0.1', '', '\"sys_logininfor\"', '', 1, '导入失败：null', '2022-11-05 17:52:58');
INSERT INTO `sys_oper_log` VALUES (1588832099564711938, '代码生成', 6, 'com.erahub.base.tool.controller.ToGenController.importTableSave()', 'POST', 1, 'admin', '', '/gen/importTable', '127.0.0.1', '', '\"sys_logininfor\"', '', 1, '导入失败：null', '2022-11-05 17:54:26');
INSERT INTO `sys_oper_log` VALUES (1588835435458301954, '代码生成', 8, 'com.erahub.base.tool.controller.ToGenController.batchGenCode()', 'GET', 1, 'admin', '', '/gen/batchGenCode', '127.0.0.1', '', '', '', 0, '', '2022-11-05 18:07:42');
INSERT INTO `sys_oper_log` VALUES (1588835556669493250, '代码生成', 2, 'com.erahub.base.tool.controller.ToGenController.editSave()', 'PUT', 1, 'admin', '', '/gen', '127.0.0.1', '', '{\"searchValue\":null,\"createBy\":null,\"createTime\":null,\"updateBy\":\"admin\",\"updateTime\":\"2022-11-05 18:08:10\",\"params\":{\"treeCode\":null,\"treeName\":null,\"treeParentCode\":null,\"parentMenuId\":\"5\"},\"tableId\":\"1574229171989590017\",\"tableName\":\"sys_user\",\"tableComment\":\"用户信息表\",\"subTableName\":null,\"subTableFkName\":null,\"className\":\"SysUser\",\"tplCategory\":\"crud\",\"packageName\":\"com.erahub.cr\",\"moduleName\":\"cr\",\"businessName\":\"cr\",\"functionName\":\"财务\",\"functionAuthor\":\"erahub\",\"genType\":\"0\",\"genPath\":\"/\",\"pkColumn\":null,\"subTable\":null,\"columns\":[{\"searchValue\":null,\"createBy\":\"admin\",\"createTime\":\"2022-09-26 10:47:37\",\"updateBy\":\"admin\",\"updateTime\":\"2022-11-05 18:08:10\",\"params\":{},\"columnId\":\"1574229172060893186\",\"tableId\":\"1574229171989590017\",\"columnName\":\"user_id\",\"columnComment\":\"用户ID\",\"columnType\":\"bigint\",\"javaType\":\"Long\",\"javaField\":\"userId\",\"isPk\":\"1\",\"isIncrement\":\"0\",\"isRequired\":\"1\",\"isInsert\":null,\"isEdit\":\"1\",\"isList\":\"1\",\"isQuery\":null,\"queryType\":\"EQ\",\"htmlType\":\"input\",\"dictType\":\"\",\"sort\":1,\"query\":false,\"increment\":false,\"capJavaField\":\"UserId\",\"required\":true,\"list\":true,\"insert\":false,\"superColumn\":false,\"usableColumn\":false,\"edit\":true,\"pk\":true},{\"searchValue\":null,\"createBy\":\"admin\",\"createTime\":\"2022-09-26 10:47:37\",\"updateBy\":\"admin\",\"updateTime\":\"2022-11-05 18:08:10\",\"params\":{},\"columnId\":\"1574229172081864706\",\"tableId\":\"1574229171989590017\",\"columnName\":\"dept_id\",\"columnComment\":\"部门ID\",\"columnType\":\"bigint\",\"javaType\":\"Long\",\"javaField\":\"deptId\",\"isPk\":\"0\",\"isIncrement\":\"0\",\"isRequired\":\"1\",\"isInsert\":\"1\",\"isEdit\":\"1\",\"isList\":\"1\",\"isQuery\":\"1\",\"queryType\":\"EQ\",\"htmlType\":\"input\",\"dictType\":\"\",\"sort\":2,\"query\":true,\"increment\":false,\"capJavaField\":\"DeptId\",\"required\":true,\"list\":true,\"insert\":true,\"superColumn\":false,\"usableColumn\":false,\"edit\":true,\"pk\":false},{\"searchValue\":null,\"createBy\":\"admin\",\"createTime\":\"2022-09-26 10:47:37\",\"updateBy\":\"admin\",\"updateTime\":\"2022-11-05 18:08:10\",\"params\":{},\"columnId\":\"1574229172098641922\",\"tableId\":\"15742', '{\"code\":200,\"msg\":\"操作成功\",\"data\":null,\"error\":false,\"success\":true}', 0, '', '2022-11-05 18:08:11');
INSERT INTO `sys_oper_log` VALUES (1588835753160052738, '代码生成', 2, 'com.erahub.base.tool.controller.ToGenController.editSave()', 'PUT', 1, 'admin', '', '/gen', '127.0.0.1', '', '{\"searchValue\":null,\"createBy\":null,\"createTime\":null,\"updateBy\":\"admin\",\"updateTime\":\"2022-11-05 18:08:57\",\"params\":{\"treeCode\":null,\"treeName\":null,\"treeParentCode\":null,\"parentMenuId\":\"5\"},\"tableId\":\"1574229171989590017\",\"tableName\":\"sys_user\",\"tableComment\":\"用户信息表\",\"subTableName\":null,\"subTableFkName\":null,\"className\":\"SysUser\",\"tplCategory\":\"crud\",\"packageName\":\"com.erahub.cr\",\"moduleName\":\"cr\",\"businessName\":\"cr\",\"functionName\":\"财务\",\"functionAuthor\":\"erahub\",\"genType\":\"0\",\"genPath\":\"/\",\"pkColumn\":null,\"subTable\":null,\"columns\":[{\"searchValue\":null,\"createBy\":\"admin\",\"createTime\":\"2022-09-26 10:47:37\",\"updateBy\":\"admin\",\"updateTime\":\"2022-11-05 18:08:57\",\"params\":{},\"columnId\":\"1574229172060893186\",\"tableId\":\"1574229171989590017\",\"columnName\":\"user_id\",\"columnComment\":\"用户ID\",\"columnType\":\"bigint\",\"javaType\":\"Long\",\"javaField\":\"userId\",\"isPk\":\"1\",\"isIncrement\":\"0\",\"isRequired\":\"1\",\"isInsert\":null,\"isEdit\":\"1\",\"isList\":\"1\",\"isQuery\":null,\"queryType\":\"EQ\",\"htmlType\":\"input\",\"dictType\":\"\",\"sort\":1,\"query\":false,\"increment\":false,\"capJavaField\":\"UserId\",\"required\":true,\"list\":true,\"insert\":false,\"superColumn\":false,\"usableColumn\":false,\"edit\":true,\"pk\":true},{\"searchValue\":null,\"createBy\":\"admin\",\"createTime\":\"2022-09-26 10:47:37\",\"updateBy\":\"admin\",\"updateTime\":\"2022-11-05 18:08:57\",\"params\":{},\"columnId\":\"1574229172081864706\",\"tableId\":\"1574229171989590017\",\"columnName\":\"dept_id\",\"columnComment\":\"部门ID\",\"columnType\":\"bigint\",\"javaType\":\"Long\",\"javaField\":\"deptId\",\"isPk\":\"0\",\"isIncrement\":\"0\",\"isRequired\":\"1\",\"isInsert\":\"1\",\"isEdit\":\"1\",\"isList\":\"1\",\"isQuery\":\"1\",\"queryType\":\"EQ\",\"htmlType\":\"input\",\"dictType\":\"\",\"sort\":2,\"query\":true,\"increment\":false,\"capJavaField\":\"DeptId\",\"required\":true,\"list\":true,\"insert\":true,\"superColumn\":false,\"usableColumn\":false,\"edit\":true,\"pk\":false},{\"searchValue\":null,\"createBy\":\"admin\",\"createTime\":\"2022-09-26 10:47:37\",\"updateBy\":\"admin\",\"updateTime\":\"2022-11-05 18:08:57\",\"params\":{},\"columnId\":\"1574229172098641922\",\"tableId\":\"15742', '{\"code\":200,\"msg\":\"操作成功\",\"data\":null,\"error\":false,\"success\":true}', 0, '', '2022-11-05 18:08:57');
INSERT INTO `sys_oper_log` VALUES (1588835779974238209, '代码生成', 3, 'com.erahub.base.tool.controller.ToGenController.remove()', 'DELETE', 1, 'admin', '', '/gen/1576018664091275265', '127.0.0.1', '', '', '{\"code\":200,\"msg\":\"操作成功\",\"data\":null,\"error\":false,\"success\":true}', 0, '', '2022-11-05 18:09:04');
INSERT INTO `sys_oper_log` VALUES (1588835793211461633, '代码生成', 8, 'com.erahub.base.tool.controller.ToGenController.batchGenCode()', 'GET', 1, 'admin', '', '/gen/batchGenCode', '127.0.0.1', '', '', '', 0, '', '2022-11-05 18:09:07');
INSERT INTO `sys_oper_log` VALUES (1588835893283360770, '代码生成', 6, 'com.erahub.base.tool.controller.ToGenController.importTableSave()', 'POST', 1, 'admin', '', '/gen/importTable', '127.0.0.1', '', '\"sys_logininfor\"', '{\"code\":200,\"msg\":\"操作成功\",\"data\":null,\"error\":false,\"success\":true}', 0, '', '2022-11-05 18:09:31');
INSERT INTO `sys_oper_log` VALUES (1588835973595893761, '代码生成', 2, 'com.erahub.base.tool.controller.ToGenController.editSave()', 'PUT', 1, 'admin', '', '/gen', '127.0.0.1', '', '{\"searchValue\":null,\"createBy\":null,\"createTime\":null,\"updateBy\":\"admin\",\"updateTime\":\"2022-11-05 18:09:49\",\"params\":{\"treeCode\":null,\"treeName\":null,\"treeParentCode\":null,\"parentMenuId\":105},\"tableId\":\"1588835893153337346\",\"tableName\":\"sys_logininfor\",\"tableComment\":\"系统访问记录\",\"subTableName\":\"\",\"subTableFkName\":\"\",\"className\":\"SysLogininfor\",\"tplCategory\":\"crud\",\"packageName\":\"com.erahub.base\",\"moduleName\":\"base\",\"businessName\":\"logininfor\",\"functionName\":\"系统访问记录\",\"functionAuthor\":\"erahub\",\"genType\":\"0\",\"genPath\":\"/\",\"pkColumn\":null,\"subTable\":null,\"columns\":[{\"searchValue\":null,\"createBy\":\"admin\",\"createTime\":\"2022-11-05 18:09:31\",\"updateBy\":\"admin\",\"updateTime\":\"2022-11-05 18:09:49\",\"params\":{},\"columnId\":\"1588835893220446210\",\"tableId\":\"1588835893153337346\",\"columnName\":\"info_id\",\"columnComment\":\"访问ID\",\"columnType\":\"bigint\",\"javaType\":\"Long\",\"javaField\":\"infoId\",\"isPk\":\"1\",\"isIncrement\":\"0\",\"isRequired\":\"1\",\"isInsert\":null,\"isEdit\":\"1\",\"isList\":\"1\",\"isQuery\":null,\"queryType\":\"EQ\",\"htmlType\":\"input\",\"dictType\":\"\",\"sort\":1,\"query\":false,\"increment\":false,\"capJavaField\":\"InfoId\",\"required\":true,\"list\":true,\"insert\":false,\"superColumn\":false,\"usableColumn\":false,\"edit\":true,\"pk\":true},{\"searchValue\":null,\"createBy\":\"admin\",\"createTime\":\"2022-11-05 18:09:31\",\"updateBy\":\"admin\",\"updateTime\":\"2022-11-05 18:09:49\",\"params\":{},\"columnId\":\"1588835893220446211\",\"tableId\":\"1588835893153337346\",\"columnName\":\"user_name\",\"columnComment\":\"用户账号\",\"columnType\":\"varchar(50)\",\"javaType\":\"String\",\"javaField\":\"userName\",\"isPk\":\"0\",\"isIncrement\":\"0\",\"isRequired\":\"1\",\"isInsert\":\"1\",\"isEdit\":\"1\",\"isList\":\"1\",\"isQuery\":\"1\",\"queryType\":\"LIKE\",\"htmlType\":\"input\",\"dictType\":\"\",\"sort\":2,\"query\":true,\"increment\":false,\"capJavaField\":\"UserName\",\"required\":true,\"list\":true,\"insert\":true,\"superColumn\":false,\"usableColumn\":false,\"edit\":true,\"pk\":false},{\"searchValue\":null,\"createBy\":\"admin\",\"createTime\":\"2022-11-05 18:09:31\",\"updateBy\":\"admin\",\"updateTime\":\"2022-11-05 18:09:49\",\"params\":{},\"columnId', '{\"code\":200,\"msg\":\"操作成功\",\"data\":null,\"error\":false,\"success\":true}', 0, '', '2022-11-05 18:09:50');
INSERT INTO `sys_oper_log` VALUES (1588836068563324929, '代码生成', 2, 'com.erahub.base.tool.controller.ToGenController.editSave()', 'PUT', 1, 'admin', '', '/gen', '127.0.0.1', '', '{\"searchValue\":null,\"createBy\":null,\"createTime\":null,\"updateBy\":\"admin\",\"updateTime\":\"2022-11-05 18:10:12\",\"params\":{\"treeCode\":null,\"treeName\":null,\"treeParentCode\":null,\"parentMenuId\":\"1588742925398171649\"},\"tableId\":\"1588835893153337346\",\"tableName\":\"sys_logininfor\",\"tableComment\":\"系统访问记录\",\"subTableName\":\"\",\"subTableFkName\":\"\",\"className\":\"SysLogininfor\",\"tplCategory\":\"crud\",\"packageName\":\"com.erahub.base\",\"moduleName\":\"base\",\"businessName\":\"logininfor\",\"functionName\":\"系统访问记录\",\"functionAuthor\":\"erahub\",\"genType\":\"0\",\"genPath\":\"/\",\"pkColumn\":null,\"subTable\":null,\"columns\":[{\"searchValue\":null,\"createBy\":\"admin\",\"createTime\":\"2022-11-05 18:09:31\",\"updateBy\":\"admin\",\"updateTime\":\"2022-11-05 18:10:12\",\"params\":{},\"columnId\":\"1588835893220446210\",\"tableId\":\"1588835893153337346\",\"columnName\":\"info_id\",\"columnComment\":\"访问ID\",\"columnType\":\"bigint\",\"javaType\":\"Long\",\"javaField\":\"infoId\",\"isPk\":\"1\",\"isIncrement\":\"0\",\"isRequired\":\"1\",\"isInsert\":null,\"isEdit\":\"1\",\"isList\":\"1\",\"isQuery\":null,\"queryType\":\"EQ\",\"htmlType\":\"input\",\"dictType\":\"\",\"sort\":1,\"query\":false,\"increment\":false,\"capJavaField\":\"InfoId\",\"required\":true,\"list\":true,\"insert\":false,\"superColumn\":false,\"usableColumn\":false,\"edit\":true,\"pk\":true},{\"searchValue\":null,\"createBy\":\"admin\",\"createTime\":\"2022-11-05 18:09:31\",\"updateBy\":\"admin\",\"updateTime\":\"2022-11-05 18:10:12\",\"params\":{},\"columnId\":\"1588835893220446211\",\"tableId\":\"1588835893153337346\",\"columnName\":\"user_name\",\"columnComment\":\"用户账号\",\"columnType\":\"varchar(50)\",\"javaType\":\"String\",\"javaField\":\"userName\",\"isPk\":\"0\",\"isIncrement\":\"0\",\"isRequired\":\"1\",\"isInsert\":\"1\",\"isEdit\":\"1\",\"isList\":\"1\",\"isQuery\":\"1\",\"queryType\":\"LIKE\",\"htmlType\":\"input\",\"dictType\":\"\",\"sort\":2,\"query\":true,\"increment\":false,\"capJavaField\":\"UserName\",\"required\":true,\"list\":true,\"insert\":true,\"superColumn\":false,\"usableColumn\":false,\"edit\":true,\"pk\":false},{\"searchValue\":null,\"createBy\":\"admin\",\"createTime\":\"2022-11-05 18:09:31\",\"updateBy\":\"admin\",\"updateTime\":\"2022-11-05 18:10:12\",\"pa', '{\"code\":200,\"msg\":\"操作成功\",\"data\":null,\"error\":false,\"success\":true}', 0, '', '2022-11-05 18:10:13');
INSERT INTO `sys_oper_log` VALUES (1588836300864851971, '通知公告', 1, 'com.erahub.base.basicservice.controller.BSNoticeController.add()', 'POST', 1, 'admin', '', '/notice', '127.0.0.1', '', '{\"searchValue\":null,\"createBy\":\"admin\",\"createTime\":\"2022-11-05 18:11:07\",\"updateBy\":\"admin\",\"updateTime\":\"2022-11-05 18:11:07\",\"params\":{},\"noticeId\":\"1588836300864851970\",\"noticeTitle\":\"sss\",\"noticeType\":\"1\",\"noticeContent\":\"ss\",\"status\":\"0\",\"remark\":null}', '{\"code\":200,\"msg\":\"操作成功\",\"data\":null,\"error\":false,\"success\":true}', 0, '', '2022-11-05 18:11:08');
INSERT INTO `sys_oper_log` VALUES (1588836378178457601, 'OSS对象存储', 1, 'com.erahub.base.basicservice.controller.BSOssController.upload()', 'POST', 1, 'admin', '', '/oss/upload', '127.0.0.1', '', '', '{\"code\":200,\"msg\":\"操作成功\",\"data\":{\"ossId\":\"1588836378111348738\",\"url\":\"http://127.0.0.1:9000/erahub/2022/11/05/85462dc7b45e426e9d9c887ad11bc226.jpg\",\"fileName\":\"-1c1009017f8b7159.jpg\"},\"error\":false,\"success\":true}', 0, '', '2022-11-05 18:11:26');
INSERT INTO `sys_oper_log` VALUES (1588837977944723457, '角色管理', 2, 'com.erahub.base.system.controller.SysRoleController.edit()', 'PUT', 1, 'admin', '', '/role', '127.0.0.1', '', '{\"searchValue\":null,\"createBy\":\"admin\",\"createTime\":\"2022-09-12 16:43:29\",\"updateBy\":\"admin\",\"updateTime\":\"2022-11-05 18:17:47\",\"params\":{},\"roleId\":\"1569245300584591362\",\"roleName\":\"test01\",\"roleKey\":\"test01\",\"roleSort\":3,\"dataScope\":\"1\",\"menuCheckStrictly\":true,\"deptCheckStrictly\":true,\"status\":\"0\",\"delFlag\":\"0\",\"remark\":null,\"flag\":false,\"menuIds\":[2,3,115,\"1588742925398171649\",107,118,1,100,1001,1002,1003,1004,1005,1006,1007,101,1008,1009,1010,1011,1012,102,1013,1014,1015,1016,103,1017,1018,1019,1020,104,1021,1022,1023,1024,1025,105,1026,1027,1028,1029,1030,106,1031,1032,1033,1034,1035,108,500,1040,1041,1042,501,1043,1044,1045,1050,109,1046,1047,1048,\"1570009901798481921\",\"1570010319794429953\",\"1570022388644143106\",1055,1056,1059,1036,1037,1600,1602],\"deptIds\":null,\"permissions\":null,\"admin\":false}', '{\"code\":200,\"msg\":\"操作成功\",\"data\":null,\"error\":false,\"success\":true}', 0, '', '2022-11-05 18:17:48');
INSERT INTO `sys_oper_log` VALUES (1588838153216299010, '数据库文档', 5, 'com.erahub.base.tool.controller.ToDatabaseDocController.exportHtml()', 'GET', 1, 'test01', '', '/db-doc/export-html', '127.0.0.1', '', '', '', 0, '', '2022-11-05 18:18:30');
INSERT INTO `sys_oper_log` VALUES (1588838155552526337, '数据库文档', 5, 'com.erahub.base.tool.controller.ToDatabaseDocController.exportHtml()', 'GET', 1, 'test01', '', '/db-doc/export-html', '127.0.0.1', '', '', '', 0, '', '2022-11-05 18:18:30');
INSERT INTO `sys_oper_log` VALUES (1588838579672158209, '菜单管理', 1, 'com.erahub.base.system.controller.SysMenuController.add()', 'POST', 1, 'test01', '', '/menu', '127.0.0.1', '', '{\"searchValue\":null,\"createBy\":null,\"createTime\":null,\"updateBy\":null,\"updateTime\":null,\"params\":{},\"parentName\":null,\"parentId\":0,\"children\":[],\"menuId\":null,\"menuName\":\"基础服务\",\"orderNum\":4,\"path\":\"basicservice\",\"component\":null,\"queryParam\":null,\"isFrame\":\"1\",\"isCache\":\"0\",\"menuType\":\"M\",\"visible\":\"0\",\"status\":\"0\",\"icon\":\"server\",\"remark\":null}', '{\"code\":500,\"msg\":\"新增菜单\'基础服务\'失败，菜单名称已存在\",\"data\":null,\"error\":true,\"success\":false}', 0, '', '2022-11-05 18:20:11');
INSERT INTO `sys_oper_log` VALUES (1588839883333144578, '用户管理', 2, 'com.erahub.base.system.controller.SysUserController.edit()', 'PUT', 1, 'admin', '', '/user', '127.0.0.1', '', '{\"searchValue\":null,\"createBy\":\"admin\",\"createTime\":\"2022-09-12 16:44:37\",\"updateBy\":\"admin\",\"updateTime\":\"2022-11-05 18:25:22\",\"params\":{},\"userId\":\"1569245585432358914\",\"deptId\":109,\"userName\":\"test01\",\"nickName\":\"test01\",\"userType\":\"sys_user\",\"email\":\"\",\"phonenumber\":\"\",\"sex\":\"0\",\"avatar\":\"http://127.0.0.1:9000/erahub/2022/11/03/f7b4be827e554cb0ac4ac31fb16b0c33.jpg\",\"status\":\"0\",\"delFlag\":\"0\",\"loginIp\":\"\",\"loginDate\":null,\"remark\":null,\"dept\":{\"searchValue\":null,\"createBy\":null,\"createTime\":null,\"updateBy\":null,\"updateTime\":null,\"params\":{},\"parentName\":null,\"parentId\":102,\"children\":[],\"deptId\":109,\"deptName\":\"财务部门\",\"orderNum\":2,\"leader\":\"erahub\",\"phone\":null,\"email\":null,\"status\":\"0\",\"delFlag\":null,\"ancestors\":\"0,100,102\"},\"roles\":[{\"searchValue\":null,\"createBy\":null,\"createTime\":null,\"updateBy\":null,\"updateTime\":null,\"params\":{},\"roleId\":2,\"roleName\":\"管理员\",\"roleKey\":\"common\",\"roleSort\":2,\"dataScope\":\"2\",\"menuCheckStrictly\":null,\"deptCheckStrictly\":null,\"status\":\"0\",\"delFlag\":null,\"remark\":null,\"flag\":false,\"menuIds\":null,\"deptIds\":null,\"permissions\":null,\"admin\":false}],\"roleIds\":[\"1569245300584591362\"],\"postIds\":[],\"roleId\":null,\"admin\":false}', '{\"code\":200,\"msg\":\"操作成功\",\"data\":null,\"error\":false,\"success\":true}', 0, '', '2022-11-05 18:25:22');
INSERT INTO `sys_oper_log` VALUES (1588839946428059650, '角色管理', 2, 'com.erahub.base.system.controller.SysRoleController.edit()', 'PUT', 1, 'admin', '', '/role', '127.0.0.1', '', '{\"searchValue\":null,\"createBy\":\"admin\",\"createTime\":\"2022-09-10 17:10:48\",\"updateBy\":\"admin\",\"updateTime\":\"2022-11-05 18:25:37\",\"params\":{},\"roleId\":2,\"roleName\":\"管理员\",\"roleKey\":\"common\",\"roleSort\":2,\"dataScope\":\"2\",\"menuCheckStrictly\":true,\"deptCheckStrictly\":true,\"status\":\"0\",\"delFlag\":\"0\",\"remark\":\"管理员\",\"flag\":false,\"menuIds\":[1,100,1001,1002,1003,1004,1005,1006,1007,101,1008,1009,1010,1011,1012,102,1013,1014,1015,1016,103,1017,1018,1019,1020,104,1021,1022,1023,1024,1025,105,1026,1027,1028,1029,1030,106,1031,1032,1033,1034,1035,108,500,1040,1041,1042,501,1043,1044,1045,1050,2,109,1046,1047,1048,\"1570009901798481921\",\"1570010319794429953\",\"1570022388644143106\",113,111,110,112,\"1570758202780676098\",\"1572393811995209730\",3,114,115,1055,1056,1058,1057,1059,1060,\"1588077119135821826\",\"1588092486994432002\",\"1588742925398171649\",107,1036,1037,1038,1039,118,1600,1601,1602,1603,1604,1605,5,1500,1501,1502,1503,1504,1505,1506,1507,1508,1509,1510,1511,\"1574206588866998274\",\"1574206638720495617\",\"1574206696736108546\"],\"deptIds\":null,\"permissions\":null,\"admin\":false}', '{\"code\":200,\"msg\":\"操作成功\",\"data\":null,\"error\":false,\"success\":true}', 0, '', '2022-11-05 18:25:37');
INSERT INTO `sys_oper_log` VALUES (1588841914517131266, '角色管理', 2, 'com.erahub.base.system.controller.SysRoleController.edit()', 'PUT', 1, 'test01', '', '/role', '127.0.0.1', '', '{\"searchValue\":null,\"createBy\":\"admin\",\"createTime\":\"2022-09-12 16:43:29\",\"updateBy\":\"test01\",\"updateTime\":\"2022-11-05 18:33:26\",\"params\":{},\"roleId\":\"1569245300584591362\",\"roleName\":\"test01\",\"roleKey\":\"test01\",\"roleSort\":3,\"dataScope\":\"1\",\"menuCheckStrictly\":true,\"deptCheckStrictly\":true,\"status\":\"0\",\"delFlag\":\"0\",\"remark\":null,\"flag\":false,\"menuIds\":[1,100,1001,1002,1003,1004,1005,1006,1007,101,1008,1009,1010,1011,1012,102,1013,1014,1015,1016,103,1017,1018,1019,1020,104,1021,1022,1023,1024,1025,105,1026,1027,1028,1029,1030,106,1031,1032,1033,1034,1035,108,500,1040,1041,1042,501,1043,1044,1045,1050,2,109,1046,1047,1048,\"1570009901798481921\",\"1570010319794429953\",\"1570022388644143106\",3,115,1055,1056,1059],\"deptIds\":null,\"permissions\":null,\"admin\":false}', '', 1, '', '2022-11-05 18:33:26');
INSERT INTO `sys_oper_log` VALUES (1588842396522352642, '角色管理', 2, 'com.erahub.base.system.controller.SysRoleController.edit()', 'PUT', 1, 'test01', '', '/role', '127.0.0.1', '', '{\"searchValue\":null,\"createBy\":\"admin\",\"createTime\":\"2022-09-12 16:43:29\",\"updateBy\":\"test01\",\"updateTime\":\"2022-11-05 18:33:53\",\"params\":{},\"roleId\":\"1569245300584591362\",\"roleName\":\"test01\",\"roleKey\":\"test01\",\"roleSort\":3,\"dataScope\":\"1\",\"menuCheckStrictly\":true,\"deptCheckStrictly\":true,\"status\":\"0\",\"delFlag\":\"0\",\"remark\":null,\"flag\":false,\"menuIds\":[1,100,1001,1002,1003,1004,1005,1006,1007,101,1008,1009,1010,1011,1012,102,1013,1014,1015,1016,103,1017,1018,1019,1020,104,1021,1022,1023,1024,1025,105,1026,1027,1028,1029,1030,106,1031,1032,1033,1034,1035,108,500,1040,1041,1042,501,1043,1044,1045,1050,2,109,1046,1047,1048,\"1570009901798481921\",\"1570010319794429953\",\"1570022388644143106\",3,115,1055,1056,1059],\"deptIds\":null,\"permissions\":null,\"admin\":false}', '', 1, '', '2022-11-05 18:35:21');
INSERT INTO `sys_oper_log` VALUES (1588842659501019138, '角色管理', 2, 'com.erahub.base.system.controller.SysRoleController.dataScope()', 'PUT', 1, 'test01', '', '/role/dataScope', '127.0.0.1', '', '{\"searchValue\":null,\"createBy\":\"admin\",\"createTime\":\"2022-09-12 16:43:29\",\"updateBy\":\"test01\",\"updateTime\":\"2022-11-05 18:36:23\",\"params\":{},\"roleId\":\"1569245300584591362\",\"roleName\":\"test01\",\"roleKey\":\"test01\",\"roleSort\":3,\"dataScope\":\"1\",\"menuCheckStrictly\":true,\"deptCheckStrictly\":true,\"status\":\"0\",\"delFlag\":\"0\",\"remark\":null,\"flag\":false,\"menuIds\":null,\"deptIds\":[],\"permissions\":null,\"admin\":false}', '{\"code\":200,\"msg\":\"操作成功\",\"data\":null,\"error\":false,\"success\":true}', 0, '', '2022-11-05 18:36:24');
INSERT INTO `sys_oper_log` VALUES (1588842683723124738, '角色管理', 2, 'com.erahub.base.system.controller.SysRoleController.dataScope()', 'PUT', 1, 'test01', '', '/role/dataScope', '127.0.0.1', '', '{\"searchValue\":null,\"createBy\":\"admin\",\"createTime\":\"2022-09-12 16:43:29\",\"updateBy\":\"test01\",\"updateTime\":\"2022-11-05 18:36:29\",\"params\":{},\"roleId\":\"1569245300584591362\",\"roleName\":\"test01\",\"roleKey\":\"test01\",\"roleSort\":3,\"dataScope\":\"1\",\"menuCheckStrictly\":true,\"deptCheckStrictly\":true,\"status\":\"0\",\"delFlag\":\"0\",\"remark\":null,\"flag\":false,\"menuIds\":null,\"deptIds\":[],\"permissions\":null,\"admin\":false}', '{\"code\":200,\"msg\":\"操作成功\",\"data\":null,\"error\":false,\"success\":true}', 0, '', '2022-11-05 18:36:30');
INSERT INTO `sys_oper_log` VALUES (1588842932147556354, '角色管理', 2, 'com.erahub.base.system.controller.SysRoleController.edit()', 'PUT', 1, 'admin', '', '/role', '127.0.0.1', '', '{\"searchValue\":null,\"createBy\":\"admin\",\"createTime\":\"2022-09-12 16:43:29\",\"updateBy\":\"admin\",\"updateTime\":\"2022-11-05 18:37:28\",\"params\":{},\"roleId\":\"1569245300584591362\",\"roleName\":\"test01\",\"roleKey\":\"test01\",\"roleSort\":3,\"dataScope\":\"1\",\"menuCheckStrictly\":true,\"deptCheckStrictly\":true,\"status\":\"0\",\"delFlag\":\"0\",\"remark\":null,\"flag\":false,\"menuIds\":[2,3,115,\"1588742925398171649\",107,118,1,100,1001,1002,1003,1004,1005,1006,1007,101,1008,1009,1010,1011,1012,102,1013,1014,1015,1016,103,1017,1018,1019,1020,104,1021,1022,1023,1024,1025,105,1026,1027,1028,1029,1030,106,1031,1032,1033,1034,1035,108,500,1040,1041,1042,501,1043,1044,1045,1050,109,1046,1047,1048,\"1570009901798481921\",\"1570010319794429953\",\"1570022388644143106\",1055,1058,1059,1036,1037,1600,1601],\"deptIds\":null,\"permissions\":null,\"admin\":false}', '{\"code\":200,\"msg\":\"操作成功\",\"data\":null,\"error\":false,\"success\":true}', 0, '', '2022-11-05 18:37:29');
INSERT INTO `sys_oper_log` VALUES (1588842956860395522, '角色管理', 2, 'com.erahub.base.system.controller.SysRoleController.edit()', 'PUT', 1, 'admin', '', '/role', '127.0.0.1', '', '{\"searchValue\":null,\"createBy\":\"admin\",\"createTime\":\"2022-09-10 17:10:48\",\"updateBy\":\"admin\",\"updateTime\":\"2022-11-05 18:37:34\",\"params\":{},\"roleId\":2,\"roleName\":\"管理员\",\"roleKey\":\"common\",\"roleSort\":2,\"dataScope\":\"2\",\"menuCheckStrictly\":true,\"deptCheckStrictly\":true,\"status\":\"0\",\"delFlag\":\"0\",\"remark\":\"管理员\",\"flag\":false,\"menuIds\":[1,100,1001,1002,1003,1004,1005,1006,1007,101,1008,1009,1010,1011,1012,102,1013,1014,1015,1016,103,1017,1018,1019,1020,104,1021,1022,1023,1024,1025,105,1026,1027,1028,1029,1030,106,1031,1032,1033,1034,1035,108,500,1040,1041,1042,501,1043,1044,1045,1050,2,109,1046,1047,1048,\"1570009901798481921\",\"1570010319794429953\",\"1570022388644143106\",113,111,110,112,\"1570758202780676098\",\"1572393811995209730\",3,114,115,1055,1056,1058,1057,1059,1060,\"1588077119135821826\",\"1588092486994432002\",\"1588742925398171649\",107,1036,1037,1038,1039,118,1600,1601,1602,1603,1604,1605,5,1500,1501,1502,1503,1504,1505,1506,1507,1508,1509,1510,1511,\"1574206588866998274\",\"1574206638720495617\",\"1574206696736108546\"],\"deptIds\":null,\"permissions\":null,\"admin\":false}', '{\"code\":200,\"msg\":\"操作成功\",\"data\":null,\"error\":false,\"success\":true}', 0, '', '2022-11-05 18:37:35');
INSERT INTO `sys_oper_log` VALUES (1588842985436188673, '用户管理', 2, 'com.erahub.base.system.controller.SysUserController.edit()', 'PUT', 1, 'admin', '', '/user', '127.0.0.1', '', '{\"searchValue\":null,\"createBy\":\"admin\",\"createTime\":\"2022-09-12 16:44:37\",\"updateBy\":\"admin\",\"updateTime\":\"2022-11-05 18:37:41\",\"params\":{},\"userId\":\"1569245585432358914\",\"deptId\":109,\"userName\":\"test01\",\"nickName\":\"test01\",\"userType\":\"sys_user\",\"email\":\"\",\"phonenumber\":\"\",\"sex\":\"0\",\"avatar\":\"http://127.0.0.1:9000/erahub/2022/11/03/f7b4be827e554cb0ac4ac31fb16b0c33.jpg\",\"status\":\"0\",\"delFlag\":\"0\",\"loginIp\":\"\",\"loginDate\":null,\"remark\":null,\"dept\":{\"searchValue\":null,\"createBy\":null,\"createTime\":null,\"updateBy\":null,\"updateTime\":null,\"params\":{},\"parentName\":null,\"parentId\":102,\"children\":[],\"deptId\":109,\"deptName\":\"财务部门\",\"orderNum\":2,\"leader\":\"erahub\",\"phone\":null,\"email\":null,\"status\":\"0\",\"delFlag\":null,\"ancestors\":\"0,100,102\"},\"roles\":[{\"searchValue\":null,\"createBy\":null,\"createTime\":null,\"updateBy\":null,\"updateTime\":null,\"params\":{},\"roleId\":\"1569245300584591362\",\"roleName\":\"test01\",\"roleKey\":\"test01\",\"roleSort\":3,\"dataScope\":\"1\",\"menuCheckStrictly\":null,\"deptCheckStrictly\":null,\"status\":\"0\",\"delFlag\":null,\"remark\":null,\"flag\":false,\"menuIds\":null,\"deptIds\":null,\"permissions\":null,\"admin\":false}],\"roleIds\":[2],\"postIds\":[],\"roleId\":null,\"admin\":false}', '{\"code\":200,\"msg\":\"操作成功\",\"data\":null,\"error\":false,\"success\":true}', 0, '', '2022-11-05 18:37:42');
INSERT INTO `sys_oper_log` VALUES (1588842998883127298, '用户管理', 2, 'com.erahub.base.system.controller.SysUserController.edit()', 'PUT', 1, 'admin', '', '/user', '127.0.0.1', '', '{\"searchValue\":null,\"createBy\":\"admin\",\"createTime\":\"2022-09-12 16:48:22\",\"updateBy\":\"admin\",\"updateTime\":\"2022-11-05 18:37:44\",\"params\":{},\"userId\":\"1569246527183630337\",\"deptId\":100,\"userName\":\"test02\",\"nickName\":\"test02\",\"userType\":\"sys_user\",\"email\":\"\",\"phonenumber\":\"\",\"sex\":\"0\",\"avatar\":\"\",\"status\":\"0\",\"delFlag\":\"0\",\"loginIp\":\"\",\"loginDate\":null,\"remark\":null,\"dept\":{\"searchValue\":null,\"createBy\":null,\"createTime\":null,\"updateBy\":null,\"updateTime\":null,\"params\":{},\"parentName\":null,\"parentId\":0,\"children\":[],\"deptId\":100,\"deptName\":\"EH科技\",\"orderNum\":0,\"leader\":\"EH\",\"phone\":null,\"email\":null,\"status\":\"0\",\"delFlag\":null,\"ancestors\":\"0\"},\"roles\":[{\"searchValue\":null,\"createBy\":null,\"createTime\":null,\"updateBy\":null,\"updateTime\":null,\"params\":{},\"roleId\":\"1569245300584591362\",\"roleName\":\"test01\",\"roleKey\":\"test01\",\"roleSort\":3,\"dataScope\":\"1\",\"menuCheckStrictly\":null,\"deptCheckStrictly\":null,\"status\":\"0\",\"delFlag\":null,\"remark\":null,\"flag\":false,\"menuIds\":null,\"deptIds\":null,\"permissions\":null,\"admin\":false}],\"roleIds\":[\"1569245300584591362\"],\"postIds\":[],\"roleId\":null,\"admin\":false}', '{\"code\":200,\"msg\":\"操作成功\",\"data\":null,\"error\":false,\"success\":true}', 0, '', '2022-11-05 18:37:45');
INSERT INTO `sys_oper_log` VALUES (1588843031896494082, '用户管理', 2, 'com.erahub.base.system.controller.SysUserController.resetPwd()', 'PUT', 1, 'admin', '', '/user/resetPwd', '127.0.0.1', '', '{\"searchValue\":null,\"createBy\":null,\"createTime\":null,\"updateBy\":\"admin\",\"updateTime\":\"2022-11-05 18:37:52\",\"params\":{},\"userId\":\"1569246527183630337\",\"deptId\":null,\"userName\":null,\"nickName\":null,\"userType\":null,\"email\":null,\"phonenumber\":null,\"sex\":null,\"avatar\":null,\"status\":null,\"delFlag\":null,\"loginIp\":null,\"loginDate\":null,\"remark\":null,\"dept\":null,\"roles\":null,\"roleIds\":null,\"postIds\":null,\"roleId\":null,\"admin\":false}', '{\"code\":200,\"msg\":\"操作成功\",\"data\":null,\"error\":false,\"success\":true}', 0, '', '2022-11-05 18:37:53');
INSERT INTO `sys_oper_log` VALUES (1588843045158883329, '用户管理', 2, 'com.erahub.base.system.controller.SysUserController.resetPwd()', 'PUT', 1, 'admin', '', '/user/resetPwd', '127.0.0.1', '', '{\"searchValue\":null,\"createBy\":null,\"createTime\":null,\"updateBy\":\"admin\",\"updateTime\":\"2022-11-05 18:37:55\",\"params\":{},\"userId\":\"1569245585432358914\",\"deptId\":null,\"userName\":null,\"nickName\":null,\"userType\":null,\"email\":null,\"phonenumber\":null,\"sex\":null,\"avatar\":null,\"status\":null,\"delFlag\":null,\"loginIp\":null,\"loginDate\":null,\"remark\":null,\"dept\":null,\"roles\":null,\"roleIds\":null,\"postIds\":null,\"roleId\":null,\"admin\":false}', '{\"code\":200,\"msg\":\"操作成功\",\"data\":null,\"error\":false,\"success\":true}', 0, '', '2022-11-05 18:37:56');
INSERT INTO `sys_oper_log` VALUES (1588843332225437698, '角色管理', 2, 'com.erahub.base.system.controller.SysRoleController.edit()', 'PUT', 1, 'admin', '', '/role', '127.0.0.1', '', '{\"searchValue\":null,\"createBy\":\"admin\",\"createTime\":\"2022-09-10 17:10:48\",\"updateBy\":\"admin\",\"updateTime\":\"2022-11-05 18:39:04\",\"params\":{},\"roleId\":2,\"roleName\":\"管理员\",\"roleKey\":\"common\",\"roleSort\":2,\"dataScope\":\"2\",\"menuCheckStrictly\":true,\"deptCheckStrictly\":true,\"status\":\"0\",\"delFlag\":\"0\",\"remark\":\"管理员\",\"flag\":false,\"menuIds\":[1,100,1001,1002,1003,1004,1005,1006,1007,101,1008,1009,1010,1011,1012,102,1013,1014,1015,1016,103,1017,1018,1019,1020,104,1021,1022,1023,1024,1025,105,1026,1027,1028,1029,1030,106,1031,1032,1033,1034,1035,108,500,1040,1041,1042,501,1043,1044,1045,1050,2,109,1046,1047,1048,\"1570009901798481921\",\"1570010319794429953\",\"1570022388644143106\",113,111,110,112,\"1570758202780676098\",\"1572393811995209730\",3,114,115,1055,1056,1058,1057,1059,1060,\"1588077119135821826\",\"1588092486994432002\",\"1588742925398171649\",107,1036,1037,1038,1039,118,1600,1601,1602,1603,1604,1605,5,1500,1501,1502,1503,1504,1505,1506,1507,1508,1509,1510,1511,\"1574206588866998274\",\"1574206638720495617\",\"1574206696736108546\"],\"deptIds\":null,\"permissions\":null,\"admin\":false}', '{\"code\":200,\"msg\":\"操作成功\",\"data\":null,\"error\":false,\"success\":true}', 0, '', '2022-11-05 18:39:04');
INSERT INTO `sys_oper_log` VALUES (1588843341587124226, '角色管理', 2, 'com.erahub.base.system.controller.SysRoleController.edit()', 'PUT', 1, 'admin', '', '/role', '127.0.0.1', '', '{\"searchValue\":null,\"createBy\":\"admin\",\"createTime\":\"2022-09-12 16:43:29\",\"updateBy\":\"admin\",\"updateTime\":\"2022-11-05 18:39:06\",\"params\":{},\"roleId\":\"1569245300584591362\",\"roleName\":\"test01\",\"roleKey\":\"test01\",\"roleSort\":3,\"dataScope\":\"1\",\"menuCheckStrictly\":true,\"deptCheckStrictly\":true,\"status\":\"0\",\"delFlag\":\"0\",\"remark\":null,\"flag\":false,\"menuIds\":[2,3,115,\"1588742925398171649\",107,118,1,100,1001,1002,1003,1004,1005,1006,1007,101,1008,1009,1010,1011,1012,102,1013,1014,1015,1016,103,1017,1018,1019,1020,104,1021,1022,1023,1024,1025,105,1026,1027,1028,1029,1030,106,1031,1032,1033,1034,1035,108,500,1040,1041,1042,501,1043,1044,1045,1050,109,1046,1047,1048,\"1570009901798481921\",\"1570010319794429953\",\"1570022388644143106\",1055,1058,1059,1036,1037,1600,1601],\"deptIds\":null,\"permissions\":null,\"admin\":false}', '{\"code\":200,\"msg\":\"操作成功\",\"data\":null,\"error\":false,\"success\":true}', 0, '', '2022-11-05 18:39:07');
INSERT INTO `sys_oper_log` VALUES (1588843902881468418, '参数管理', 2, 'com.erahub.base.system.controller.SysConfigController.updateByKey()', 'PUT', 1, 'test01', '', '/config/updateByKey', '127.0.0.1', '', '{\"searchValue\":null,\"createBy\":null,\"createTime\":null,\"updateBy\":\"test01\",\"updateTime\":\"2022-11-05 18:41:20\",\"params\":{},\"configId\":null,\"configName\":null,\"configKey\":\"sys.oss.previewListResource\",\"configValue\":\"false\",\"configType\":null,\"remark\":null}', '{\"code\":200,\"msg\":\"操作成功\",\"data\":null,\"error\":false,\"success\":true}', 0, '', '2022-11-05 18:41:20');
INSERT INTO `sys_oper_log` VALUES (1588843908535390210, '参数管理', 2, 'com.erahub.base.system.controller.SysConfigController.updateByKey()', 'PUT', 1, 'test01', '', '/config/updateByKey', '127.0.0.1', '', '{\"searchValue\":null,\"createBy\":null,\"createTime\":null,\"updateBy\":\"test01\",\"updateTime\":\"2022-11-05 18:41:21\",\"params\":{},\"configId\":null,\"configName\":null,\"configKey\":\"sys.oss.previewListResource\",\"configValue\":\"true\",\"configType\":null,\"remark\":null}', '{\"code\":200,\"msg\":\"操作成功\",\"data\":null,\"error\":false,\"success\":true}', 0, '', '2022-11-05 18:41:22');
INSERT INTO `sys_oper_log` VALUES (1588844650344189953, '用户管理', 3, 'com.erahub.base.system.controller.SysUserController.remove()', 'DELETE', 1, 'admin', '', '/user/1569245585432358914', '127.0.0.1', '', '', '{\"code\":200,\"msg\":\"操作成功\",\"data\":null,\"error\":false,\"success\":true}', 0, '', '2022-11-05 18:44:19');
INSERT INTO `sys_oper_log` VALUES (1588844659320000514, '用户管理', 3, 'com.erahub.base.system.controller.SysUserController.remove()', 'DELETE', 1, 'admin', '', '/user/1569246527183630337', '127.0.0.1', '', '', '{\"code\":200,\"msg\":\"操作成功\",\"data\":null,\"error\":false,\"success\":true}', 0, '', '2022-11-05 18:44:21');
INSERT INTO `sys_oper_log` VALUES (1588844684812980225, '角色管理', 3, 'com.erahub.base.system.controller.SysRoleController.remove()', 'DELETE', 1, 'admin', '', '/role/2', '127.0.0.1', '', '', '{\"code\":200,\"msg\":\"操作成功\",\"data\":null,\"error\":false,\"success\":true}', 0, '', '2022-11-05 18:44:27');
INSERT INTO `sys_oper_log` VALUES (1588844693079953409, '角色管理', 3, 'com.erahub.base.system.controller.SysRoleController.remove()', 'DELETE', 1, 'admin', '', '/role/1569245300584591362', '127.0.0.1', '', '', '{\"code\":200,\"msg\":\"操作成功\",\"data\":null,\"error\":false,\"success\":true}', 0, '', '2022-11-05 18:44:29');
INSERT INTO `sys_oper_log` VALUES (1588844816627372035, '角色管理', 1, 'com.erahub.base.system.controller.SysRoleController.add()', 'POST', 1, 'admin', '', '/role', '127.0.0.1', '', '{\"searchValue\":null,\"createBy\":\"admin\",\"createTime\":\"2022-11-05 18:44:58\",\"updateBy\":\"admin\",\"updateTime\":\"2022-11-05 18:44:58\",\"params\":{},\"roleId\":\"1588844816627372034\",\"roleName\":\"管理员\",\"roleKey\":\"common\",\"roleSort\":2,\"dataScope\":null,\"menuCheckStrictly\":true,\"deptCheckStrictly\":true,\"status\":\"0\",\"delFlag\":null,\"remark\":null,\"flag\":false,\"menuIds\":[1,100,1001,1002,1003,1004,1005,1006,1007,101,1008,1009,1010,1011,1012,102,1013,1014,1015,1016,103,1017,1018,1019,1020,104,1021,1022,1023,1024,1025,105,1026,1027,1028,1029,1030,106,1031,1032,1033,1034,1035,108,500,1040,1041,1042,501,1043,1044,1045,1050,2,109,1046,1047,1048,\"1570009901798481921\",\"1570010319794429953\",\"1570022388644143106\",113,111,110,112,\"1570758202780676098\",\"1572393811995209730\",3,114,115,1055,1056,1058,1057,1059,1060,\"1588077119135821826\",\"1588092486994432002\",\"1588742925398171649\",107,1036,1037,1038,1039,118,1600,1601,1602,1603,1604,1605,5,1500,1501,1502,1503,1504,1505,1506,1507,1508,1509,1510,1511,\"1574206588866998274\",\"1574206638720495617\",\"1574206696736108546\"],\"deptIds\":[],\"permissions\":null,\"admin\":false}', '{\"code\":200,\"msg\":\"操作成功\",\"data\":null,\"error\":false,\"success\":true}', 0, '', '2022-11-05 18:44:58');
INSERT INTO `sys_oper_log` VALUES (1588844830166585345, '角色管理', 2, 'com.erahub.base.system.controller.SysRoleController.dataScope()', 'PUT', 1, 'admin', '', '/role/dataScope', '127.0.0.1', '', '{\"searchValue\":null,\"createBy\":\"admin\",\"createTime\":\"2022-11-05 18:44:58\",\"updateBy\":\"admin\",\"updateTime\":\"2022-11-05 18:45:01\",\"params\":{},\"roleId\":\"1588844816627372034\",\"roleName\":\"管理员\",\"roleKey\":\"common\",\"roleSort\":2,\"dataScope\":\"1\",\"menuCheckStrictly\":true,\"deptCheckStrictly\":true,\"status\":\"0\",\"delFlag\":\"0\",\"remark\":null,\"flag\":false,\"menuIds\":null,\"deptIds\":[],\"permissions\":null,\"admin\":false}', '{\"code\":200,\"msg\":\"操作成功\",\"data\":null,\"error\":false,\"success\":true}', 0, '', '2022-11-05 18:45:01');
INSERT INTO `sys_oper_log` VALUES (1588845036736057346, '角色管理', 1, 'com.erahub.base.system.controller.SysRoleController.add()', 'POST', 1, 'admin', '', '/role', '127.0.0.1', '', '{\"searchValue\":null,\"createBy\":\"admin\",\"createTime\":\"2022-11-05 18:45:50\",\"updateBy\":\"admin\",\"updateTime\":\"2022-11-05 18:45:50\",\"params\":{},\"roleId\":\"1588845036673142786\",\"roleName\":\"test01\",\"roleKey\":\"test01\",\"roleSort\":3,\"dataScope\":null,\"menuCheckStrictly\":true,\"deptCheckStrictly\":true,\"status\":\"0\",\"delFlag\":null,\"remark\":null,\"flag\":false,\"menuIds\":[2,3,115,\"1588742925398171649\",107,118,1,100,1001,1002,1003,1004,1005,1006,1007,101,1008,1009,1010,1011,1012,102,1013,1014,1015,1016,103,1017,1018,1019,1020,104,1021,1022,1023,1024,1025,105,1026,1027,1028,1029,1030,106,1031,1032,1033,1034,1035,108,500,1040,1041,1042,501,1043,1044,1045,1050,109,1046,1047,1048,\"1570009901798481921\",\"1570010319794429953\",\"1570022388644143106\",1055,1058,1036,1037,1038,1600,1601],\"deptIds\":[],\"permissions\":null,\"admin\":false}', '{\"code\":200,\"msg\":\"操作成功\",\"data\":null,\"error\":false,\"success\":true}', 0, '', '2022-11-05 18:45:51');
INSERT INTO `sys_oper_log` VALUES (1588845214859759619, '用户管理', 1, 'com.erahub.base.system.controller.SysUserController.add()', 'POST', 1, 'admin', '', '/user', '127.0.0.1', '', '{\"searchValue\":null,\"createBy\":\"admin\",\"createTime\":\"2022-11-05 18:46:33\",\"updateBy\":\"admin\",\"updateTime\":\"2022-11-05 18:46:33\",\"params\":{},\"userId\":\"1588845214859759618\",\"deptId\":104,\"userName\":\"test\",\"nickName\":\"管理员\",\"userType\":null,\"email\":null,\"phonenumber\":null,\"sex\":null,\"avatar\":null,\"status\":\"0\",\"delFlag\":null,\"loginIp\":null,\"loginDate\":null,\"remark\":null,\"dept\":null,\"roles\":null,\"roleIds\":[\"1588844816627372034\"],\"postIds\":[4],\"roleId\":null,\"admin\":false}', '{\"code\":200,\"msg\":\"操作成功\",\"data\":null,\"error\":false,\"success\":true}', 0, '', '2022-11-05 18:46:33');
INSERT INTO `sys_oper_log` VALUES (1588845286896930817, '用户管理', 1, 'com.erahub.base.system.controller.SysUserController.add()', 'POST', 1, 'admin', '', '/user', '127.0.0.1', '', '{\"searchValue\":null,\"createBy\":\"admin\",\"createTime\":\"2022-11-05 18:46:50\",\"updateBy\":\"admin\",\"updateTime\":\"2022-11-05 18:46:50\",\"params\":{},\"userId\":\"1588845286838210561\",\"deptId\":106,\"userName\":\"test01\",\"nickName\":\"test01\",\"userType\":null,\"email\":null,\"phonenumber\":null,\"sex\":null,\"avatar\":null,\"status\":\"0\",\"delFlag\":null,\"loginIp\":null,\"loginDate\":null,\"remark\":null,\"dept\":null,\"roles\":null,\"roleIds\":[\"1588845036673142786\"],\"postIds\":[4],\"roleId\":null,\"admin\":false}', '{\"code\":200,\"msg\":\"操作成功\",\"data\":null,\"error\":false,\"success\":true}', 0, '', '2022-11-05 18:46:50');
INSERT INTO `sys_oper_log` VALUES (1588845469860859905, '代码生成', 3, 'com.erahub.base.tool.controller.ToGenController.remove()', 'DELETE', 1, 'test', '', '/gen/1588835893153337346', '127.0.0.1', '', '', '{\"code\":200,\"msg\":\"操作成功\",\"data\":null,\"error\":false,\"success\":true}', 0, '', '2022-11-05 18:47:34');
INSERT INTO `sys_oper_log` VALUES (1588845490165485569, '数据库文档', 5, 'com.erahub.base.tool.controller.ToDatabaseDocController.exportHtml()', 'GET', 1, 'test', '', '/db-doc/export-html', '127.0.0.1', '', '', '', 0, '', '2022-11-05 18:47:39');
INSERT INTO `sys_oper_log` VALUES (1588846793436401665, '角色管理', 2, 'com.erahub.base.system.controller.SysRoleController.edit()', 'PUT', 1, 'test', '', '/role', '127.0.0.1', '', '{\"searchValue\":null,\"createBy\":\"admin\",\"createTime\":\"2022-11-05 18:45:51\",\"updateBy\":\"test\",\"updateTime\":\"2022-11-05 18:52:49\",\"params\":{},\"roleId\":\"1588845036673142786\",\"roleName\":\"test01\",\"roleKey\":\"test01\",\"roleSort\":3,\"dataScope\":\"1\",\"menuCheckStrictly\":true,\"deptCheckStrictly\":true,\"status\":\"0\",\"delFlag\":\"0\",\"remark\":null,\"flag\":false,\"menuIds\":[2,3,115,\"1588742925398171649\",107,118,1,100,1001,1002,1003,1004,1005,1006,1007,101,1008,1009,1010,1011,1012,102,1013,1014,1015,1016,103,1017,1018,1019,1020,104,1021,1022,1023,1024,1025,105,1026,1027,1028,1029,1030,106,1031,1032,1033,1034,1035,108,500,1040,1041,1042,501,1043,1044,1045,1050,109,1046,1047,1048,\"1570009901798481921\",\"1570010319794429953\",\"1570022388644143106\",1055,1058,1036,1037,1038,1600,1601,1604],\"deptIds\":null,\"permissions\":null,\"admin\":false}', '', 1, '', '2022-11-05 18:52:50');
INSERT INTO `sys_oper_log` VALUES (1588847226745753601, '角色管理', 2, 'com.erahub.base.system.controller.SysRoleController.edit()', 'PUT', 1, 'test', '', '/role', '127.0.0.1', '', '{\"searchValue\":null,\"createBy\":\"admin\",\"createTime\":\"2022-11-05 18:45:51\",\"updateBy\":\"test\",\"updateTime\":\"2022-11-05 18:53:38\",\"params\":{},\"roleId\":\"1588845036673142786\",\"roleName\":\"test01\",\"roleKey\":\"test01\",\"roleSort\":3,\"dataScope\":\"1\",\"menuCheckStrictly\":true,\"deptCheckStrictly\":true,\"status\":\"0\",\"delFlag\":\"0\",\"remark\":null,\"flag\":false,\"menuIds\":[2,3,115,\"1588742925398171649\",107,118,1,100,1001,1002,1003,1004,1005,1006,1007,101,1008,1009,1010,1011,1012,102,1013,1014,1015,1016,103,1017,1018,1019,1020,104,1021,1022,1023,1024,1025,105,1026,1027,1028,1029,1030,106,1031,1032,1033,1034,1035,108,500,1040,1041,1042,501,1043,1044,1045,1050,109,1046,1047,1048,\"1570009901798481921\",\"1570010319794429953\",\"1570022388644143106\",1055,1058,1036,1037,1038,1600,1601,1604],\"deptIds\":null,\"permissions\":null,\"admin\":false}', '', 1, '', '2022-11-05 18:54:33');
INSERT INTO `sys_oper_log` VALUES (1588847249487269889, '角色管理', 2, 'com.erahub.base.system.controller.SysRoleController.edit()', 'PUT', 1, 'test', '', '/role', '127.0.0.1', '', '{\"searchValue\":null,\"createBy\":\"admin\",\"createTime\":\"2022-11-05 18:45:51\",\"updateBy\":\"test\",\"updateTime\":\"2022-11-05 18:54:36\",\"params\":{},\"roleId\":\"1588845036673142786\",\"roleName\":\"test01\",\"roleKey\":\"test01\",\"roleSort\":3,\"dataScope\":\"1\",\"menuCheckStrictly\":true,\"deptCheckStrictly\":true,\"status\":\"0\",\"delFlag\":\"0\",\"remark\":null,\"flag\":false,\"menuIds\":[2,3,115,\"1588742925398171649\",107,118,1,100,1001,1002,1003,1004,1005,1006,1007,101,1008,1009,1010,1011,1012,102,1013,1014,1015,1016,103,1017,1018,1019,1020,104,1021,1022,1023,1024,1025,105,1026,1027,1028,1029,1030,106,1031,1032,1033,1034,1035,108,500,1040,1041,1042,501,1043,1044,1045,1050,109,1046,1047,1048,\"1570009901798481921\",\"1570010319794429953\",\"1570022388644143106\",1055,1058,1036,1037,1038,1600,1601,1604],\"deptIds\":null,\"permissions\":null,\"admin\":false}', '', 1, '', '2022-11-05 18:54:38');
INSERT INTO `sys_oper_log` VALUES (1588847970534244354, '角色管理', 2, 'com.erahub.base.system.controller.SysRoleController.edit()', 'PUT', 1, 'test', '', '/role', '127.0.0.1', '', '{\"searchValue\":null,\"createBy\":\"admin\",\"createTime\":\"2022-11-05 18:45:51\",\"updateBy\":\"test\",\"updateTime\":\"2022-11-05 18:57:30\",\"params\":{},\"roleId\":\"1588845036673142786\",\"roleName\":\"test01\",\"roleKey\":\"test01\",\"roleSort\":3,\"dataScope\":\"1\",\"menuCheckStrictly\":true,\"deptCheckStrictly\":true,\"status\":\"0\",\"delFlag\":\"0\",\"remark\":null,\"flag\":false,\"menuIds\":[2,3,115,\"1588742925398171649\",107,118,1,100,1001,1002,1003,1004,1005,1006,1007,101,1008,1009,1010,1011,1012,102,1013,1014,1015,1016,103,1017,1018,1019,1020,104,1021,1022,1023,1024,1025,105,1026,1027,1028,1029,1030,106,1031,1032,1033,1034,1035,108,500,1040,1041,1042,501,1043,1044,1045,1050,109,1046,1047,1048,\"1570009901798481921\",\"1570010319794429953\",\"1570022388644143106\",1055,1058,1036,1037,1038,1600,1601,1604],\"deptIds\":null,\"permissions\":null,\"admin\":false}', '{\"code\":200,\"msg\":\"操作成功\",\"data\":null,\"error\":false,\"success\":true}', 0, '', '2022-11-05 18:57:30');
INSERT INTO `sys_oper_log` VALUES (1588848191095914498, '角色管理', 2, 'com.erahub.base.system.controller.SysRoleController.edit()', 'PUT', 1, 'test', '', '/role', '127.0.0.1', '', '{\"searchValue\":null,\"createBy\":\"admin\",\"createTime\":\"2022-11-05 18:45:51\",\"updateBy\":\"test\",\"updateTime\":\"2022-11-05 18:58:16\",\"params\":{},\"roleId\":\"1588845036673142786\",\"roleName\":\"test01\",\"roleKey\":\"test01\",\"roleSort\":3,\"dataScope\":\"1\",\"menuCheckStrictly\":true,\"deptCheckStrictly\":true,\"status\":\"0\",\"delFlag\":\"0\",\"remark\":null,\"flag\":false,\"menuIds\":[2,3,115,\"1588742925398171649\",107,118,1,100,1001,1002,1003,1004,1005,1006,1007,101,1008,1009,1010,1011,1012,102,1013,1014,1015,1016,103,1017,1018,1019,1020,104,1021,1022,1023,1024,1025,105,1026,1027,1028,1029,1030,106,1031,1032,1033,1034,1035,108,500,1040,1041,1042,501,1043,1044,1045,1050,109,1046,1047,1048,\"1570009901798481921\",\"1570010319794429953\",\"1570022388644143106\",1055,1058,1036,1037,1038,1600,1601,1605],\"deptIds\":null,\"permissions\":null,\"admin\":false}', '{\"code\":200,\"msg\":\"操作成功\",\"data\":null,\"error\":false,\"success\":true}', 0, '', '2022-11-05 18:58:23');
INSERT INTO `sys_oper_log` VALUES (1588848473741672449, '角色管理', 2, 'com.erahub.base.system.controller.SysRoleController.edit()', 'PUT', 1, 'test01', '', '/role', '127.0.0.1', '', '{\"searchValue\":null,\"createBy\":\"admin\",\"createTime\":\"2022-11-05 18:45:51\",\"updateBy\":\"test01\",\"updateTime\":\"2022-11-05 18:59:30\",\"params\":{},\"roleId\":\"1588845036673142786\",\"roleName\":\"test01\",\"roleKey\":\"test01\",\"roleSort\":3,\"dataScope\":\"1\",\"menuCheckStrictly\":true,\"deptCheckStrictly\":true,\"status\":\"0\",\"delFlag\":\"0\",\"remark\":null,\"flag\":false,\"menuIds\":[3,115,1,100,1001,1002,1003,1004,1005,1006,1007,101,1008,1009,1010,1011,1012,102,1013,1014,1015,1016,103,1017,1018,1019,1020,104,1021,1022,1023,1024,1025,105,1026,1027,1028,1029,1030,106,1031,1032,1033,1034,1035,108,500,1040,1041,1042,501,1043,1044,1045,1050,2,109,1046,1047,1048,\"1570009901798481921\",\"1570010319794429953\",\"1570022388644143106\",1055,\"1588742925398171649\",107,1036,1037,1038,118,1600,1601,1605],\"deptIds\":null,\"permissions\":null,\"admin\":false}', '{\"code\":200,\"msg\":\"操作成功\",\"data\":null,\"error\":false,\"success\":true}', 0, '', '2022-11-05 18:59:30');
INSERT INTO `sys_oper_log` VALUES (1588848698153713665, '菜单管理', 2, 'com.erahub.base.system.controller.SysMenuController.edit()', 'PUT', 1, 'test01', '', '/menu', '127.0.0.1', '', '{\"searchValue\":null,\"createBy\":\"admin\",\"createTime\":\"2022-09-10 17:10:48\",\"updateBy\":\"test01\",\"updateTime\":\"2022-11-05 19:00:23\",\"params\":{},\"parentName\":null,\"parentId\":115,\"children\":[],\"menuId\":1055,\"menuName\":\"生成查询\",\"orderNum\":1,\"path\":\"#\",\"component\":\"\",\"queryParam\":\"\",\"isFrame\":\"1\",\"isCache\":\"0\",\"menuType\":\"F\",\"visible\":\"0\",\"status\":\"0\",\"perms\":\"tool:gen:code\",\"icon\":\"#\",\"remark\":\"\"}', '{\"code\":200,\"msg\":\"操作成功\",\"data\":null,\"error\":false,\"success\":true}', 0, '', '2022-11-05 19:00:24');
INSERT INTO `sys_oper_log` VALUES (1588850690720661505, '角色管理', 2, 'com.erahub.base.system.controller.SysRoleController.edit()', 'PUT', 1, 'test01', '', '/role', '127.0.0.1', '', '{\"searchValue\":null,\"createBy\":\"admin\",\"createTime\":\"2022-11-05 18:45:51\",\"updateBy\":\"test01\",\"updateTime\":\"2022-11-05 19:08:18\",\"params\":{},\"roleId\":\"1588845036673142786\",\"roleName\":\"test01\",\"roleKey\":\"test01\",\"roleSort\":3,\"dataScope\":\"1\",\"menuCheckStrictly\":true,\"deptCheckStrictly\":true,\"status\":\"0\",\"delFlag\":\"0\",\"remark\":null,\"flag\":false,\"menuIds\":[\"1588742925398171649\",107,1,100,1001,1002,1003,1004,1005,1006,1007,101,1008,1009,1010,1011,1012,102,1013,1014,1015,1016,103,1017,1018,1019,1020,104,1021,1022,1023,1024,1025,105,1026,1027,1028,1029,1030,106,1031,1032,1033,1034,1035,108,500,1040,1041,1042,501,1043,1044,1045,1050,2,109,1046,1047,1048,\"1570009901798481921\",\"1570010319794429953\",\"1570022388644143106\",3,115,1055,1036,1038,118,1600,1601,1605],\"deptIds\":null,\"permissions\":null,\"admin\":false}', '{\"code\":200,\"msg\":\"操作成功\",\"data\":null,\"error\":false,\"success\":true}', 0, '', '2022-11-05 19:08:19');
INSERT INTO `sys_oper_log` VALUES (1588850745158533121, '代码生成', 8, 'com.erahub.base.tool.controller.ToGenController.batchGenCode()', 'GET', 1, 'test01', '', '/gen/batchGenCode', '127.0.0.1', '', '', '', 0, '', '2022-11-05 19:08:32');
INSERT INTO `sys_oper_log` VALUES (1588850761197551617, '代码生成', 8, 'com.erahub.base.tool.controller.ToGenController.batchGenCode()', 'GET', 1, 'test01', '', '/gen/batchGenCode', '127.0.0.1', '', '', '', 0, '', '2022-11-05 19:08:36');
INSERT INTO `sys_oper_log` VALUES (1588851038751424513, '数据库文档', 5, 'com.erahub.base.tool.controller.ToDatabaseDocController.exportHtml()', 'GET', 1, 'admin', '', '/db-doc/export-html', '127.0.0.1', '', '', '', 0, '', '2022-11-05 19:09:42');
INSERT INTO `sys_oper_log` VALUES (1589068981389107201, '通知公告', 2, 'com.erahub.base.basicservice.controller.BSNoticeController.edit()', 'PUT', 1, 'test01', '', '/notice', '127.0.0.1', '', '{\"searchValue\":null,\"createBy\":\"admin\",\"createTime\":\"2022-11-05 18:11:08\",\"updateBy\":\"test01\",\"updateTime\":\"2022-11-06 09:35:43\",\"params\":{},\"noticeId\":\"1588836300864851970\",\"noticeTitle\":\"sss\",\"noticeType\":\"1\",\"noticeContent\":\"ss\",\"status\":\"0\",\"remark\":null}', '{\"code\":200,\"msg\":\"操作成功\",\"data\":null,\"error\":false,\"success\":true}', 0, '', '2022-11-06 09:35:43');
INSERT INTO `sys_oper_log` VALUES (1589069017858580481, '对象存储状态修改', 2, 'com.erahub.base.basicservice.controller.BSOssConfigController.changeStatus()', 'PUT', 1, 'test01', '', '/oss/config/changeStatus', '127.0.0.1', '', '{\"searchValue\":null,\"createBy\":null,\"createTime\":null,\"updateBy\":null,\"updateTime\":null,\"params\":{},\"ossConfigId\":1,\"configKey\":\"minio\",\"accessKey\":null,\"secretKey\":null,\"bucketName\":null,\"prefix\":null,\"endpoint\":null,\"domain\":null,\"isHttps\":null,\"status\":\"1\",\"region\":null,\"ext1\":null,\"remark\":null}', '{\"code\":200,\"msg\":\"操作成功\",\"data\":null,\"error\":false,\"success\":true}', 0, '', '2022-11-06 09:35:52');
INSERT INTO `sys_oper_log` VALUES (1589069025508990978, '对象存储状态修改', 2, 'com.erahub.base.basicservice.controller.BSOssConfigController.changeStatus()', 'PUT', 1, 'test01', '', '/oss/config/changeStatus', '127.0.0.1', '', '{\"searchValue\":null,\"createBy\":null,\"createTime\":null,\"updateBy\":null,\"updateTime\":null,\"params\":{},\"ossConfigId\":1,\"configKey\":\"minio\",\"accessKey\":null,\"secretKey\":null,\"bucketName\":null,\"prefix\":null,\"endpoint\":null,\"domain\":null,\"isHttps\":null,\"status\":\"0\",\"region\":null,\"ext1\":null,\"remark\":null}', '{\"code\":200,\"msg\":\"操作成功\",\"data\":null,\"error\":false,\"success\":true}', 0, '', '2022-11-06 09:35:54');
INSERT INTO `sys_oper_log` VALUES (1589069142790119426, 'OSS对象存储', 1, 'com.erahub.base.basicservice.controller.BSOssController.upload()', 'POST', 1, 'test01', '', '/oss/upload', '127.0.0.1', '', '', '{\"code\":200,\"msg\":\"操作成功\",\"data\":{\"ossId\":\"1589069142723010561\",\"url\":\"http://127.0.0.1:9000/erahub/2022/11/06/1d3688c58e90499bbe93d91208f97992.jpg\",\"fileName\":\"6e7c20e6027f961c19cb0c032d64962cc25f5a8a_raw.jpg\"},\"error\":false,\"success\":true}', 0, '', '2022-11-06 09:36:22');
INSERT INTO `sys_oper_log` VALUES (1589069280656891906, '通知公告', 1, 'com.erahub.base.basicservice.controller.BSNoticeController.add()', 'POST', 1, 'admin', '', '/notice', '127.0.0.1', '', '{\"searchValue\":null,\"createBy\":\"admin\",\"createTime\":\"2022-11-06 09:36:54\",\"updateBy\":\"admin\",\"updateTime\":\"2022-11-06 09:36:54\",\"params\":{},\"noticeId\":\"1589069280656891905\",\"noticeTitle\":\"sss\",\"noticeType\":\"2\",\"noticeContent\":\"sss\",\"status\":\"0\",\"remark\":null}', '{\"code\":200,\"msg\":\"操作成功\",\"data\":null,\"error\":false,\"success\":true}', 0, '', '2022-11-06 09:36:55');
INSERT INTO `sys_oper_log` VALUES (1589069290974879746, '通知公告', 3, 'com.erahub.base.basicservice.controller.BSNoticeController.remove()', 'DELETE', 1, 'admin', '', '/notice/1589069280656891905', '127.0.0.1', '', '', '{\"code\":200,\"msg\":\"操作成功\",\"data\":null,\"error\":false,\"success\":true}', 0, '', '2022-11-06 09:36:57');
INSERT INTO `sys_oper_log` VALUES (1589069297568325633, '通知公告', 3, 'com.erahub.base.basicservice.controller.BSNoticeController.remove()', 'DELETE', 1, 'admin', '', '/notice/1588836300864851970', '127.0.0.1', '', '', '{\"code\":200,\"msg\":\"操作成功\",\"data\":null,\"error\":false,\"success\":true}', 0, '', '2022-11-06 09:36:59');
INSERT INTO `sys_oper_log` VALUES (1589069352203329537, 'OSS对象存储', 3, 'com.erahub.base.basicservice.controller.BSOssController.remove()', 'DELETE', 1, 'admin', '', '/oss/1587681969800761346', '127.0.0.1', '', '', '{\"code\":200,\"msg\":\"操作成功\",\"data\":null,\"error\":false,\"success\":true}', 0, '', '2022-11-06 09:37:12');
INSERT INTO `sys_oper_log` VALUES (1589069365847400449, 'OSS对象存储', 3, 'com.erahub.base.basicservice.controller.BSOssController.remove()', 'DELETE', 1, 'admin', '', '/oss/1587718931811160065', '127.0.0.1', '', '', '{\"code\":200,\"msg\":\"操作成功\",\"data\":null,\"error\":false,\"success\":true}', 0, '', '2022-11-06 09:37:15');
INSERT INTO `sys_oper_log` VALUES (1589069407589113858, '数据库文档', 5, 'com.erahub.base.tool.controller.ToDatabaseDocController.exportHtml()', 'GET', 1, 'admin', '', '/db-doc/export-html', '127.0.0.1', '', '', '', 0, '', '2022-11-06 09:37:25');
INSERT INTO `sys_oper_log` VALUES (1589069463520157698, '代码生成', 6, 'com.erahub.base.tool.controller.ToGenController.importTableSave()', 'POST', 1, 'admin', '', '/gen/importTable', '127.0.0.1', '', '\"sys_logininfor\"', '{\"code\":200,\"msg\":\"操作成功\",\"data\":null,\"error\":false,\"success\":true}', 0, '', '2022-11-06 09:37:38');
INSERT INTO `sys_oper_log` VALUES (1589069473859117058, '代码生成', 8, 'com.erahub.base.tool.controller.ToGenController.batchGenCode()', 'GET', 1, 'admin', '', '/gen/batchGenCode', '127.0.0.1', '', '', '', 0, '', '2022-11-06 09:37:41');
INSERT INTO `sys_oper_log` VALUES (1589069550275141633, '数据库文档', 5, 'com.erahub.base.tool.controller.ToDatabaseDocController.exportHtml()', 'GET', 1, 'admin', '', '/db-doc/export-html', '127.0.0.1', '', '', '', 0, '', '2022-11-06 09:37:59');
INSERT INTO `sys_oper_log` VALUES (1589071499519246337, '通知公告', 1, 'com.erahub.base.basicservice.controller.BSNoticeController.add()', 'POST', 1, 'admin', '', '/notice', '127.0.0.1', '', '{\"searchValue\":null,\"createBy\":\"admin\",\"createTime\":\"2022-11-06 09:45:43\",\"updateBy\":\"admin\",\"updateTime\":\"2022-11-06 09:45:43\",\"params\":{},\"noticeId\":\"1589071498982375425\",\"noticeTitle\":\"sss\",\"noticeType\":\"1\",\"noticeContent\":\"sss\",\"status\":\"0\",\"remark\":null}', '{\"code\":200,\"msg\":\"操作成功\",\"data\":null,\"error\":false,\"success\":true}', 0, '', '2022-11-06 09:45:44');
INSERT INTO `sys_oper_log` VALUES (1589071531672780802, '通知公告', 3, 'com.erahub.base.basicservice.controller.BSNoticeController.remove()', 'DELETE', 1, 'admin', '', '/notice/1589071498982375425', '127.0.0.1', '', '', '{\"code\":200,\"msg\":\"操作成功\",\"data\":null,\"error\":false,\"success\":true}', 0, '', '2022-11-06 09:45:51');
INSERT INTO `sys_oper_log` VALUES (1589071586249064450, 'OSS对象存储', 1, 'com.erahub.base.basicservice.controller.BSOssController.upload()', 'POST', 1, 'admin', '', '/oss/upload', '127.0.0.1', '', '', '{\"code\":200,\"msg\":\"操作成功\",\"data\":{\"ossId\":\"1589071586181955586\",\"url\":\"http://127.0.0.1:9000/erahub/2022/11/06/bdcabd10989446cdbf38d623e1747929.jpg\",\"fileName\":\"-1b1a7260f5581b4e.jpg\"},\"error\":false,\"success\":true}', 0, '', '2022-11-06 09:46:04');
INSERT INTO `sys_oper_log` VALUES (1589071597506576386, 'OSS对象存储', 1, 'com.erahub.base.basicservice.controller.BSOssController.upload()', 'POST', 1, 'admin', '', '/oss/upload', '127.0.0.1', '', '', '{\"code\":200,\"msg\":\"操作成功\",\"data\":{\"ossId\":\"1589071597439467521\",\"url\":\"http://127.0.0.1:9000/erahub/2022/11/06/3eef1e2afcd5454892b150817e40166f.jpg\",\"fileName\":\"-1de35f61cb2a15bf.jpg\"},\"error\":false,\"success\":true}', 0, '', '2022-11-06 09:46:07');
INSERT INTO `sys_oper_log` VALUES (1589071886234075137, 'OSS对象存储', 1, 'com.erahub.base.basicservice.controller.BSOssController.upload()', 'POST', 1, 'admin', '', '/oss/upload', '127.0.0.1', '', '', '{\"code\":200,\"msg\":\"操作成功\",\"data\":{\"ossId\":\"1589071886171160577\",\"url\":\"http://127.0.0.1:9000/erahub/2022/11/06/ed0e52124f124743bb7ad775a76c4f27.jpg\",\"fileName\":\"4d53c49c3fdb6ed9476748e27973f964fcc79720.jpg\"},\"error\":false,\"success\":true}', 0, '', '2022-11-06 09:47:16');
INSERT INTO `sys_oper_log` VALUES (1589071886234075139, 'OSS对象存储', 1, 'com.erahub.base.basicservice.controller.BSOssController.upload()', 'POST', 1, 'admin', '', '/oss/upload', '127.0.0.1', '', '', '{\"code\":200,\"msg\":\"操作成功\",\"data\":{\"ossId\":\"1589071886234075138\",\"url\":\"http://127.0.0.1:9000/erahub/2022/11/06/11deee09da1645869d636c62f77af1a3.jpg\",\"fileName\":\"null-21402ac2c14a52b8.jpg\"},\"error\":false,\"success\":true}', 0, '', '2022-11-06 09:47:16');
INSERT INTO `sys_oper_log` VALUES (1589071886364098562, 'OSS对象存储', 1, 'com.erahub.base.basicservice.controller.BSOssController.upload()', 'POST', 1, 'admin', '', '/oss/upload', '127.0.0.1', '', '', '{\"code\":200,\"msg\":\"操作成功\",\"data\":{\"ossId\":\"1589071886364098561\",\"url\":\"http://127.0.0.1:9000/erahub/2022/11/06/bd924211840d4122b5bdef47d1335a29.jpg\",\"fileName\":\"6fda9fc715ad61e2a439fbd606a86a7e5080f2dc_raw.jpg\"},\"error\":false,\"success\":true}', 0, '', '2022-11-06 09:47:16');
INSERT INTO `sys_oper_log` VALUES (1589072013787054081, '数据库文档', 5, 'com.erahub.base.tool.controller.ToDatabaseDocController.exportHtml()', 'GET', 1, 'admin', '', '/db-doc/export-html', '127.0.0.1', '', '', '', 0, '', '2022-11-06 09:47:46');
INSERT INTO `sys_oper_log` VALUES (1589072022980968449, '数据库文档', 5, 'com.erahub.base.tool.controller.ToDatabaseDocController.exportHtml()', 'GET', 1, 'admin', '', '/db-doc/export-html', '127.0.0.1', '', '', '', 0, '', '2022-11-06 09:47:48');
INSERT INTO `sys_oper_log` VALUES (1589073166167867394, '数据库文档', 5, 'com.erahub.base.tool.controller.ToDatabaseDocController.exportHtml()', 'GET', 1, 'admin', '', '/db-doc/export-html', '127.0.0.1', '', '', '', 0, '', '2022-11-06 09:52:21');
INSERT INTO `sys_oper_log` VALUES (1589073210459717633, '代码生成', 6, 'com.erahub.base.tool.controller.ToGenController.importTableSave()', 'POST', 1, 'admin', '', '/gen/importTable', '127.0.0.1', '', '\"bs_oss\"', '{\"code\":200,\"msg\":\"操作成功\",\"data\":null,\"error\":false,\"success\":true}', 0, '', '2022-11-06 09:52:32');
INSERT INTO `sys_oper_log` VALUES (1589073378055716866, '代码生成', 2, 'com.erahub.base.tool.controller.ToGenController.editSave()', 'PUT', 1, 'admin', '', '/gen', '127.0.0.1', '', '{\"searchValue\":null,\"createBy\":null,\"createTime\":null,\"updateBy\":\"admin\",\"updateTime\":\"2022-11-06 09:53:11\",\"params\":{\"treeCode\":null,\"treeName\":null,\"treeParentCode\":null,\"parentMenuId\":\"\"},\"tableId\":\"1589073210258391042\",\"tableName\":\"bs_oss\",\"tableComment\":\"OSS对象存储表\",\"subTableName\":null,\"subTableFkName\":null,\"className\":\"BsOss\",\"tplCategory\":\"crud\",\"packageName\":\"com.erahub.base.tool\",\"moduleName\":\"base\",\"businessName\":\"oss\",\"functionName\":\"OSS对象存储\",\"functionAuthor\":\"erahub\",\"genType\":\"0\",\"genPath\":\"/\",\"pkColumn\":null,\"subTable\":null,\"columns\":[{\"searchValue\":null,\"createBy\":\"admin\",\"createTime\":\"2022-11-06 09:52:32\",\"updateBy\":\"admin\",\"updateTime\":\"2022-11-06 09:53:11\",\"params\":{},\"columnId\":\"1589073210325499906\",\"tableId\":\"1589073210258391042\",\"columnName\":\"oss_id\",\"columnComment\":\"对象存储主键\",\"columnType\":\"bigint\",\"javaType\":\"Long\",\"javaField\":\"ossId\",\"isPk\":\"1\",\"isIncrement\":\"0\",\"isRequired\":\"1\",\"isInsert\":null,\"isEdit\":\"1\",\"isList\":\"1\",\"isQuery\":null,\"queryType\":\"EQ\",\"htmlType\":\"input\",\"dictType\":\"\",\"sort\":1,\"required\":true,\"list\":true,\"superColumn\":false,\"edit\":true,\"pk\":true,\"insert\":false,\"usableColumn\":false,\"increment\":false,\"query\":false,\"capJavaField\":\"OssId\"},{\"searchValue\":null,\"createBy\":\"admin\",\"createTime\":\"2022-11-06 09:52:32\",\"updateBy\":\"admin\",\"updateTime\":\"2022-11-06 09:53:11\",\"params\":{},\"columnId\":\"1589073210333888513\",\"tableId\":\"1589073210258391042\",\"columnName\":\"file_name\",\"columnComment\":\"文件名\",\"columnType\":\"varchar(255)\",\"javaType\":\"String\",\"javaField\":\"fileName\",\"isPk\":\"0\",\"isIncrement\":\"0\",\"isRequired\":\"1\",\"isInsert\":\"1\",\"isEdit\":\"1\",\"isList\":\"1\",\"isQuery\":\"1\",\"queryType\":\"LIKE\",\"htmlType\":\"input\",\"dictType\":\"\",\"sort\":2,\"required\":true,\"list\":true,\"superColumn\":false,\"edit\":true,\"pk\":false,\"insert\":true,\"usableColumn\":false,\"increment\":false,\"query\":true,\"capJavaField\":\"FileName\"},{\"searchValue\":null,\"createBy\":\"admin\",\"createTime\":\"2022-11-06 09:52:32\",\"updateBy\":\"admin\",\"updateTime\":\"2022-11-06 09:53:11\",\"params\":{},\"columnId\":\"1589073210', '{\"code\":200,\"msg\":\"操作成功\",\"data\":null,\"error\":false,\"success\":true}', 0, '', '2022-11-06 09:53:12');
INSERT INTO `sys_oper_log` VALUES (1589073417603809282, '代码生成', 2, 'com.erahub.base.tool.controller.ToGenController.synchDb()', 'GET', 1, 'admin', '', '/gen/synchDb/bs_oss', '127.0.0.1', '', '', '{\"code\":200,\"msg\":\"操作成功\",\"data\":null,\"error\":false,\"success\":true}', 0, '', '2022-11-06 09:53:21');
INSERT INTO `sys_oper_log` VALUES (1589073508204969986, '代码生成', 2, 'com.erahub.base.tool.controller.ToGenController.editSave()', 'PUT', 1, 'admin', '', '/gen', '127.0.0.1', '', '{\"searchValue\":null,\"createBy\":null,\"createTime\":null,\"updateBy\":\"admin\",\"updateTime\":\"2022-11-06 09:53:42\",\"params\":{\"treeCode\":null,\"treeName\":null,\"treeParentCode\":null,\"parentMenuId\":\"1588742925398171649\"},\"tableId\":\"1589073210258391042\",\"tableName\":\"bs_oss\",\"tableComment\":\"OSS对象存储表\",\"subTableName\":null,\"subTableFkName\":null,\"className\":\"BsOss\",\"tplCategory\":\"crud\",\"packageName\":\"com.erahub.base.tool\",\"moduleName\":\"base\",\"businessName\":\"oss\",\"functionName\":\"OSS对象存储\",\"functionAuthor\":\"erahub\",\"genType\":\"0\",\"genPath\":\"/\",\"pkColumn\":null,\"subTable\":null,\"columns\":[{\"searchValue\":null,\"createBy\":\"admin\",\"createTime\":\"2022-11-06 09:52:32\",\"updateBy\":\"admin\",\"updateTime\":\"2022-11-06 09:53:42\",\"params\":{},\"columnId\":\"1589073210325499906\",\"tableId\":\"1589073210258391042\",\"columnName\":\"oss_id\",\"columnComment\":\"对象存储主键\",\"columnType\":\"bigint\",\"javaType\":\"Long\",\"javaField\":\"ossId\",\"isPk\":\"1\",\"isIncrement\":\"0\",\"isRequired\":\"1\",\"isInsert\":null,\"isEdit\":\"1\",\"isList\":\"1\",\"isQuery\":null,\"queryType\":\"EQ\",\"htmlType\":\"input\",\"dictType\":\"\",\"sort\":1,\"required\":true,\"list\":true,\"superColumn\":false,\"edit\":true,\"pk\":true,\"insert\":false,\"usableColumn\":false,\"increment\":false,\"query\":false,\"capJavaField\":\"OssId\"},{\"searchValue\":null,\"createBy\":\"admin\",\"createTime\":\"2022-11-06 09:52:32\",\"updateBy\":\"admin\",\"updateTime\":\"2022-11-06 09:53:42\",\"params\":{},\"columnId\":\"1589073210333888513\",\"tableId\":\"1589073210258391042\",\"columnName\":\"file_name\",\"columnComment\":\"文件名\",\"columnType\":\"varchar(255)\",\"javaType\":\"String\",\"javaField\":\"fileName\",\"isPk\":\"0\",\"isIncrement\":\"0\",\"isRequired\":\"1\",\"isInsert\":\"1\",\"isEdit\":\"1\",\"isList\":\"1\",\"isQuery\":\"1\",\"queryType\":\"LIKE\",\"htmlType\":\"input\",\"dictType\":\"\",\"sort\":2,\"required\":true,\"list\":true,\"superColumn\":false,\"edit\":true,\"pk\":false,\"insert\":true,\"usableColumn\":false,\"increment\":false,\"query\":true,\"capJavaField\":\"FileName\"},{\"searchValue\":null,\"createBy\":\"admin\",\"createTime\":\"2022-11-06 09:52:32\",\"updateBy\":\"admin\",\"updateTime\":\"2022-11-06 09:53:42\",\"params\":{},\"co', '{\"code\":200,\"msg\":\"操作成功\",\"data\":null,\"error\":false,\"success\":true}', 0, '', '2022-11-06 09:53:43');
INSERT INTO `sys_oper_log` VALUES (1589073700295704578, '代码生成', 8, 'com.erahub.base.tool.controller.ToGenController.batchGenCode()', 'GET', 1, 'admin', '', '/gen/batchGenCode', '127.0.0.1', '', '', '', 0, '', '2022-11-06 09:54:28');

-- ----------------------------
-- Table structure for sys_post
-- ----------------------------
DROP TABLE IF EXISTS `sys_post`;
CREATE TABLE `sys_post`  (
  `post_id` bigint(0) NOT NULL COMMENT '岗位ID',
  `post_code` varchar(64) CHARACTER SET utf8 COLLATE utf8_general_ci NOT NULL COMMENT '岗位编码',
  `post_name` varchar(50) CHARACTER SET utf8 COLLATE utf8_general_ci NOT NULL COMMENT '岗位名称',
  `post_sort` int(0) NOT NULL COMMENT '显示顺序',
  `status` char(1) CHARACTER SET utf8 COLLATE utf8_general_ci NOT NULL COMMENT '状态（0正常 1停用）',
  `create_by` varchar(64) CHARACTER SET utf8 COLLATE utf8_general_ci NULL DEFAULT '' COMMENT '创建者',
  `create_time` datetime(0) NULL DEFAULT NULL COMMENT '创建时间',
  `update_by` varchar(64) CHARACTER SET utf8 COLLATE utf8_general_ci NULL DEFAULT '' COMMENT '更新者',
  `update_time` datetime(0) NULL DEFAULT NULL COMMENT '更新时间',
  `remark` varchar(500) CHARACTER SET utf8 COLLATE utf8_general_ci NULL DEFAULT NULL COMMENT '备注',
  PRIMARY KEY (`post_id`) USING BTREE
) ENGINE = InnoDB CHARACTER SET = utf8 COLLATE = utf8_general_ci COMMENT = '岗位信息表' ROW_FORMAT = Dynamic;

-- ----------------------------
-- Records of sys_post
-- ----------------------------
INSERT INTO `sys_post` VALUES (1, 'ceo', '董事长', 1, '0', 'admin', '2022-09-10 17:10:48', '', NULL, '');
INSERT INTO `sys_post` VALUES (2, 'se', '项目经理', 2, '0', 'admin', '2022-09-10 17:10:48', '', NULL, '');
INSERT INTO `sys_post` VALUES (3, 'hr', '人力资源', 3, '0', 'admin', '2022-09-10 17:10:48', '', NULL, '');
INSERT INTO `sys_post` VALUES (4, 'user', '普通员工', 4, '0', 'admin', '2022-09-10 17:10:48', '', NULL, '');

-- ----------------------------
-- Table structure for sys_role
-- ----------------------------
DROP TABLE IF EXISTS `sys_role`;
CREATE TABLE `sys_role`  (
  `role_id` bigint(0) NOT NULL COMMENT '角色ID',
  `role_name` varchar(30) CHARACTER SET utf8 COLLATE utf8_general_ci NOT NULL COMMENT '角色名称',
  `role_key` varchar(100) CHARACTER SET utf8 COLLATE utf8_general_ci NOT NULL COMMENT '角色权限字符串',
  `role_sort` int(0) NOT NULL COMMENT '显示顺序',
  `data_scope` char(1) CHARACTER SET utf8 COLLATE utf8_general_ci NULL DEFAULT '1' COMMENT '数据范围（1：全部数据权限 2：自定数据权限 3：本部门数据权限 4：本部门及以下数据权限）',
  `menu_check_strictly` tinyint(1) NULL DEFAULT 1 COMMENT '菜单树选择项是否关联显示',
  `dept_check_strictly` tinyint(1) NULL DEFAULT 1 COMMENT '部门树选择项是否关联显示',
  `status` char(1) CHARACTER SET utf8 COLLATE utf8_general_ci NOT NULL COMMENT '角色状态（0正常 1停用）',
  `del_flag` char(1) CHARACTER SET utf8 COLLATE utf8_general_ci NULL DEFAULT '0' COMMENT '删除标志（0代表存在 2代表删除）',
  `create_by` varchar(64) CHARACTER SET utf8 COLLATE utf8_general_ci NULL DEFAULT '' COMMENT '创建者',
  `create_time` datetime(0) NULL DEFAULT NULL COMMENT '创建时间',
  `update_by` varchar(64) CHARACTER SET utf8 COLLATE utf8_general_ci NULL DEFAULT '' COMMENT '更新者',
  `update_time` datetime(0) NULL DEFAULT NULL COMMENT '更新时间',
  `remark` varchar(500) CHARACTER SET utf8 COLLATE utf8_general_ci NULL DEFAULT NULL COMMENT '备注',
  PRIMARY KEY (`role_id`) USING BTREE
) ENGINE = InnoDB CHARACTER SET = utf8 COLLATE = utf8_general_ci COMMENT = '角色信息表' ROW_FORMAT = Dynamic;

-- ----------------------------
-- Records of sys_role
-- ----------------------------
INSERT INTO `sys_role` VALUES (1, '超级管理员', 'admin', 1, '1', 1, 1, '0', '0', 'admin', '2022-09-10 17:10:48', '', NULL, '超级管理员');
INSERT INTO `sys_role` VALUES (2, '管理员', 'common', 2, '2', 1, 1, '0', '2', 'admin', '2022-09-10 17:10:48', 'admin', '2022-11-05 18:39:04', '管理员');
INSERT INTO `sys_role` VALUES (3, '本部门及以下', 'test1', 3, '4', 1, 1, '0', '2', 'admin', '2022-09-10 17:10:57', 'admin', NULL, NULL);
INSERT INTO `sys_role` VALUES (4, '仅本人', 'test2', 4, '5', 1, 1, '0', '2', 'admin', '2022-09-10 17:10:57', 'admin', NULL, NULL);
INSERT INTO `sys_role` VALUES (1569245300584591362, 'test01', 'test01', 3, '1', 1, 1, '0', '2', 'admin', '2022-09-12 16:43:29', 'admin', '2022-11-05 18:39:07', NULL);
INSERT INTO `sys_role` VALUES (1575818848019136513, '11111', '1111', 11, '1', 1, 1, '0', '2', 'admin', '2022-09-30 20:04:25', 'admin', '2022-09-30 20:04:25', NULL);
INSERT INTO `sys_role` VALUES (1575820925898309634, '111', '111', 111, '1', 1, 1, '0', '2', 'admin', '2022-09-30 20:12:41', 'admin', '2022-09-30 20:12:41', NULL);
INSERT INTO `sys_role` VALUES (1575821813400453122, '222', '222', 222, '1', 1, 1, '0', '2', 'admin', '2022-09-30 20:16:12', 'admin', '2022-09-30 20:16:12', NULL);
INSERT INTO `sys_role` VALUES (1575826547146485762, 'zzz', 'zzz', 11, '1', 1, 1, '0', '2', 'admin', '2022-09-30 20:35:01', 'admin', '2022-09-30 20:35:01', NULL);
INSERT INTO `sys_role` VALUES (1575832652555735042, '11', '11', 11, '1', 1, 1, '0', '2', 'admin', '2022-09-30 20:59:17', 'admin', '2022-09-30 20:59:17', NULL);
INSERT INTO `sys_role` VALUES (1575836920754982913, '111', '11', 11, '1', 1, 1, '0', '2', 'admin', '2022-09-30 21:16:14', 'admin', '2022-09-30 21:16:14', NULL);
INSERT INTO `sys_role` VALUES (1575838078710042626, '22', '22', 22, '1', 1, 1, '0', '2', 'admin', '2022-09-30 21:20:50', 'admin', '2022-09-30 21:20:50', NULL);
INSERT INTO `sys_role` VALUES (1588844816627372034, '管理员', 'common', 2, '1', 1, 1, '0', '0', 'admin', '2022-11-05 18:44:58', 'admin', '2022-11-05 18:45:01', NULL);
INSERT INTO `sys_role` VALUES (1588845036673142786, 'test01', 'test01', 3, '1', 1, 1, '0', '0', 'admin', '2022-11-05 18:45:51', 'test01', '2022-11-05 19:08:19', NULL);

-- ----------------------------
-- Table structure for sys_role_dept
-- ----------------------------
DROP TABLE IF EXISTS `sys_role_dept`;
CREATE TABLE `sys_role_dept`  (
  `role_id` bigint(0) NOT NULL COMMENT '角色ID',
  `dept_id` bigint(0) NOT NULL COMMENT '部门ID',
  PRIMARY KEY (`role_id`, `dept_id`) USING BTREE
) ENGINE = InnoDB CHARACTER SET = utf8 COLLATE = utf8_general_ci COMMENT = '角色和部门关联表' ROW_FORMAT = Dynamic;

-- ----------------------------
-- Records of sys_role_dept
-- ----------------------------

-- ----------------------------
-- Table structure for sys_role_menu
-- ----------------------------
DROP TABLE IF EXISTS `sys_role_menu`;
CREATE TABLE `sys_role_menu`  (
  `role_id` bigint(0) NOT NULL COMMENT '角色ID',
  `menu_id` bigint(0) NOT NULL COMMENT '菜单ID',
  PRIMARY KEY (`role_id`, `menu_id`) USING BTREE
) ENGINE = InnoDB CHARACTER SET = utf8 COLLATE = utf8_general_ci COMMENT = '角色和菜单关联表' ROW_FORMAT = Dynamic;

-- ----------------------------
-- Records of sys_role_menu
-- ----------------------------
INSERT INTO `sys_role_menu` VALUES (1588844816627372034, 1);
INSERT INTO `sys_role_menu` VALUES (1588844816627372034, 2);
INSERT INTO `sys_role_menu` VALUES (1588844816627372034, 3);
INSERT INTO `sys_role_menu` VALUES (1588844816627372034, 5);
INSERT INTO `sys_role_menu` VALUES (1588844816627372034, 100);
INSERT INTO `sys_role_menu` VALUES (1588844816627372034, 101);
INSERT INTO `sys_role_menu` VALUES (1588844816627372034, 102);
INSERT INTO `sys_role_menu` VALUES (1588844816627372034, 103);
INSERT INTO `sys_role_menu` VALUES (1588844816627372034, 104);
INSERT INTO `sys_role_menu` VALUES (1588844816627372034, 105);
INSERT INTO `sys_role_menu` VALUES (1588844816627372034, 106);
INSERT INTO `sys_role_menu` VALUES (1588844816627372034, 107);
INSERT INTO `sys_role_menu` VALUES (1588844816627372034, 108);
INSERT INTO `sys_role_menu` VALUES (1588844816627372034, 109);
INSERT INTO `sys_role_menu` VALUES (1588844816627372034, 110);
INSERT INTO `sys_role_menu` VALUES (1588844816627372034, 111);
INSERT INTO `sys_role_menu` VALUES (1588844816627372034, 112);
INSERT INTO `sys_role_menu` VALUES (1588844816627372034, 113);
INSERT INTO `sys_role_menu` VALUES (1588844816627372034, 114);
INSERT INTO `sys_role_menu` VALUES (1588844816627372034, 115);
INSERT INTO `sys_role_menu` VALUES (1588844816627372034, 118);
INSERT INTO `sys_role_menu` VALUES (1588844816627372034, 500);
INSERT INTO `sys_role_menu` VALUES (1588844816627372034, 501);
INSERT INTO `sys_role_menu` VALUES (1588844816627372034, 1001);
INSERT INTO `sys_role_menu` VALUES (1588844816627372034, 1002);
INSERT INTO `sys_role_menu` VALUES (1588844816627372034, 1003);
INSERT INTO `sys_role_menu` VALUES (1588844816627372034, 1004);
INSERT INTO `sys_role_menu` VALUES (1588844816627372034, 1005);
INSERT INTO `sys_role_menu` VALUES (1588844816627372034, 1006);
INSERT INTO `sys_role_menu` VALUES (1588844816627372034, 1007);
INSERT INTO `sys_role_menu` VALUES (1588844816627372034, 1008);
INSERT INTO `sys_role_menu` VALUES (1588844816627372034, 1009);
INSERT INTO `sys_role_menu` VALUES (1588844816627372034, 1010);
INSERT INTO `sys_role_menu` VALUES (1588844816627372034, 1011);
INSERT INTO `sys_role_menu` VALUES (1588844816627372034, 1012);
INSERT INTO `sys_role_menu` VALUES (1588844816627372034, 1013);
INSERT INTO `sys_role_menu` VALUES (1588844816627372034, 1014);
INSERT INTO `sys_role_menu` VALUES (1588844816627372034, 1015);
INSERT INTO `sys_role_menu` VALUES (1588844816627372034, 1016);
INSERT INTO `sys_role_menu` VALUES (1588844816627372034, 1017);
INSERT INTO `sys_role_menu` VALUES (1588844816627372034, 1018);
INSERT INTO `sys_role_menu` VALUES (1588844816627372034, 1019);
INSERT INTO `sys_role_menu` VALUES (1588844816627372034, 1020);
INSERT INTO `sys_role_menu` VALUES (1588844816627372034, 1021);
INSERT INTO `sys_role_menu` VALUES (1588844816627372034, 1022);
INSERT INTO `sys_role_menu` VALUES (1588844816627372034, 1023);
INSERT INTO `sys_role_menu` VALUES (1588844816627372034, 1024);
INSERT INTO `sys_role_menu` VALUES (1588844816627372034, 1025);
INSERT INTO `sys_role_menu` VALUES (1588844816627372034, 1026);
INSERT INTO `sys_role_menu` VALUES (1588844816627372034, 1027);
INSERT INTO `sys_role_menu` VALUES (1588844816627372034, 1028);
INSERT INTO `sys_role_menu` VALUES (1588844816627372034, 1029);
INSERT INTO `sys_role_menu` VALUES (1588844816627372034, 1030);
INSERT INTO `sys_role_menu` VALUES (1588844816627372034, 1031);
INSERT INTO `sys_role_menu` VALUES (1588844816627372034, 1032);
INSERT INTO `sys_role_menu` VALUES (1588844816627372034, 1033);
INSERT INTO `sys_role_menu` VALUES (1588844816627372034, 1034);
INSERT INTO `sys_role_menu` VALUES (1588844816627372034, 1035);
INSERT INTO `sys_role_menu` VALUES (1588844816627372034, 1036);
INSERT INTO `sys_role_menu` VALUES (1588844816627372034, 1037);
INSERT INTO `sys_role_menu` VALUES (1588844816627372034, 1038);
INSERT INTO `sys_role_menu` VALUES (1588844816627372034, 1039);
INSERT INTO `sys_role_menu` VALUES (1588844816627372034, 1040);
INSERT INTO `sys_role_menu` VALUES (1588844816627372034, 1041);
INSERT INTO `sys_role_menu` VALUES (1588844816627372034, 1042);
INSERT INTO `sys_role_menu` VALUES (1588844816627372034, 1043);
INSERT INTO `sys_role_menu` VALUES (1588844816627372034, 1044);
INSERT INTO `sys_role_menu` VALUES (1588844816627372034, 1045);
INSERT INTO `sys_role_menu` VALUES (1588844816627372034, 1046);
INSERT INTO `sys_role_menu` VALUES (1588844816627372034, 1047);
INSERT INTO `sys_role_menu` VALUES (1588844816627372034, 1048);
INSERT INTO `sys_role_menu` VALUES (1588844816627372034, 1050);
INSERT INTO `sys_role_menu` VALUES (1588844816627372034, 1055);
INSERT INTO `sys_role_menu` VALUES (1588844816627372034, 1056);
INSERT INTO `sys_role_menu` VALUES (1588844816627372034, 1057);
INSERT INTO `sys_role_menu` VALUES (1588844816627372034, 1058);
INSERT INTO `sys_role_menu` VALUES (1588844816627372034, 1059);
INSERT INTO `sys_role_menu` VALUES (1588844816627372034, 1060);
INSERT INTO `sys_role_menu` VALUES (1588844816627372034, 1500);
INSERT INTO `sys_role_menu` VALUES (1588844816627372034, 1501);
INSERT INTO `sys_role_menu` VALUES (1588844816627372034, 1502);
INSERT INTO `sys_role_menu` VALUES (1588844816627372034, 1503);
INSERT INTO `sys_role_menu` VALUES (1588844816627372034, 1504);
INSERT INTO `sys_role_menu` VALUES (1588844816627372034, 1505);
INSERT INTO `sys_role_menu` VALUES (1588844816627372034, 1506);
INSERT INTO `sys_role_menu` VALUES (1588844816627372034, 1507);
INSERT INTO `sys_role_menu` VALUES (1588844816627372034, 1508);
INSERT INTO `sys_role_menu` VALUES (1588844816627372034, 1509);
INSERT INTO `sys_role_menu` VALUES (1588844816627372034, 1510);
INSERT INTO `sys_role_menu` VALUES (1588844816627372034, 1511);
INSERT INTO `sys_role_menu` VALUES (1588844816627372034, 1600);
INSERT INTO `sys_role_menu` VALUES (1588844816627372034, 1601);
INSERT INTO `sys_role_menu` VALUES (1588844816627372034, 1602);
INSERT INTO `sys_role_menu` VALUES (1588844816627372034, 1603);
INSERT INTO `sys_role_menu` VALUES (1588844816627372034, 1604);
INSERT INTO `sys_role_menu` VALUES (1588844816627372034, 1605);
INSERT INTO `sys_role_menu` VALUES (1588844816627372034, 1570009901798481921);
INSERT INTO `sys_role_menu` VALUES (1588844816627372034, 1570010319794429953);
INSERT INTO `sys_role_menu` VALUES (1588844816627372034, 1570022388644143106);
INSERT INTO `sys_role_menu` VALUES (1588844816627372034, 1570758202780676098);
INSERT INTO `sys_role_menu` VALUES (1588844816627372034, 1572393811995209730);
INSERT INTO `sys_role_menu` VALUES (1588844816627372034, 1574206588866998274);
INSERT INTO `sys_role_menu` VALUES (1588844816627372034, 1574206638720495617);
INSERT INTO `sys_role_menu` VALUES (1588844816627372034, 1574206696736108546);
INSERT INTO `sys_role_menu` VALUES (1588844816627372034, 1588077119135821826);
INSERT INTO `sys_role_menu` VALUES (1588844816627372034, 1588092486994432002);
INSERT INTO `sys_role_menu` VALUES (1588844816627372034, 1588742925398171649);
INSERT INTO `sys_role_menu` VALUES (1588845036673142786, 1);
INSERT INTO `sys_role_menu` VALUES (1588845036673142786, 2);
INSERT INTO `sys_role_menu` VALUES (1588845036673142786, 3);
INSERT INTO `sys_role_menu` VALUES (1588845036673142786, 100);
INSERT INTO `sys_role_menu` VALUES (1588845036673142786, 101);
INSERT INTO `sys_role_menu` VALUES (1588845036673142786, 102);
INSERT INTO `sys_role_menu` VALUES (1588845036673142786, 103);
INSERT INTO `sys_role_menu` VALUES (1588845036673142786, 104);
INSERT INTO `sys_role_menu` VALUES (1588845036673142786, 105);
INSERT INTO `sys_role_menu` VALUES (1588845036673142786, 106);
INSERT INTO `sys_role_menu` VALUES (1588845036673142786, 107);
INSERT INTO `sys_role_menu` VALUES (1588845036673142786, 108);
INSERT INTO `sys_role_menu` VALUES (1588845036673142786, 109);
INSERT INTO `sys_role_menu` VALUES (1588845036673142786, 115);
INSERT INTO `sys_role_menu` VALUES (1588845036673142786, 118);
INSERT INTO `sys_role_menu` VALUES (1588845036673142786, 500);
INSERT INTO `sys_role_menu` VALUES (1588845036673142786, 501);
INSERT INTO `sys_role_menu` VALUES (1588845036673142786, 1001);
INSERT INTO `sys_role_menu` VALUES (1588845036673142786, 1002);
INSERT INTO `sys_role_menu` VALUES (1588845036673142786, 1003);
INSERT INTO `sys_role_menu` VALUES (1588845036673142786, 1004);
INSERT INTO `sys_role_menu` VALUES (1588845036673142786, 1005);
INSERT INTO `sys_role_menu` VALUES (1588845036673142786, 1006);
INSERT INTO `sys_role_menu` VALUES (1588845036673142786, 1007);
INSERT INTO `sys_role_menu` VALUES (1588845036673142786, 1008);
INSERT INTO `sys_role_menu` VALUES (1588845036673142786, 1009);
INSERT INTO `sys_role_menu` VALUES (1588845036673142786, 1010);
INSERT INTO `sys_role_menu` VALUES (1588845036673142786, 1011);
INSERT INTO `sys_role_menu` VALUES (1588845036673142786, 1012);
INSERT INTO `sys_role_menu` VALUES (1588845036673142786, 1013);
INSERT INTO `sys_role_menu` VALUES (1588845036673142786, 1014);
INSERT INTO `sys_role_menu` VALUES (1588845036673142786, 1015);
INSERT INTO `sys_role_menu` VALUES (1588845036673142786, 1016);
INSERT INTO `sys_role_menu` VALUES (1588845036673142786, 1017);
INSERT INTO `sys_role_menu` VALUES (1588845036673142786, 1018);
INSERT INTO `sys_role_menu` VALUES (1588845036673142786, 1019);
INSERT INTO `sys_role_menu` VALUES (1588845036673142786, 1020);
INSERT INTO `sys_role_menu` VALUES (1588845036673142786, 1021);
INSERT INTO `sys_role_menu` VALUES (1588845036673142786, 1022);
INSERT INTO `sys_role_menu` VALUES (1588845036673142786, 1023);
INSERT INTO `sys_role_menu` VALUES (1588845036673142786, 1024);
INSERT INTO `sys_role_menu` VALUES (1588845036673142786, 1025);
INSERT INTO `sys_role_menu` VALUES (1588845036673142786, 1026);
INSERT INTO `sys_role_menu` VALUES (1588845036673142786, 1027);
INSERT INTO `sys_role_menu` VALUES (1588845036673142786, 1028);
INSERT INTO `sys_role_menu` VALUES (1588845036673142786, 1029);
INSERT INTO `sys_role_menu` VALUES (1588845036673142786, 1030);
INSERT INTO `sys_role_menu` VALUES (1588845036673142786, 1031);
INSERT INTO `sys_role_menu` VALUES (1588845036673142786, 1032);
INSERT INTO `sys_role_menu` VALUES (1588845036673142786, 1033);
INSERT INTO `sys_role_menu` VALUES (1588845036673142786, 1034);
INSERT INTO `sys_role_menu` VALUES (1588845036673142786, 1035);
INSERT INTO `sys_role_menu` VALUES (1588845036673142786, 1036);
INSERT INTO `sys_role_menu` VALUES (1588845036673142786, 1038);
INSERT INTO `sys_role_menu` VALUES (1588845036673142786, 1040);
INSERT INTO `sys_role_menu` VALUES (1588845036673142786, 1041);
INSERT INTO `sys_role_menu` VALUES (1588845036673142786, 1042);
INSERT INTO `sys_role_menu` VALUES (1588845036673142786, 1043);
INSERT INTO `sys_role_menu` VALUES (1588845036673142786, 1044);
INSERT INTO `sys_role_menu` VALUES (1588845036673142786, 1045);
INSERT INTO `sys_role_menu` VALUES (1588845036673142786, 1046);
INSERT INTO `sys_role_menu` VALUES (1588845036673142786, 1047);
INSERT INTO `sys_role_menu` VALUES (1588845036673142786, 1048);
INSERT INTO `sys_role_menu` VALUES (1588845036673142786, 1050);
INSERT INTO `sys_role_menu` VALUES (1588845036673142786, 1055);
INSERT INTO `sys_role_menu` VALUES (1588845036673142786, 1600);
INSERT INTO `sys_role_menu` VALUES (1588845036673142786, 1601);
INSERT INTO `sys_role_menu` VALUES (1588845036673142786, 1605);
INSERT INTO `sys_role_menu` VALUES (1588845036673142786, 1570009901798481921);
INSERT INTO `sys_role_menu` VALUES (1588845036673142786, 1570010319794429953);
INSERT INTO `sys_role_menu` VALUES (1588845036673142786, 1570022388644143106);
INSERT INTO `sys_role_menu` VALUES (1588845036673142786, 1588742925398171649);

-- ----------------------------
-- Table structure for sys_user
-- ----------------------------
DROP TABLE IF EXISTS `sys_user`;
CREATE TABLE `sys_user`  (
  `user_id` bigint(0) NOT NULL COMMENT '用户ID',
  `dept_id` bigint(0) NULL DEFAULT NULL COMMENT '部门ID',
  `user_name` varchar(30) CHARACTER SET utf8 COLLATE utf8_general_ci NOT NULL COMMENT '用户账号',
  `nick_name` varchar(30) CHARACTER SET utf8 COLLATE utf8_general_ci NOT NULL COMMENT '用户昵称',
  `user_type` varchar(10) CHARACTER SET utf8 COLLATE utf8_general_ci NULL DEFAULT 'sys_user' COMMENT '用户类型（sys_user系统用户）',
  `email` varchar(50) CHARACTER SET utf8 COLLATE utf8_general_ci NULL DEFAULT '' COMMENT '用户邮箱',
  `phonenumber` varchar(11) CHARACTER SET utf8 COLLATE utf8_general_ci NULL DEFAULT '' COMMENT '手机号码',
  `sex` char(1) CHARACTER SET utf8 COLLATE utf8_general_ci NULL DEFAULT '0' COMMENT '用户性别（0男 1女 2未知）',
  `avatar` varchar(100) CHARACTER SET utf8 COLLATE utf8_general_ci NULL DEFAULT '' COMMENT '头像地址',
  `password` varchar(100) CHARACTER SET utf8 COLLATE utf8_general_ci NULL DEFAULT '' COMMENT '密码',
  `status` char(1) CHARACTER SET utf8 COLLATE utf8_general_ci NULL DEFAULT '0' COMMENT '帐号状态（0正常 1停用）',
  `del_flag` char(1) CHARACTER SET utf8 COLLATE utf8_general_ci NULL DEFAULT '0' COMMENT '删除标志（0代表存在 2代表删除）',
  `login_ip` varchar(128) CHARACTER SET utf8 COLLATE utf8_general_ci NULL DEFAULT '' COMMENT '最后登录IP',
  `login_date` datetime(0) NULL DEFAULT NULL COMMENT '最后登录时间',
  `create_by` varchar(64) CHARACTER SET utf8 COLLATE utf8_general_ci NULL DEFAULT '' COMMENT '创建者',
  `create_time` datetime(0) NULL DEFAULT NULL COMMENT '创建时间',
  `update_by` varchar(64) CHARACTER SET utf8 COLLATE utf8_general_ci NULL DEFAULT '' COMMENT '更新者',
  `update_time` datetime(0) NULL DEFAULT NULL COMMENT '更新时间',
  `remark` varchar(500) CHARACTER SET utf8 COLLATE utf8_general_ci NULL DEFAULT NULL COMMENT '备注',
  PRIMARY KEY (`user_id`) USING BTREE
) ENGINE = InnoDB CHARACTER SET = utf8 COLLATE = utf8_general_ci COMMENT = '用户信息表' ROW_FORMAT = Dynamic;

-- ----------------------------
-- Records of sys_user
-- ----------------------------
INSERT INTO `sys_user` VALUES (1, 103, 'admin', 'erahub', 'sys_user', '123456@163.com', '13999999999', '0', 'http://127.0.0.1:9000/erahub/2022/11/05/d57d668077674536b839436271b2fb12.jpg', '$2a$10$WWIoOuKL8mxsWy1Veoz7du0/bhtcqrSgCZhGSTi8UyhHZSwG74WCK', '0', '0', '127.0.0.1', '2022-09-10 17:10:48', 'admin', '2022-09-10 17:10:48', 'admin', '2022-09-12 10:15:23', '管理员');
INSERT INTO `sys_user` VALUES (2, 105, 'lionli', '疯狂的狮子Li', 'sys_user', 'crazyLionLi@qq.com', '15666666666', '1', '', '$2a$10$7JB720yubVSZvUI0rEqK/.VqGOZTH.ulu33dHOiBE8ByOhJIrdAu2', '0', '2', '127.0.0.1', '2022-09-10 17:10:48', 'admin', '2022-09-10 17:10:48', '', NULL, '测试员');
INSERT INTO `sys_user` VALUES (3, 108, 'test', '本部门及以下 密码666666', 'sys_user', '', '', '0', '', '$2a$10$b8yUzN0C71sbz.PhNOCgJe.Tu1yWC3RNrTyjSQ8p1W0.aaUXUJ.Ne', '0', '2', '127.0.0.1', '2022-09-10 17:10:57', 'admin', '2022-09-10 17:10:57', 'admin', '2022-09-11 08:41:22', NULL);
INSERT INTO `sys_user` VALUES (4, 102, 'test1', '仅本人 密码666666', 'sys_user', '', '', '0', '', '$2a$10$b8yUzN0C71sbz.PhNOCgJe.Tu1yWC3RNrTyjSQ8p1W0.aaUXUJ.Ne', '0', '2', '127.0.0.1', '2022-09-10 17:10:57', 'admin', '2022-09-10 17:10:57', 'test1', '2022-09-10 17:10:57', NULL);
INSERT INTO `sys_user` VALUES (5, 101, 'test03', 'test03', 'sys_user', '', '', '0', '', '$2a$10$FH9R/Swubpy/0Shjly10Ref8Qd3X2F6W.b7mi8Ft3fZJ/8VYTqOCW', '0', '2', '', NULL, 'admin', '2022-09-12 19:56:26', 'admin', '2022-09-12 19:56:26', NULL);
INSERT INTO `sys_user` VALUES (6, 101, 'test04', 'test04', 'sys_user', '', '', '0', '', '$2a$10$FH9R/Swubpy/0Shjly10Ref8Qd3X2F6W.b7mi8Ft3fZJ/8VYTqOCW', '0', '2', '', NULL, 'admin', '2022-09-12 19:56:26', 'admin', '2022-09-12 19:56:26', NULL);
INSERT INTO `sys_user` VALUES (1569245585432358914, 109, 'test01', 'test01', 'sys_user', '', '', '0', 'http://127.0.0.1:9000/erahub/2022/11/03/f7b4be827e554cb0ac4ac31fb16b0c33.jpg', '$2a$10$dkRxXcQOGg8VviVsdmvzCOOqWNAJWPainhFcGNIcaQ/Sq0WsGC33a', '0', '2', '', NULL, 'admin', '2022-09-12 16:44:37', 'admin', '2022-11-05 18:37:56', NULL);
INSERT INTO `sys_user` VALUES (1569246527183630337, 100, 'test02', 'test02', 'sys_user', '', '', '0', '', '$2a$10$b23OzYJjt0x7fVMYhHJNDej3R9DWP2MFa83LdcZY9ArhobhfstxWm', '0', '2', '', NULL, 'admin', '2022-09-12 16:48:22', 'admin', '2022-11-05 18:37:53', NULL);
INSERT INTO `sys_user` VALUES (1569254790117699586, 108, 'test03', 'test03', 'sys_user', '', '', '0', '', '$2a$10$bMaY30XqbcZ3lxc/1OK7eugTJRXFwBQyEni9YQwBKT7fWdz.nKTwe', '0', '2', '', NULL, 'admin', '2022-09-12 17:21:12', 'admin', '2022-09-12 17:21:12', NULL);
INSERT INTO `sys_user` VALUES (1588845214859759618, 104, 'test', '管理员', 'sys_user', '', '', '0', '', '$2a$10$WBzj3C/Q0SZ5Q/d16jhfG.2mZXwRI9PBKB0a5z0TW3oKSHiFiMmLO', '0', '0', '', NULL, 'admin', '2022-11-05 18:46:33', 'admin', '2022-11-05 18:46:33', NULL);
INSERT INTO `sys_user` VALUES (1588845286838210561, 106, 'test01', 'test01', 'sys_user', '', '', '0', '', '$2a$10$WQv5nUNwrvBWQZI3eXzArOJAuL5UXQTDc1cAvA/xQ/a4DCPOCN5sG', '0', '0', '', NULL, 'admin', '2022-11-05 18:46:50', 'admin', '2022-11-05 18:46:50', NULL);

-- ----------------------------
-- Table structure for sys_user_post
-- ----------------------------
DROP TABLE IF EXISTS `sys_user_post`;
CREATE TABLE `sys_user_post`  (
  `user_id` bigint(0) NOT NULL COMMENT '用户ID',
  `post_id` bigint(0) NOT NULL COMMENT '岗位ID',
  PRIMARY KEY (`user_id`, `post_id`) USING BTREE
) ENGINE = InnoDB CHARACTER SET = utf8 COLLATE = utf8_general_ci COMMENT = '用户与岗位关联表' ROW_FORMAT = Dynamic;

-- ----------------------------
-- Records of sys_user_post
-- ----------------------------
INSERT INTO `sys_user_post` VALUES (1, 1);
INSERT INTO `sys_user_post` VALUES (1588845214859759618, 4);
INSERT INTO `sys_user_post` VALUES (1588845286838210561, 4);

-- ----------------------------
-- Table structure for sys_user_role
-- ----------------------------
DROP TABLE IF EXISTS `sys_user_role`;
CREATE TABLE `sys_user_role`  (
  `user_id` bigint(0) NOT NULL COMMENT '用户ID',
  `role_id` bigint(0) NOT NULL COMMENT '角色ID',
  PRIMARY KEY (`user_id`, `role_id`) USING BTREE
) ENGINE = InnoDB CHARACTER SET = utf8 COLLATE = utf8_general_ci COMMENT = '用户和角色关联表' ROW_FORMAT = Dynamic;

-- ----------------------------
-- Records of sys_user_role
-- ----------------------------
INSERT INTO `sys_user_role` VALUES (1, 1);
INSERT INTO `sys_user_role` VALUES (1588845214859759618, 1588844816627372034);
INSERT INTO `sys_user_role` VALUES (1588845286838210561, 1588845036673142786);

-- ----------------------------
-- Table structure for test_demo
-- ----------------------------
DROP TABLE IF EXISTS `test_demo`;
CREATE TABLE `test_demo`  (
  `id` bigint(0) NOT NULL COMMENT '主键',
  `dept_id` bigint(0) NULL DEFAULT NULL COMMENT '部门id',
  `user_id` bigint(0) NULL DEFAULT NULL COMMENT '用户id',
  `order_num` int(0) NULL DEFAULT 0 COMMENT '排序号',
  `test_key` varchar(255) CHARACTER SET utf8 COLLATE utf8_general_ci NULL DEFAULT NULL COMMENT 'key键',
  `value` varchar(255) CHARACTER SET utf8 COLLATE utf8_general_ci NULL DEFAULT NULL COMMENT '值',
  `version` int(0) NULL DEFAULT 0 COMMENT '版本',
  `create_time` datetime(0) NULL DEFAULT NULL COMMENT '创建时间',
  `create_by` varchar(64) CHARACTER SET utf8 COLLATE utf8_general_ci NULL DEFAULT NULL COMMENT '创建人',
  `update_time` datetime(0) NULL DEFAULT NULL COMMENT '更新时间',
  `update_by` varchar(64) CHARACTER SET utf8 COLLATE utf8_general_ci NULL DEFAULT NULL COMMENT '更新人',
  `del_flag` int(0) NULL DEFAULT 0 COMMENT '删除标志',
  PRIMARY KEY (`id`) USING BTREE
) ENGINE = InnoDB CHARACTER SET = utf8 COLLATE = utf8_general_ci COMMENT = '测试单表' ROW_FORMAT = Dynamic;

-- ----------------------------
-- Records of test_demo
-- ----------------------------
INSERT INTO `test_demo` VALUES (1, 102, 4, 1, '测试数据权限', '测试', 0, '2022-09-10 17:10:57', 'admin', NULL, NULL, 0);
INSERT INTO `test_demo` VALUES (2, 102, 3, 2, '子节点1', '111', 0, '2022-09-10 17:10:57', 'admin', NULL, NULL, 0);
INSERT INTO `test_demo` VALUES (3, 102, 3, 3, '子节点2', '222', 0, '2022-09-10 17:10:57', 'admin', NULL, NULL, 0);
INSERT INTO `test_demo` VALUES (4, 108, 4, 4, '测试数据', 'demo', 0, '2022-09-10 17:10:57', 'admin', NULL, NULL, 0);
INSERT INTO `test_demo` VALUES (5, 108, 3, 13, '子节点11', '1111', 0, '2022-09-10 17:10:57', 'admin', NULL, NULL, 0);
INSERT INTO `test_demo` VALUES (6, 108, 3, 12, '子节点22', '2222', 0, '2022-09-10 17:10:57', 'admin', NULL, NULL, 0);
INSERT INTO `test_demo` VALUES (7, 108, 3, 11, '子节点33', '3333', 0, '2022-09-10 17:10:57', 'admin', NULL, NULL, 0);
INSERT INTO `test_demo` VALUES (8, 108, 3, 10, '子节点44', '4444', 0, '2022-09-10 17:10:57', 'admin', NULL, NULL, 0);
INSERT INTO `test_demo` VALUES (9, 108, 3, 9, '子节点55', '5555', 0, '2022-09-10 17:10:57', 'admin', NULL, NULL, 0);
INSERT INTO `test_demo` VALUES (10, 108, 3, 8, '子节点66', '6666', 0, '2022-09-10 17:10:57', 'admin', NULL, NULL, 0);
INSERT INTO `test_demo` VALUES (11, 108, 3, 7, '子节点77', '7777', 0, '2022-09-10 17:10:57', 'admin', NULL, NULL, 0);
INSERT INTO `test_demo` VALUES (12, 108, 3, 6, '子节点88', '8888', 0, '2022-09-10 17:10:57', 'admin', NULL, NULL, 0);
INSERT INTO `test_demo` VALUES (13, 108, 3, 5, '子节点99', '9999', 0, '2022-09-10 17:10:57', 'admin', NULL, NULL, 0);

-- ----------------------------
-- Table structure for test_tree
-- ----------------------------
DROP TABLE IF EXISTS `test_tree`;
CREATE TABLE `test_tree`  (
  `id` bigint(0) NOT NULL COMMENT '主键',
  `parent_id` bigint(0) NULL DEFAULT 0 COMMENT '父id',
  `dept_id` bigint(0) NULL DEFAULT NULL COMMENT '部门id',
  `user_id` bigint(0) NULL DEFAULT NULL COMMENT '用户id',
  `tree_name` varchar(255) CHARACTER SET utf8 COLLATE utf8_general_ci NULL DEFAULT NULL COMMENT '值',
  `version` int(0) NULL DEFAULT 0 COMMENT '版本',
  `create_time` datetime(0) NULL DEFAULT NULL COMMENT '创建时间',
  `create_by` varchar(64) CHARACTER SET utf8 COLLATE utf8_general_ci NULL DEFAULT NULL COMMENT '创建人',
  `update_time` datetime(0) NULL DEFAULT NULL COMMENT '更新时间',
  `update_by` varchar(64) CHARACTER SET utf8 COLLATE utf8_general_ci NULL DEFAULT NULL COMMENT '更新人',
  `del_flag` int(0) NULL DEFAULT 0 COMMENT '删除标志',
  PRIMARY KEY (`id`) USING BTREE
) ENGINE = InnoDB CHARACTER SET = utf8 COLLATE = utf8_general_ci COMMENT = '测试树表' ROW_FORMAT = Dynamic;

-- ----------------------------
-- Records of test_tree
-- ----------------------------
INSERT INTO `test_tree` VALUES (1, 0, 102, 4, '测试数据权限', 0, '2022-09-10 17:10:57', 'admin', NULL, NULL, 0);
INSERT INTO `test_tree` VALUES (2, 1, 102, 3, '子节点1', 0, '2022-09-10 17:10:57', 'admin', NULL, NULL, 0);
INSERT INTO `test_tree` VALUES (3, 2, 102, 3, '子节点2', 0, '2022-09-10 17:10:57', 'admin', NULL, NULL, 0);
INSERT INTO `test_tree` VALUES (4, 0, 108, 4, '测试树1', 0, '2022-09-10 17:10:57', 'admin', NULL, NULL, 0);
INSERT INTO `test_tree` VALUES (5, 4, 108, 3, '子节点11', 0, '2022-09-10 17:10:57', 'admin', NULL, NULL, 0);
INSERT INTO `test_tree` VALUES (6, 4, 108, 3, '子节点22', 0, '2022-09-10 17:10:57', 'admin', NULL, NULL, 0);
INSERT INTO `test_tree` VALUES (7, 4, 108, 3, '子节点33', 0, '2022-09-10 17:10:57', 'admin', NULL, NULL, 0);
INSERT INTO `test_tree` VALUES (8, 5, 108, 3, '子节点44', 0, '2022-09-10 17:10:57', 'admin', NULL, NULL, 0);
INSERT INTO `test_tree` VALUES (9, 6, 108, 3, '子节点55', 0, '2022-09-10 17:10:57', 'admin', NULL, NULL, 0);
INSERT INTO `test_tree` VALUES (10, 7, 108, 3, '子节点66', 0, '2022-09-10 17:10:57', 'admin', NULL, NULL, 0);
INSERT INTO `test_tree` VALUES (11, 7, 108, 3, '子节点77', 0, '2022-09-10 17:10:57', 'admin', NULL, NULL, 0);
INSERT INTO `test_tree` VALUES (12, 10, 108, 3, '子节点88', 0, '2022-09-10 17:10:57', 'admin', NULL, NULL, 0);
INSERT INTO `test_tree` VALUES (13, 10, 108, 3, '子节点99', 0, '2022-09-10 17:10:57', 'admin', NULL, NULL, 0);

-- ----------------------------
-- Table structure for to_gen_table
-- ----------------------------
DROP TABLE IF EXISTS `to_gen_table`;
CREATE TABLE `to_gen_table`  (
  `table_id` bigint(0) NOT NULL COMMENT '编号',
  `table_name` varchar(200) CHARACTER SET utf8 COLLATE utf8_general_ci NULL DEFAULT '' COMMENT '表名称',
  `table_comment` varchar(500) CHARACTER SET utf8 COLLATE utf8_general_ci NULL DEFAULT '' COMMENT '表描述',
  `sub_table_name` varchar(64) CHARACTER SET utf8 COLLATE utf8_general_ci NULL DEFAULT NULL COMMENT '关联子表的表名',
  `sub_table_fk_name` varchar(64) CHARACTER SET utf8 COLLATE utf8_general_ci NULL DEFAULT NULL COMMENT '子表关联的外键名',
  `class_name` varchar(100) CHARACTER SET utf8 COLLATE utf8_general_ci NULL DEFAULT '' COMMENT '实体类名称',
  `tpl_category` varchar(200) CHARACTER SET utf8 COLLATE utf8_general_ci NULL DEFAULT 'crud' COMMENT '使用的模板（crud单表操作 tree树表操作）',
  `package_name` varchar(100) CHARACTER SET utf8 COLLATE utf8_general_ci NULL DEFAULT NULL COMMENT '生成包路径',
  `module_name` varchar(30) CHARACTER SET utf8 COLLATE utf8_general_ci NULL DEFAULT NULL COMMENT '生成模块名',
  `business_name` varchar(30) CHARACTER SET utf8 COLLATE utf8_general_ci NULL DEFAULT NULL COMMENT '生成业务名',
  `function_name` varchar(50) CHARACTER SET utf8 COLLATE utf8_general_ci NULL DEFAULT NULL COMMENT '生成功能名',
  `function_author` varchar(50) CHARACTER SET utf8 COLLATE utf8_general_ci NULL DEFAULT NULL COMMENT '生成功能作者',
  `gen_type` char(1) CHARACTER SET utf8 COLLATE utf8_general_ci NULL DEFAULT '0' COMMENT '生成代码方式（0zip压缩包 1自定义路径）',
  `gen_path` varchar(200) CHARACTER SET utf8 COLLATE utf8_general_ci NULL DEFAULT '/' COMMENT '生成路径（不填默认项目路径）',
  `options` varchar(1000) CHARACTER SET utf8 COLLATE utf8_general_ci NULL DEFAULT NULL COMMENT '其它生成选项',
  `create_by` varchar(64) CHARACTER SET utf8 COLLATE utf8_general_ci NULL DEFAULT '' COMMENT '创建者',
  `create_time` datetime(0) NULL DEFAULT NULL COMMENT '创建时间',
  `update_by` varchar(64) CHARACTER SET utf8 COLLATE utf8_general_ci NULL DEFAULT '' COMMENT '更新者',
  `update_time` datetime(0) NULL DEFAULT NULL COMMENT '更新时间',
  `remark` varchar(500) CHARACTER SET utf8 COLLATE utf8_general_ci NULL DEFAULT NULL COMMENT '备注',
  PRIMARY KEY (`table_id`) USING BTREE
) ENGINE = InnoDB CHARACTER SET = utf8 COLLATE = utf8_general_ci COMMENT = '代码生成业务表' ROW_FORMAT = Dynamic;

-- ----------------------------
-- Records of to_gen_table
-- ----------------------------
INSERT INTO `to_gen_table` VALUES (1574229171989590017, 'sys_user', '用户信息表', NULL, NULL, 'SysUser', 'crud', 'com.erahub.cr', 'cr', 'cr', '财务', 'erahub', '0', '/', '{\"treeCode\":null,\"treeName\":null,\"treeParentCode\":null,\"parentMenuId\":\"5\"}', 'admin', '2022-09-17 08:51:19', 'admin', '2022-11-05 18:08:57', NULL);
INSERT INTO `to_gen_table` VALUES (1574291627189415937, 'sys_dict_data', '字典数据表', NULL, NULL, 'SysDictData', 'crud', 'com.erahub.system', 'system', 'data', '字典数据', 'erahub', '0', '/', NULL, 'admin', '2022-09-17 08:51:18', 'admin', '2022-09-17 08:51:18', NULL);
INSERT INTO `to_gen_table` VALUES (1574291628342849537, 'sys_dict_type', '字典类型表', NULL, NULL, 'SysDictType', 'crud', 'com.erahub.system', 'system', 'type', '字典类型', 'erahub', '0', '/', NULL, 'admin', '2022-09-17 08:51:18', 'admin', '2022-09-17 08:51:18', NULL);
INSERT INTO `to_gen_table` VALUES (1589069463323025409, 'sys_logininfor', '系统访问记录', NULL, NULL, 'SysLogininfor', 'crud', 'com.erahub.base', 'base', 'logininfor', '系统访问记录', 'erahub', '0', '/', NULL, 'admin', '2022-10-11 18:11:39', 'admin', '2022-10-11 18:11:39', NULL);
INSERT INTO `to_gen_table` VALUES (1589073210258391042, 'bs_oss', 'OSS对象存储表', NULL, NULL, 'BsOss', 'crud', 'com.erahub.base.tool', 'base', 'oss', 'OSS对象存储', 'erahub', '0', '/', '{\"treeCode\":null,\"treeName\":null,\"treeParentCode\":null,\"parentMenuId\":\"1588742925398171649\"}', 'admin', '2022-09-29 18:05:13', 'admin', '2022-11-06 09:53:43', NULL);

-- ----------------------------
-- Table structure for to_gen_table_column
-- ----------------------------
DROP TABLE IF EXISTS `to_gen_table_column`;
CREATE TABLE `to_gen_table_column`  (
  `column_id` bigint(0) NOT NULL COMMENT '编号',
  `table_id` bigint(0) NULL DEFAULT NULL COMMENT '归属表编号',
  `column_name` varchar(200) CHARACTER SET utf8 COLLATE utf8_general_ci NULL DEFAULT NULL COMMENT '列名称',
  `column_comment` varchar(500) CHARACTER SET utf8 COLLATE utf8_general_ci NULL DEFAULT NULL COMMENT '列描述',
  `column_type` varchar(100) CHARACTER SET utf8 COLLATE utf8_general_ci NULL DEFAULT NULL COMMENT '列类型',
  `java_type` varchar(500) CHARACTER SET utf8 COLLATE utf8_general_ci NULL DEFAULT NULL COMMENT 'JAVA类型',
  `java_field` varchar(200) CHARACTER SET utf8 COLLATE utf8_general_ci NULL DEFAULT NULL COMMENT 'JAVA字段名',
  `is_pk` char(1) CHARACTER SET utf8 COLLATE utf8_general_ci NULL DEFAULT NULL COMMENT '是否主键（1是）',
  `is_increment` char(1) CHARACTER SET utf8 COLLATE utf8_general_ci NULL DEFAULT NULL COMMENT '是否自增（1是）',
  `is_required` char(1) CHARACTER SET utf8 COLLATE utf8_general_ci NULL DEFAULT NULL COMMENT '是否必填（1是）',
  `is_insert` char(1) CHARACTER SET utf8 COLLATE utf8_general_ci NULL DEFAULT NULL COMMENT '是否为插入字段（1是）',
  `is_edit` char(1) CHARACTER SET utf8 COLLATE utf8_general_ci NULL DEFAULT NULL COMMENT '是否编辑字段（1是）',
  `is_list` char(1) CHARACTER SET utf8 COLLATE utf8_general_ci NULL DEFAULT NULL COMMENT '是否列表字段（1是）',
  `is_query` char(1) CHARACTER SET utf8 COLLATE utf8_general_ci NULL DEFAULT NULL COMMENT '是否查询字段（1是）',
  `query_type` varchar(200) CHARACTER SET utf8 COLLATE utf8_general_ci NULL DEFAULT 'EQ' COMMENT '查询方式（等于、不等于、大于、小于、范围）',
  `html_type` varchar(200) CHARACTER SET utf8 COLLATE utf8_general_ci NULL DEFAULT NULL COMMENT '显示类型（文本框、文本域、下拉框、复选框、单选框、日期控件）',
  `dict_type` varchar(200) CHARACTER SET utf8 COLLATE utf8_general_ci NULL DEFAULT '' COMMENT '字典类型',
  `sort` int(0) NULL DEFAULT NULL COMMENT '排序',
  `create_by` varchar(64) CHARACTER SET utf8 COLLATE utf8_general_ci NULL DEFAULT '' COMMENT '创建者',
  `create_time` datetime(0) NULL DEFAULT NULL COMMENT '创建时间',
  `update_by` varchar(64) CHARACTER SET utf8 COLLATE utf8_general_ci NULL DEFAULT '' COMMENT '更新者',
  `update_time` datetime(0) NULL DEFAULT NULL COMMENT '更新时间',
  PRIMARY KEY (`column_id`) USING BTREE
) ENGINE = InnoDB CHARACTER SET = utf8 COLLATE = utf8_general_ci COMMENT = '代码生成业务表字段' ROW_FORMAT = Dynamic;

-- ----------------------------
-- Records of to_gen_table_column
-- ----------------------------
INSERT INTO `to_gen_table_column` VALUES (1574229172060893186, 1574229171989590017, 'user_id', '用户ID', 'bigint', 'Long', 'userId', '1', '0', '1', NULL, '1', '1', NULL, 'EQ', 'input', '', 1, 'admin', '2022-09-26 10:47:37', 'admin', '2022-11-05 18:08:57');
INSERT INTO `to_gen_table_column` VALUES (1574229172081864706, 1574229171989590017, 'dept_id', '部门ID', 'bigint', 'Long', 'deptId', '0', '0', '1', '1', '1', '1', '1', 'EQ', 'input', '', 2, 'admin', '2022-09-26 10:47:37', 'admin', '2022-11-05 18:08:57');
INSERT INTO `to_gen_table_column` VALUES (1574229172098641922, 1574229171989590017, 'user_name', '用户账号', 'varchar(30)', 'String', 'userName', '0', '0', '1', '1', '1', '1', '1', 'LIKE', 'input', '', 3, 'admin', '2022-09-26 10:47:37', 'admin', '2022-11-05 18:08:57');
INSERT INTO `to_gen_table_column` VALUES (1574229172107030529, 1574229171989590017, 'nick_name', '用户昵称', 'varchar(30)', 'String', 'nickName', '0', '0', '1', '1', '1', '1', '1', 'LIKE', 'input', '', 4, 'admin', '2022-09-26 10:47:37', 'admin', '2022-11-05 18:08:57');
INSERT INTO `to_gen_table_column` VALUES (1574229172123807745, 1574229171989590017, 'user_type', '用户类型（sys_user系统用户）', 'varchar(10)', 'String', 'userType', '0', '0', '1', '1', '1', '1', '1', 'EQ', 'select', '', 5, 'admin', '2022-09-26 10:47:37', 'admin', '2022-11-05 18:08:57');
INSERT INTO `to_gen_table_column` VALUES (1574229172132196353, 1574229171989590017, 'email', '用户邮箱', 'varchar(50)', 'String', 'email', '0', '0', '1', '1', '1', '1', '1', 'EQ', 'input', '', 6, 'admin', '2022-09-26 10:47:37', 'admin', '2022-11-05 18:08:57');
INSERT INTO `to_gen_table_column` VALUES (1574229172140584961, 1574229171989590017, 'phonenumber', '手机号码', 'varchar(11)', 'String', 'phonenumber', '0', '0', '1', '1', '1', '1', '1', 'EQ', 'input', '', 7, 'admin', '2022-09-26 10:47:37', 'admin', '2022-11-05 18:08:57');
INSERT INTO `to_gen_table_column` VALUES (1574229172157362178, 1574229171989590017, 'sex', '用户性别（0男 1女 2未知）', 'char(1)', 'String', 'sex', '0', '0', '1', '1', '1', '1', '1', 'EQ', 'select', '', 8, 'admin', '2022-09-26 10:47:37', 'admin', '2022-11-05 18:08:57');
INSERT INTO `to_gen_table_column` VALUES (1574229172174139394, 1574229171989590017, 'avatar', '头像地址', 'varchar(100)', 'String', 'avatar', '0', '0', '1', '1', '1', '1', '1', 'EQ', 'input', '', 9, 'admin', '2022-09-26 10:47:37', 'admin', '2022-11-05 18:08:57');
INSERT INTO `to_gen_table_column` VALUES (1574229172186722305, 1574229171989590017, 'password', '密码', 'varchar(100)', 'String', 'password', '0', '0', '1', '1', '1', '1', '1', 'EQ', 'input', '', 10, 'admin', '2022-09-26 10:47:37', 'admin', '2022-11-05 18:08:57');
INSERT INTO `to_gen_table_column` VALUES (1574229172195110913, 1574229171989590017, 'status', '帐号状态（0正常 1停用）', 'char(1)', 'String', 'status', '0', '0', '1', '1', '1', '1', '1', 'EQ', 'radio', '', 11, 'admin', '2022-09-26 10:47:37', 'admin', '2022-11-05 18:08:57');
INSERT INTO `to_gen_table_column` VALUES (1574229172211888130, 1574229171989590017, 'del_flag', '删除标志（0代表存在 2代表删除）', 'char(1)', 'String', 'delFlag', '0', '0', NULL, NULL, NULL, NULL, NULL, 'EQ', 'input', '', 12, 'admin', '2022-09-26 10:47:37', 'admin', '2022-11-05 18:08:57');
INSERT INTO `to_gen_table_column` VALUES (1574229172220276738, 1574229171989590017, 'login_ip', '最后登录IP', 'varchar(128)', 'String', 'loginIp', '0', '0', '1', '1', '1', '1', '1', 'EQ', 'input', '', 13, 'admin', '2022-09-26 10:47:37', 'admin', '2022-11-05 18:08:57');
INSERT INTO `to_gen_table_column` VALUES (1574229172245442562, 1574229171989590017, 'login_date', '最后登录时间', 'datetime', 'Date', 'loginDate', '0', '0', '1', '1', '1', '1', '1', 'EQ', 'datetime', '', 14, 'admin', '2022-09-26 10:47:37', 'admin', '2022-11-05 18:08:57');
INSERT INTO `to_gen_table_column` VALUES (1574229172262219778, 1574229171989590017, 'create_by', '创建者', 'varchar(64)', 'String', 'createBy', '0', '0', NULL, NULL, NULL, NULL, NULL, 'EQ', 'input', '', 15, 'admin', '2022-09-26 10:47:37', 'admin', '2022-11-05 18:08:57');
INSERT INTO `to_gen_table_column` VALUES (1574229172283191298, 1574229171989590017, 'create_time', '创建时间', 'datetime', 'Date', 'createTime', '0', '0', NULL, NULL, NULL, NULL, NULL, 'EQ', 'datetime', '', 16, 'admin', '2022-09-26 10:47:37', 'admin', '2022-11-05 18:08:57');
INSERT INTO `to_gen_table_column` VALUES (1574229172291579905, 1574229171989590017, 'update_by', '更新者', 'varchar(64)', 'String', 'updateBy', '0', '0', NULL, NULL, NULL, NULL, NULL, 'EQ', 'input', '', 17, 'admin', '2022-09-26 10:47:37', 'admin', '2022-11-05 18:08:57');
INSERT INTO `to_gen_table_column` VALUES (1574229172320940033, 1574229171989590017, 'update_time', '更新时间', 'datetime', 'Date', 'updateTime', '0', '0', NULL, NULL, NULL, NULL, NULL, 'EQ', 'datetime', '', 18, 'admin', '2022-09-26 10:47:37', 'admin', '2022-11-05 18:08:57');
INSERT INTO `to_gen_table_column` VALUES (1574229172329328642, 1574229171989590017, 'remark', '备注', 'varchar(500)', 'String', 'remark', '0', '0', '1', '1', '1', '1', NULL, 'EQ', 'textarea', '', 19, 'admin', '2022-09-26 10:47:37', 'admin', '2022-11-05 18:08:57');
INSERT INTO `to_gen_table_column` VALUES (1574291628070219777, 1574291627189415937, 'dict_code', '字典编码', 'bigint', 'Long', 'dictCode', '1', '0', '1', NULL, '1', '1', NULL, 'EQ', 'input', '', 1, 'admin', '2022-09-26 14:55:48', 'admin', '2022-09-26 14:55:48');
INSERT INTO `to_gen_table_column` VALUES (1574291628086996994, 1574291627189415937, 'dict_sort', '字典排序', 'int', 'Long', 'dictSort', '0', '0', '1', '1', '1', '1', '1', 'EQ', 'input', '', 2, 'admin', '2022-09-26 14:55:48', 'admin', '2022-09-26 14:55:48');
INSERT INTO `to_gen_table_column` VALUES (1574291628103774210, 1574291627189415937, 'dict_label', '字典标签', 'varchar(100)', 'String', 'dictLabel', '0', '0', '1', '1', '1', '1', '1', 'EQ', 'input', '', 3, 'admin', '2022-09-26 14:55:48', 'admin', '2022-09-26 14:55:48');
INSERT INTO `to_gen_table_column` VALUES (1574291628116357122, 1574291627189415937, 'dict_value', '字典键值', 'varchar(100)', 'String', 'dictValue', '0', '0', '1', '1', '1', '1', '1', 'EQ', 'input', '', 4, 'admin', '2022-09-26 14:55:48', 'admin', '2022-09-26 14:55:48');
INSERT INTO `to_gen_table_column` VALUES (1574291628120551425, 1574291627189415937, 'dict_type', '字典类型', 'varchar(100)', 'String', 'dictType', '0', '0', '1', '1', '1', '1', '1', 'EQ', 'select', '', 5, 'admin', '2022-09-26 14:55:48', 'admin', '2022-09-26 14:55:48');
INSERT INTO `to_gen_table_column` VALUES (1574291628149911554, 1574291627189415937, 'css_class', '样式属性（其他样式扩展）', 'varchar(100)', 'String', 'cssClass', '0', '0', '1', '1', '1', '1', '1', 'EQ', 'input', '', 6, 'admin', '2022-09-26 14:55:48', 'admin', '2022-09-26 14:55:48');
INSERT INTO `to_gen_table_column` VALUES (1574291628179271682, 1574291627189415937, 'list_class', '表格回显样式', 'varchar(100)', 'String', 'listClass', '0', '0', '1', '1', '1', '1', '1', 'EQ', 'input', '', 7, 'admin', '2022-09-26 14:55:48', 'admin', '2022-09-26 14:55:48');
INSERT INTO `to_gen_table_column` VALUES (1574291628191854594, 1574291627189415937, 'is_default', '是否默认（Y是 N否）', 'char(1)', 'String', 'isDefault', '0', '0', '1', '1', '1', '1', '1', 'EQ', 'input', '', 8, 'admin', '2022-09-26 14:55:48', 'admin', '2022-09-26 14:55:48');
INSERT INTO `to_gen_table_column` VALUES (1574291628196048897, 1574291627189415937, 'status', '状态（0正常 1停用）', 'char(1)', 'String', 'status', '0', '0', '1', '1', '1', '1', '1', 'EQ', 'radio', '', 9, 'admin', '2022-09-26 14:55:48', 'admin', '2022-09-26 14:55:48');
INSERT INTO `to_gen_table_column` VALUES (1574291628212826113, 1574291627189415937, 'create_by', '创建者', 'varchar(64)', 'String', 'createBy', '0', '0', NULL, NULL, NULL, NULL, NULL, 'EQ', 'input', '', 10, 'admin', '2022-09-26 14:55:48', 'admin', '2022-09-26 14:55:48');
INSERT INTO `to_gen_table_column` VALUES (1574291628221214721, 1574291627189415937, 'create_time', '创建时间', 'datetime', 'Date', 'createTime', '0', '0', NULL, NULL, NULL, NULL, NULL, 'EQ', 'datetime', '', 11, 'admin', '2022-09-26 14:55:48', 'admin', '2022-09-26 14:55:48');
INSERT INTO `to_gen_table_column` VALUES (1574291628233797633, 1574291627189415937, 'update_by', '更新者', 'varchar(64)', 'String', 'updateBy', '0', '0', NULL, NULL, NULL, NULL, NULL, 'EQ', 'input', '', 12, 'admin', '2022-09-26 14:55:48', 'admin', '2022-09-26 14:55:48');
INSERT INTO `to_gen_table_column` VALUES (1574291628250574850, 1574291627189415937, 'update_time', '更新时间', 'datetime', 'Date', 'updateTime', '0', '0', NULL, NULL, NULL, NULL, NULL, 'EQ', 'datetime', '', 13, 'admin', '2022-09-26 14:55:48', 'admin', '2022-09-26 14:55:48');
INSERT INTO `to_gen_table_column` VALUES (1574291628263157762, 1574291627189415937, 'remark', '备注', 'varchar(500)', 'String', 'remark', '0', '0', '1', '1', '1', '1', NULL, 'EQ', 'textarea', '', 14, 'admin', '2022-09-26 14:55:48', 'admin', '2022-09-26 14:55:48');
INSERT INTO `to_gen_table_column` VALUES (1574291628401569794, 1574291628342849537, 'dict_id', '字典主键', 'bigint', 'Long', 'dictId', '1', '0', '1', NULL, '1', '1', NULL, 'EQ', 'input', '', 1, 'admin', '2022-09-26 14:55:48', 'admin', '2022-09-26 14:55:48');
INSERT INTO `to_gen_table_column` VALUES (1574291628435124226, 1574291628342849537, 'dict_name', '字典名称', 'varchar(100)', 'String', 'dictName', '0', '0', '1', '1', '1', '1', '1', 'LIKE', 'input', '', 2, 'admin', '2022-09-26 14:55:48', 'admin', '2022-09-26 14:55:48');
INSERT INTO `to_gen_table_column` VALUES (1574291628451901442, 1574291628342849537, 'dict_type', '字典类型', 'varchar(100)', 'String', 'dictType', '0', '0', '1', '1', '1', '1', '1', 'EQ', 'select', '', 3, 'admin', '2022-09-26 14:55:48', 'admin', '2022-09-26 14:55:48');
INSERT INTO `to_gen_table_column` VALUES (1574291628460290050, 1574291628342849537, 'status', '状态（0正常 1停用）', 'char(1)', 'String', 'status', '0', '0', '1', '1', '1', '1', '1', 'EQ', 'radio', '', 4, 'admin', '2022-09-26 14:55:48', 'admin', '2022-09-26 14:55:48');
INSERT INTO `to_gen_table_column` VALUES (1574291628472872961, 1574291628342849537, 'create_by', '创建者', 'varchar(64)', 'String', 'createBy', '0', '0', NULL, NULL, NULL, NULL, NULL, 'EQ', 'input', '', 5, 'admin', '2022-09-26 14:55:48', 'admin', '2022-09-26 14:55:48');
INSERT INTO `to_gen_table_column` VALUES (1574291628485455874, 1574291628342849537, 'create_time', '创建时间', 'datetime', 'Date', 'createTime', '0', '0', NULL, NULL, NULL, NULL, NULL, 'EQ', 'datetime', '', 6, 'admin', '2022-09-26 14:55:48', 'admin', '2022-09-26 14:55:48');
INSERT INTO `to_gen_table_column` VALUES (1574291628498038785, 1574291628342849537, 'update_by', '更新者', 'varchar(64)', 'String', 'updateBy', '0', '0', NULL, NULL, NULL, NULL, NULL, 'EQ', 'input', '', 7, 'admin', '2022-09-26 14:55:48', 'admin', '2022-09-26 14:55:48');
INSERT INTO `to_gen_table_column` VALUES (1574291628514816002, 1574291628342849537, 'update_time', '更新时间', 'datetime', 'Date', 'updateTime', '0', '0', NULL, NULL, NULL, NULL, NULL, 'EQ', 'datetime', '', 8, 'admin', '2022-09-26 14:55:48', 'admin', '2022-09-26 14:55:48');
INSERT INTO `to_gen_table_column` VALUES (1574291628527398914, 1574291628342849537, 'remark', '备注', 'varchar(500)', 'String', 'remark', '0', '0', '1', '1', '1', '1', NULL, 'EQ', 'textarea', '', 9, 'admin', '2022-09-26 14:55:48', 'admin', '2022-09-26 14:55:48');
INSERT INTO `to_gen_table_column` VALUES (1589069463453048834, 1589069463323025409, 'info_id', '访问ID', 'bigint', 'Long', 'infoId', '1', '0', '1', NULL, '1', '1', NULL, 'EQ', 'input', '', 1, 'admin', '2022-11-06 09:37:38', 'admin', '2022-11-06 09:37:38');
INSERT INTO `to_gen_table_column` VALUES (1589069463453048835, 1589069463323025409, 'user_name', '用户账号', 'varchar(50)', 'String', 'userName', '0', '0', '1', '1', '1', '1', '1', 'LIKE', 'input', '', 2, 'admin', '2022-11-06 09:37:38', 'admin', '2022-11-06 09:37:38');
INSERT INTO `to_gen_table_column` VALUES (1589069463453048836, 1589069463323025409, 'ipaddr', '登录IP地址', 'varchar(128)', 'String', 'ipaddr', '0', '0', '1', '1', '1', '1', '1', 'EQ', 'input', '', 3, 'admin', '2022-11-06 09:37:38', 'admin', '2022-11-06 09:37:38');
INSERT INTO `to_gen_table_column` VALUES (1589069463453048837, 1589069463323025409, 'status', '登录状态（0成功 1失败）', 'char(1)', 'String', 'status', '0', '0', '1', '1', '1', '1', '1', 'EQ', 'radio', '', 4, 'admin', '2022-11-06 09:37:38', 'admin', '2022-11-06 09:37:38');
INSERT INTO `to_gen_table_column` VALUES (1589069463453048838, 1589069463323025409, 'msg', '提示信息', 'varchar(255)', 'String', 'msg', '0', '0', '1', '1', '1', '1', '1', 'EQ', 'input', '', 5, 'admin', '2022-11-06 09:37:38', 'admin', '2022-11-06 09:37:38');
INSERT INTO `to_gen_table_column` VALUES (1589069463453048839, 1589069463323025409, 'access_time', '访问时间', 'datetime', 'Date', 'accessTime', '0', '0', '1', '1', '1', '1', '1', 'EQ', 'datetime', '', 6, 'admin', '2022-11-06 09:37:38', 'admin', '2022-11-06 09:37:38');
INSERT INTO `to_gen_table_column` VALUES (1589069463453048840, 1589069463323025409, 'login_location', '登录地址', 'varchar(255)', 'String', 'loginLocation', '0', '0', '1', '1', '1', '1', '1', 'EQ', 'input', '', 7, 'admin', '2022-11-06 09:37:38', 'admin', '2022-11-06 09:37:38');
INSERT INTO `to_gen_table_column` VALUES (1589069463453048841, 1589069463323025409, 'browser', '浏览器类型', 'varchar(255)', 'String', 'browser', '0', '0', '1', '1', '1', '1', '1', 'EQ', 'input', '', 8, 'admin', '2022-11-06 09:37:38', 'admin', '2022-11-06 09:37:38');
INSERT INTO `to_gen_table_column` VALUES (1589069463453048842, 1589069463323025409, 'os', '操作系统', 'varchar(255)', 'String', 'os', '0', '0', '1', '1', '1', '1', '1', 'EQ', 'input', '', 9, 'admin', '2022-11-06 09:37:38', 'admin', '2022-11-06 09:37:38');
INSERT INTO `to_gen_table_column` VALUES (1589073210325499906, 1589073210258391042, 'oss_id', '对象存储主键', 'bigint', 'Long', 'ossId', '1', '0', '1', NULL, '1', '1', NULL, 'EQ', 'input', '', 1, 'admin', '2022-11-06 09:52:32', 'admin', '2022-11-06 09:53:43');
INSERT INTO `to_gen_table_column` VALUES (1589073210333888513, 1589073210258391042, 'file_name', '文件名', 'varchar(255)', 'String', 'fileName', '0', '0', '1', '1', '1', '1', '1', 'LIKE', 'input', '', 2, 'admin', '2022-11-06 09:52:32', 'admin', '2022-11-06 09:53:43');
INSERT INTO `to_gen_table_column` VALUES (1589073210333888514, 1589073210258391042, 'original_name', '原名', 'varchar(255)', 'String', 'originalName', '0', '0', '1', '1', '1', '1', '1', 'LIKE', 'input', '', 3, 'admin', '2022-11-06 09:52:32', 'admin', '2022-11-06 09:53:43');
INSERT INTO `to_gen_table_column` VALUES (1589073210333888515, 1589073210258391042, 'file_suffix', '文件后缀名', 'varchar(10)', 'String', 'fileSuffix', '0', '0', '1', '1', '1', '1', '1', 'EQ', 'input', '', 4, 'admin', '2022-11-06 09:52:32', 'admin', '2022-11-06 09:53:43');
INSERT INTO `to_gen_table_column` VALUES (1589073210333888516, 1589073210258391042, 'url', 'URL地址', 'varchar(500)', 'String', 'url', '0', '0', '1', '1', '1', '1', '1', 'EQ', 'textarea', '', 5, 'admin', '2022-11-06 09:52:32', 'admin', '2022-11-06 09:53:43');
INSERT INTO `to_gen_table_column` VALUES (1589073210333888517, 1589073210258391042, 'create_time', '创建时间', 'datetime', 'Date', 'createTime', '0', '0', NULL, NULL, NULL, NULL, NULL, 'EQ', 'datetime', '', 6, 'admin', '2022-11-06 09:52:32', 'admin', '2022-11-06 09:53:43');
INSERT INTO `to_gen_table_column` VALUES (1589073210333888518, 1589073210258391042, 'create_by', '上传人', 'varchar(64)', 'String', 'createBy', '0', '0', NULL, NULL, NULL, NULL, NULL, 'EQ', 'input', '', 7, 'admin', '2022-11-06 09:52:32', 'admin', '2022-11-06 09:53:43');
INSERT INTO `to_gen_table_column` VALUES (1589073210333888519, 1589073210258391042, 'update_time', '更新时间', 'datetime', 'Date', 'updateTime', '0', '0', NULL, NULL, NULL, NULL, NULL, 'EQ', 'datetime', '', 8, 'admin', '2022-11-06 09:52:32', 'admin', '2022-11-06 09:53:43');
INSERT INTO `to_gen_table_column` VALUES (1589073210333888520, 1589073210258391042, 'update_by', '更新人', 'varchar(64)', 'String', 'updateBy', '0', '0', NULL, NULL, NULL, NULL, NULL, 'EQ', 'input', '', 9, 'admin', '2022-11-06 09:52:32', 'admin', '2022-11-06 09:53:43');
INSERT INTO `to_gen_table_column` VALUES (1589073210333888521, 1589073210258391042, 'service', '服务商', 'varchar(10)', 'String', 'service', '0', '0', '1', '1', '1', '1', '1', 'EQ', 'input', '', 10, 'admin', '2022-11-06 09:52:32', 'admin', '2022-11-06 09:53:43');

-- ----------------------------
-- Table structure for undo_log
-- ----------------------------
DROP TABLE IF EXISTS `undo_log`;
CREATE TABLE `undo_log`  (
  `branch_id` bigint(0) NOT NULL COMMENT 'branch transaction id',
  `xid` varchar(100) CHARACTER SET utf8 COLLATE utf8_general_ci NOT NULL COMMENT 'global transaction id',
  `context` varchar(128) CHARACTER SET utf8 COLLATE utf8_general_ci NOT NULL COMMENT 'undo_log context,such as serialization',
  `rollback_info` longblob NOT NULL COMMENT 'rollback info',
  `log_status` int(0) NOT NULL COMMENT '0:normal status,1:defense status',
  `log_created` datetime(6) NOT NULL COMMENT 'create datetime',
  `log_modified` datetime(6) NOT NULL COMMENT 'modify datetime',
  UNIQUE INDEX `ux_undo_log`(`xid`, `branch_id`) USING BTREE
) ENGINE = InnoDB CHARACTER SET = utf8 COLLATE = utf8_general_ci COMMENT = 'AT transaction mode undo table' ROW_FORMAT = Dynamic;

-- ----------------------------
-- Records of undo_log
-- ----------------------------

SET FOREIGN_KEY_CHECKS = 1;
